timestamp,active_users,requests_per_min,orders_per_min,cpu_usage,memory_usage,network_usage,sales_type,event_name,event_active,event_announced,hours_until_event,event_duration_hours,event_intensity,upcoming_event
2026-01-01 00:00:00,368.94,225.29,13.69,34.9,29.8,17.16,Normal Sales,Normal Sales,0,0,-1.0,0,1.0,
2026-01-01 01:00:00,388.43,260.01,13.36,34.16,29.68,17.57,Normal Sales,Normal Sales,0,0,-1.0,0,1.0,
2026-01-01 02:00:00,364.36,178.07,6.34,27.52,28.17,17.08,Normal Sales,Normal Sales,0,0,-1.0,0,1.0,
2026-01-01 03:00:00,343.66,177.76,12.71,28.18,29.98,13.59,Normal Sales,Normal Sales,0,0,-1.0,0,1.0,
2026-01-01 04:00:00,350.2,219.9,9.79,31.64,28.75,16.91,Normal Sales,Normal Sales,0,0,-1.0,0,1.0,
2026-01-01 05:00:00,349.17,262.79,14.43,29.97,31.58,16.13,Normal Sales,Normal Sales,0,0,-1.0,0,1.0,
2026-01-01 06:00:00,525.43,276.78,12.57,35.15,34.41,19.26,Normal Sales,Normal Sales,0,0,-1.0,0,1.0,
2026-01-01 07:00:00,516.99,313.01,14.26,34.42,31.87,21.94,Normal Sales,Normal Sales,0,0,-1.0,0,1.0,
2026-01-01 08:00:00,528.93,283.86,16.26,34.04,31.64,20.32,Normal Sales,Normal Sales,0,0,-1.0,0,1.0,
2026-01-01 09:00:00,715.05,466.62,23.99,43.95,36.82,25.62,Normal Sales,Normal Sales,0,0,-1.0,0,1.0,
2026-01-01 10:00:00,663.71,406.86,20.16,38.63,36.91,24.88,Normal Sales,Normal Sales,0,0,-1.0,0,1.0,
2026-01-01 11:00:00,677.55,445.17,25.21,41.84,36.24,26.21,Normal Sales,Normal Sales,0,0,-1.0,0,1.0,
2026-01-01 12:00:00,678.78,459.96,20.06,46.18,35.71,22.9,Normal Sales,Normal Sales,0,0,-1.0,0,1.0,
2026-01-01 13:00:00,763.49,423.67,22.86,44.07,39.94,21.56,Normal Sales,Normal Sales,0,0,-1.0,0,1.0,
2026-01-01 14:00:00,729.28,439.61,26.01,44.44,35.34,24.02,Normal Sales,Normal Sales,0,0,-1.0,0,1.0,
2026-01-01 15:00:00,763.69,497.7,25.97,45.69,36.2,21.52,Normal Sales,Normal Sales,0,0,-1.0,0,1.0,
2026-01-01 16:00:00,771.25,484.7,26.67,45.4,34.28,23.28,Normal Sales,Normal Sales,0,0,-1.0,0,1.0,
2026-01-01 17:00:00,1061.49,638.07,34.77,56.22,45.82,28.3,Normal Sales,Normal Sales,0,0,-1.0,0,1.0,
2026-01-01 18:00:00,1093.91,676.36,33.36,57.12,42.72,33.84,Normal Sales,Normal Sales,0,0,-1.0,0,1.0,
2026-01-01 19:00:00,1069.61,670.7,36.82,53.82,44.47,30.27,Normal Sales,Normal Sales,0,0,-1.0,0,1.0,
2026-01-01 20:00:00,1122.72,673.35,39.84,53.78,44.26,33.21,Normal Sales,Normal Sales,0,0,-1.0,0,1.0,
2026-01-01 21:00:00,798.4,480.85,26.65,44.77,34.47,24.16,Normal Sales,Normal Sales,0,0,-1.0,0,1.0,
2026-01-01 22:00:00,795.38,504.98,25.93,50.96,35.96,23.98,Normal Sales,Normal Sales,0,0,-1.0,0,1.0,
2026-01-01 23:00:00,874.17,511.21,28.57,51.27,35.65,25.15,Normal Sales,Normal Sales,0,0,-1.0,0,1.0,
2026-01-02 00:00:00,364.88,245.77,11.04,28.68,31.25,18.74,Normal Sales,Normal Sales,0,0,-1.0,0,1.0,
2026-01-02 01:00:00,364.71,234.78,11.55,32.06,30.79,16.44,Normal Sales,Normal Sales,0,0,-1.0,0,1.0,
2026-01-02 02:00:00,393.8,256.0,11.7,34.31,28.75,19.97,Normal Sales,Normal Sales,0,0,-1.0,0,1.0,
2026-01-02 03:00:00,381.06,215.74,13.79,31.79,32.12,21.19,Normal Sales,Normal Sales,0,0,-1.0,0,1.0,
2026-01-02 04:00:00,355.78,201.74,9.32,27.88,29.89,17.73,Normal Sales,Normal Sales,0,0,-1.0,0,1.0,
2026-01-02 05:00:00,365.18,247.09,13.62,35.67,29.68,23.62,Normal Sales,Normal Sales,0,0,-1.0,0,1.0,
2026-01-02 06:00:00,536.56,311.24,14.98,37.5,32.67,21.21,Normal Sales,Normal Sales,0,0,-1.0,0,1.0,
2026-01-02 07:00:00,532.6,328.39,16.37,33.25,32.16,21.92,Normal Sales,Normal Sales,0,0,-1.0,0,1.0,
2026-01-02 08:00:00,525.85,294.89,16.57,36.44,31.17,19.68,Normal Sales,Normal Sales,0,0,-1.0,0,1.0,
2026-01-02 09:00:00,682.35,394.48,22.41,42.61,37.77,23.97,Normal Sales,Normal Sales,0,0,-1.0,0,1.0,
2026-01-02 10:00:00,633.51,369.33,21.34,40.97,35.8,28.94,Normal Sales,Normal Sales,0,0,-1.0,0,1.0,
2026-01-02 11:00:00,699.79,462.26,27.33,46.03,35.27,25.07,Normal Sales,Normal Sales,0,0,-1.0,0,1.0,
2026-01-02 12:00:00,654.08,399.61,21.01,41.42,39.75,18.26,Normal Sales,Normal Sales,0,0,-1.0,0,1.0,
2026-01-02 13:00:00,786.51,447.32,23.66,47.14,37.5,21.03,Normal Sales,Normal Sales,0,0,-1.0,0,1.0,
2026-01-02 14:00:00,733.22,471.59,24.48,45.63,36.56,22.49,Normal Sales,Normal Sales,0,0,-1.0,0,1.0,
2026-01-02 15:00:00,841.93,537.85,25.53,49.4,36.99,27.15,Normal Sales,Normal Sales,0,0,-1.0,0,1.0,
2026-01-02 16:00:00,730.28,449.91,25.75,46.25,34.01,22.58,Normal Sales,Normal Sales,0,0,-1.0,0,1.0,
2026-01-02 17:00:00,1054.93,637.72,38.61,56.15,39.41,29.78,Normal Sales,Normal Sales,0,0,-1.0,0,1.0,
2026-01-02 18:00:00,1195.25,766.87,39.14,60.86,46.85,29.76,Normal Sales,Normal Sales,0,0,-1.0,0,1.0,
2026-01-02 19:00:00,1104.57,704.2,36.88,58.38,36.3,27.56,Normal Sales,Normal Sales,0,0,-1.0,0,1.0,
2026-01-02 20:00:00,1066.95,630.31,37.93,51.32,41.26,28.02,Normal Sales,Normal Sales,0,0,-1.0,0,1.0,
2026-01-02 21:00:00,901.03,522.74,31.08,48.76,37.35,25.99,Normal Sales,Normal Sales,0,0,-1.0,0,1.0,
2026-01-02 22:00:00,848.83,511.27,28.26,46.83,38.66,26.11,Normal Sales,Normal Sales,0,0,-1.0,0,1.0,
2026-01-02 23:00:00,907.11,531.46,33.5,44.29,39.12,26.46,Normal Sales,Normal Sales,0,0,-1.0,0,1.0,
2026-01-03 00:00:00,483.32,284.09,15.21,33.42,31.04,20.8,Weekend Sales,Weekend Sales,0,0,-1.0,0,1.0,
2026-01-03 01:00:00,485.13,283.46,17.39,35.4,33.87,20.35,Weekend Sales,Weekend Sales,0,0,-1.0,0,1.0,
2026-01-03 02:00:00,456.87,269.25,16.3,35.3,31.72,18.97,Weekend Sales,Weekend Sales,0,0,-1.0,0,1.0,
2026-01-03 03:00:00,507.07,299.59,17.57,35.03,32.18,21.69,Weekend Sales,Weekend Sales,0,0,-1.0,0,1.0,
2026-01-03 04:00:00,496.29,328.04,20.65,36.78,33.8,19.58,Weekend Sales,Weekend Sales,0,0,-1.0,0,1.0,
2026-01-03 05:00:00,484.35,297.04,16.53,36.73,30.6,23.61,Weekend Sales,Weekend Sales,0,0,-1.0,0,1.0,
2026-01-03 06:00:00,653.82,375.02,22.94,42.09,36.36,22.63,Weekend Sales,Weekend Sales,0,0,-1.0,0,1.0,
2026-01-03 07:00:00,688.03,404.15,22.38,40.0,37.65,21.81,Weekend Sales,Weekend Sales,0,0,-1.0,0,1.0,
2026-01-03 08:00:00,660.04,401.19,22.89,39.92,33.58,22.52,Weekend Sales,Weekend Sales,0,0,-1.0,0,1.0,
2026-01-03 09:00:00,911.31,552.34,29.44,50.73,36.6,22.99,Weekend Sales,Weekend Sales,0,0,-1.0,0,1.0,
2026-01-03 10:00:00,867.95,532.79,29.93,52.61,40.47,25.0,Weekend Sales,Weekend Sales,0,0,-1.0,0,1.0,
2026-01-03 11:00:00,899.43,532.58,29.26,48.44,39.94,23.66,Weekend Sales,Weekend Sales,0,0,-1.0,0,1.0,
2026-01-03 12:00:00,923.66,610.99,33.39,53.89,41.08,26.47,Weekend Sales,Weekend Sales,0,0,-1.0,0,1.0,
2026-01-03 13:00:00,1017.48,631.15,34.91,52.61,41.35,28.77,Weekend Sales,Weekend Sales,0,0,-1.0,0,1.0,
2026-01-03 14:00:00,1079.21,693.09,42.43,55.9,44.09,29.69,Weekend Sales,Weekend Sales,0,0,-1.0,0,1.0,
2026-01-03 15:00:00,1116.37,671.94,35.28,55.67,38.73,27.75,Weekend Sales,Weekend Sales,0,0,-1.0,0,1.0,
2026-01-03 16:00:00,968.01,603.93,33.9,57.61,42.36,25.94,Weekend Sales,Weekend Sales,0,0,-1.0,0,1.0,
2026-01-03 17:00:00,1365.63,858.99,44.6,72.16,49.57,32.54,Weekend Sales,Weekend Sales,0,0,-1.0,0,1.0,
2026-01-03 18:00:00,1307.39,844.43,46.21,69.55,43.04,31.91,Weekend Sales,Weekend Sales,0,0,-1.0,0,1.0,
2026-01-03 19:00:00,1430.24,887.92,47.94,70.96,46.18,33.91,Weekend Sales,Weekend Sales,0,0,-1.0,0,1.0,
2026-01-03 20:00:00,1438.47,904.71,51.18,67.41,45.39,37.17,Weekend Sales,Weekend Sales,0,0,-1.0,0,1.0,
2026-01-03 21:00:00,1130.6,682.26,40.63,58.04,45.58,29.19,Weekend Sales,Weekend Sales,0,0,-1.0,0,1.0,
2026-01-03 22:00:00,1226.71,804.44,43.75,66.44,46.14,34.85,Weekend Sales,Weekend Sales,0,0,-1.0,0,1.0,
2026-01-03 23:00:00,1058.46,673.4,39.15,52.37,39.63,24.76,Weekend Sales,Weekend Sales,0,0,-1.0,0,1.0,
2026-01-04 00:00:00,470.46,309.62,20.03,35.88,35.26,16.98,Weekend Sales,Weekend Sales,0,0,-1.0,0,1.0,
2026-01-04 01:00:00,436.27,269.1,15.57,33.52,27.28,18.55,Weekend Sales,Weekend Sales,0,0,-1.0,0,1.0,
2026-01-04 02:00:00,445.78,293.12,16.86,32.41,30.55,17.21,Weekend Sales,Weekend Sales,0,0,-1.0,0,1.0,
2026-01-04 03:00:00,475.39,318.62,15.55,37.4,31.02,18.38,Weekend Sales,Weekend Sales,0,0,-1.0,0,1.0,
2026-01-04 04:00:00,474.33,268.2,13.64,30.87,35.99,18.78,Weekend Sales,Weekend Sales,0,0,-1.0,0,1.0,
2026-01-04 05:00:00,460.2,290.67,15.76,34.21,33.05,20.78,Weekend Sales,Weekend Sales,0,0,-1.0,0,1.0,
2026-01-04 06:00:00,670.56,401.35,21.52,35.67,32.37,24.77,Weekend Sales,Weekend Sales,0,0,-1.0,0,1.0,
2026-01-04 07:00:00,745.49,455.98,26.23,45.26,42.83,25.64,Weekend Sales,Weekend Sales,0,0,-1.0,0,1.0,
2026-01-04 08:00:00,684.42,400.45,18.81,42.0,34.12,19.17,Weekend Sales,Weekend Sales,0,0,-1.0,0,1.0,
2026-01-04 09:00:00,871.66,513.39,31.61,50.28,38.8,27.79,Weekend Sales,Weekend Sales,0,0,-1.0,0,1.0,
2026-01-04 10:00:00,904.26,539.11,32.7,50.84,37.3,25.1,Weekend Sales,Weekend Sales,0,0,-1.0,0,1.0,
2026-01-04 11:00:00,861.34,499.46,29.32,52.14,35.85,25.61,Weekend Sales,Weekend Sales,0,0,-1.0,0,1.0,
2026-01-04 12:00:00,871.47,528.14,27.86,46.58,38.91,23.54,Weekend Sales,Weekend Sales,0,0,-1.0,0,1.0,
2026-01-04 13:00:00,1020.37,631.37,34.25,52.31,40.19,29.3,Weekend Sales,Weekend Sales,0,0,-1.0,0,1.0,
2026-01-04 14:00:00,1031.97,615.38,34.04,55.83,38.2,28.47,Weekend Sales,Weekend Sales,0,0,-1.0,0,1.0,
2026-01-04 15:00:00,973.4,617.77,32.45,49.07,37.29,27.54,Weekend Sales,Weekend Sales,0,0,-1.0,0,1.0,
2026-01-04 16:00:00,1019.83,609.68,34.81,49.44,41.2,24.82,Weekend Sales,Weekend Sales,0,0,-1.0,0,1.0,
2026-01-04 17:00:00,1384.02,859.28,45.54,66.78,49.54,32.33,Weekend Sales,Weekend Sales,0,0,-1.0,0,1.0,
2026-01-04 18:00:00,1490.43,895.82,50.33,73.84,44.39,32.8,Weekend Sales,Weekend Sales,0,0,-1.0,0,1.0,
2026-01-04 19:00:00,1471.93,907.52,50.66,69.1,49.2,34.38,Weekend Sales,Weekend Sales,0,0,-1.0,0,1.0,
2026-01-04 20:00:00,1514.18,945.15,52.66,71.62,48.77,34.76,Weekend Sales,Weekend Sales,0,0,-1.0,0,1.0,
2026-01-04 21:00:00,1134.67,692.97,38.69,63.45,45.03,28.67,Weekend Sales,Weekend Sales,0,0,-1.0,0,1.0,
2026-01-04 22:00:00,1179.56,721.12,35.59,57.37,40.31,29.33,Weekend Sales,Weekend Sales,0,0,-1.0,0,1.0,
2026-01-04 23:00:00,1113.75,732.44,40.94,59.32,44.59,25.89,Weekend Sales,Weekend Sales,0,0,-1.0,0,1.0,
2026-01-05 00:00:00,365.04,245.6,10.55,34.83,30.88,17.31,Normal Sales,Normal Sales,0,0,-1.0,0,1.0,
2026-01-05 01:00:00,372.2,287.53,16.18,34.54,29.41,17.49,Normal Sales,Normal Sales,0,0,-1.0,0,1.0,
2026-01-05 02:00:00,375.77,211.57,11.78,29.33,31.35,17.96,Normal Sales,Normal Sales,0,0,-1.0,0,1.0,
2026-01-05 03:00:00,379.51,222.54,11.7,28.6,29.56,18.32,Normal Sales,Normal Sales,0,0,-1.0,0,1.0,
2026-01-05 04:00:00,374.44,209.1,13.24,33.79,31.19,20.98,Normal Sales,Normal Sales,0,0,-1.0,0,1.0,
2026-01-05 05:00:00,346.83,183.92,6.56,32.79,31.2,16.49,Normal Sales,Normal Sales,0,0,-1.0,0,1.0,
2026-01-05 06:00:00,528.43,299.49,21.36,36.03,33.2,20.94,Normal Sales,Normal Sales,0,0,-1.0,0,1.0,
2026-01-05 07:00:00,533.67,336.47,16.93,38.59,36.84,23.1,Normal Sales,Normal Sales,0,0,-1.0,0,1.0,
2026-01-05 08:00:00,562.65,336.06,16.5,37.31,33.68,22.59,Normal Sales,Normal Sales,0,0,-1.0,0,1.0,
2026-01-05 09:00:00,623.82,425.01,23.06,41.05,32.58,19.32,Normal Sales,Normal Sales,0,0,-1.0,0,1.0,
2026-01-05 10:00:00,709.54,441.75,21.72,40.32,35.39,26.38,Normal Sales,Normal Sales,0,0,-1.0,0,1.0,
2026-01-05 11:00:00,672.64,379.46,20.38,39.78,30.04,21.38,Normal Sales,Normal Sales,0,0,-1.0,0,1.0,
2026-01-05 12:00:00,673.62,435.05,27.63,45.78,34.91,20.66,Normal Sales,Normal Sales,0,0,-1.0,0,1.0,
2026-01-05 13:00:00,859.67,534.47,29.42,48.87,39.01,25.07,Normal Sales,Normal Sales,0,0,-1.0,0,1.0,
2026-01-05 14:00:00,739.82,445.02,24.41,42.59,35.15,23.34,Normal Sales,Normal Sales,0,0,-1.0,0,1.0,
2026-01-05 15:00:00,751.96,503.81,22.41,49.42,39.28,20.45,Normal Sales,Normal Sales,0,0,-1.0,0,1.0,
2026-01-05 16:00:00,748.62,454.86,22.2,42.51,34.51,26.88,Normal Sales,Normal Sales,0,0,-1.0,0,1.0,
2026-01-05 17:00:00,1133.0,734.25,41.83,57.28,42.21,31.34,Normal Sales,Normal Sales,0,0,-1.0,0,1.0,
2026-01-05 18:00:00,1016.23,647.89,35.15,54.35,42.7,29.09,Normal Sales,Normal Sales,0,0,-1.0,0,1.0,
2026-01-05 19:00:00,1062.83,687.94,35.67,59.0,43.25,28.58,Normal Sales,Normal Sales,0,0,-1.0,0,1.0,
2026-01-05 20:00:00,1100.02,650.73,37.64,55.62,41.65,30.37,Normal Sales,Normal Sales,0,0,-1.0,0,1.0,
2026-01-05 21:00:00,812.19,468.35,22.65,47.09,35.25,27.22,Normal Sales,Normal Sales,0,0,-1.0,0,1.0,
2026-01-05 22:00:00,754.21,510.02,28.47,46.74,35.73,25.55,Normal Sales,Normal Sales,0,0,-1.0,0,1.0,
2026-01-05 23:00:00,840.26,548.54,30.4,49.78,37.56,25.6,Normal Sales,Normal Sales,0,0,-1.0,0,1.0,
2026-01-06 00:00:00,366.54,184.5,7.45,31.09,30.57,16.24,Normal Sales,Normal Sales,0,0,-1.0,0,1.0,
2026-01-06 01:00:00,361.32,232.71,11.72,29.42,30.53,15.86,Normal Sales,Normal Sales,0,0,-1.0,0,1.0,
2026-01-06 02:00:00,368.35,185.82,12.28,30.49,30.77,18.61,Normal Sales,Normal Sales,0,0,-1.0,0,1.0,
2026-01-06 03:00:00,391.05,267.81,11.05,29.98,29.4,18.75,Normal Sales,Normal Sales,0,0,-1.0,0,1.0,
2026-01-06 04:00:00,370.33,211.46,12.0,28.59,29.07,14.47,Normal Sales,Normal Sales,0,0,-1.0,0,1.0,
2026-01-06 05:00:00,344.32,179.69,7.93,31.47,27.95,21.76,Normal Sales,Normal Sales,0,0,-1.0,0,1.0,
2026-01-06 06:00:00,534.29,335.88,16.76,39.14,31.93,20.64,Normal Sales,Normal Sales,0,0,-1.0,0,1.0,
2026-01-06 07:00:00,588.17,362.26,22.22,37.25,33.93,24.6,Normal Sales,Normal Sales,0,0,-1.0,0,1.0,
2026-01-06 08:00:00,505.08,358.46,21.13,36.77,33.85,22.91,Normal Sales,Normal Sales,0,0,-1.0,0,1.0,
2026-01-06 09:00:00,703.06,396.64,20.36,40.85,35.8,23.16,Normal Sales,Normal Sales,0,0,-1.0,0,1.0,
2026-01-06 10:00:00,687.92,393.13,22.38,42.72,36.81,23.99,Normal Sales,Normal Sales,0,0,-1.0,0,1.0,
2026-01-06 11:00:00,710.29,451.86,24.71,39.86,36.93,23.71,Normal Sales,Normal Sales,0,0,-1.0,0,1.0,
2026-01-06 12:00:00,691.12,396.58,19.65,44.01,35.67,23.28,Normal Sales,Normal Sales,0,0,-1.0,0,1.0,
2026-01-06 13:00:00,763.16,473.9,27.94,44.14,37.17,22.92,Normal Sales,Normal Sales,0,0,-1.0,0,1.0,
2026-01-06 14:00:00,745.53,454.5,25.44,43.22,39.19,21.57,Normal Sales,Normal Sales,0,0,-1.0,0,1.0,
2026-01-06 15:00:00,754.96,457.08,28.03,45.1,38.9,20.46,Normal Sales,Normal Sales,0,0,-1.0,0,1.0,
2026-01-06 16:00:00,772.26,501.04,27.72,49.39,36.09,27.34,Normal Sales,Normal Sales,0,0,-1.0,0,1.0,
2026-01-06 17:00:00,1207.44,739.54,39.78,64.57,47.69,29.44,Normal Sales,Normal Sales,0,0,-1.0,0,1.0,
2026-01-06 18:00:00,1060.21,650.28,33.08,53.45,40.02,26.72,Normal Sales,Normal Sales,0,0,-1.0,0,1.0,
2026-01-06 19:00:00,1081.08,676.13,40.29,54.58,44.35,28.48,Normal Sales,Normal Sales,0,0,-1.0,0,1.0,
2026-01-06 20:00:00,1080.28,686.64,35.52,58.5,42.7,30.15,Normal Sales,Normal Sales,0,0,-1.0,0,1.0,
2026-01-06 21:00:00,854.48,591.16,31.24,50.11,37.28,25.67,Normal Sales,Normal Sales,0,0,-1.0,0,1.0,
2026-01-06 22:00:00,815.46,535.31,32.28,47.19,36.2,26.33,Normal Sales,Normal Sales,0,0,-1.0,0,1.0,
2026-01-06 23:00:00,819.04,523.63,29.21,44.33,41.02,28.68,Normal Sales,Normal Sales,0,0,-1.0,0,1.0,
2026-01-07 00:00:00,350.12,207.38,11.98,30.97,31.27,21.2,Normal Sales,Normal Sales,0,0,-1.0,0,1.0,
2026-01-07 01:00:00,357.99,202.0,8.35,28.13,30.02,20.64,Normal Sales,Normal Sales,0,0,-1.0,0,1.0,
2026-01-07 02:00:00,351.84,223.73,12.27,33.85,35.04,16.53,Normal Sales,Normal Sales,0,0,-1.0,0,1.0,
2026-01-07 03:00:00,352.34,244.56,14.81,36.44,31.16,17.4,Normal Sales,Normal Sales,0,0,-1.0,0,1.0,
2026-01-07 04:00:00,371.85,258.26,15.85,33.86,32.45,20.8,Normal Sales,Normal Sales,0,0,-1.0,0,1.0,
2026-01-07 05:00:00,386.14,255.63,13.73,32.96,32.98,16.76,Normal Sales,Normal Sales,0,0,-1.0,0,1.0,
2026-01-07 06:00:00,531.33,319.59,17.63,39.83,33.41,20.08,Normal Sales,Normal Sales,0,0,-1.0,0,1.0,
2026-01-07 07:00:00,486.24,320.12,18.9,41.7,31.65,20.44,Normal Sales,Normal Sales,0,0,-1.0,0,1.0,
2026-01-07 08:00:00,528.21,366.93,19.99,39.44,34.2,21.55,Normal Sales,Normal Sales,0,0,-1.0,0,1.0,
2026-01-07 09:00:00,667.01,418.4,25.16,39.6,35.61,21.06,Normal Sales,Normal Sales,0,0,-1.0,0,1.0,
2026-01-07 10:00:00,723.0,410.18,21.44,43.19,39.42,22.12,Normal Sales,Normal Sales,0,0,-1.0,0,1.0,
2026-01-07 11:00:00,663.3,458.27,22.31,38.43,36.16,22.45,Normal Sales,Normal Sales,0,0,-1.0,0,1.0,
2026-01-07 12:00:00,647.4,419.1,23.54,40.63,32.45,24.22,Normal Sales,Normal Sales,0,0,-1.0,0,1.0,
2026-01-07 13:00:00,787.29,485.64,30.4,43.48,34.33,22.76,Normal Sales,Normal Sales,0,0,-1.0,0,1.0,
2026-01-07 14:00:00,760.76,477.76,25.79,46.47,34.43,26.83,Normal Sales,Normal Sales,0,0,-1.0,0,1.0,
2026-01-07 15:00:00,759.37,498.74,28.12,47.66,38.05,25.36,Normal Sales,Normal Sales,0,0,-1.0,0,1.0,
2026-01-07 16:00:00,787.0,521.17,29.06,49.52,37.2,27.91,Normal Sales,Normal Sales,0,0,-1.0,0,1.0,
2026-01-07 17:00:00,1046.91,694.1,38.1,54.03,42.05,27.99,Normal Sales,Normal Sales,0,0,-1.0,0,1.0,
2026-01-07 18:00:00,1129.09,683.72,36.71,53.08,42.29,24.25,Normal Sales,Normal Sales,0,0,-1.0,0,1.0,
2026-01-07 19:00:00,997.74,637.61,36.64,55.74,39.03,27.84,Normal Sales,Normal Sales,0,0,-1.0,0,1.0,
2026-01-07 20:00:00,1083.36,642.72,38.36,57.78,41.98,28.12,Normal Sales,Normal Sales,0,0,-1.0,0,1.0,
2026-01-07 21:00:00,851.54,476.91,25.74,44.57,36.47,23.36,Normal Sales,Normal Sales,0,0,-1.0,0,1.0,
2026-01-07 22:00:00,918.51,585.5,31.06,53.13,42.41,28.49,Normal Sales,Normal Sales,0,0,-1.0,0,1.0,
2026-01-07 23:00:00,845.27,507.9,29.33,48.6,40.16,25.97,Normal Sales,Normal Sales,0,0,-1.0,0,1.0,
2026-01-08 00:00:00,380.35,222.43,14.87,31.55,34.62,16.18,Normal Sales,Normal Sales,0,0,-1.0,0,1.0,
2026-01-08 01:00:00,392.75,248.45,12.36,31.11,30.04,19.06,Normal Sales,Normal Sales,0,0,-1.0,0,1.0,
2026-01-08 02:00:00,370.83,215.57,11.81,36.02,33.76,18.26,Normal Sales,Normal Sales,0,0,-1.0,0,1.0,
2026-01-08 03:00:00,362.07,227.48,13.74,28.58,29.64,14.35,Normal Sales,Normal Sales,0,0,-1.0,0,1.0,
2026-01-08 04:00:00,368.59,244.71,12.49,35.9,27.81,15.19,Normal Sales,Normal Sales,0,0,-1.0,0,1.0,
2026-01-08 05:00:00,365.44,252.75,17.27,31.15,32.37,18.24,Normal Sales,Normal Sales,0,0,-1.0,0,1.0,
2026-01-08 06:00:00,517.49,342.93,20.17,33.63,35.75,23.33,Normal Sales,Normal Sales,0,0,-1.0,0,1.0,
2026-01-08 07:00:00,505.67,323.41,18.78,37.25,31.5,18.74,Normal Sales,Normal Sales,0,0,-1.0,0,1.0,
2026-01-08 08:00:00,521.33,352.54,20.48,37.11,34.41,15.12,Normal Sales,Normal Sales,0,0,-1.0,0,1.0,
2026-01-08 09:00:00,721.82,404.03,21.5,39.16,33.68,24.42,Normal Sales,Normal Sales,0,0,-1.0,0,1.0,
2026-01-08 10:00:00,666.65,421.98,23.12,43.51,35.49,19.98,Normal Sales,Normal Sales,0,0,-1.0,0,1.0,
2026-01-08 11:00:00,716.61,431.96,20.64,42.1,39.18,24.5,Normal Sales,Normal Sales,0,0,-1.0,0,1.0,
2026-01-08 12:00:00,670.71,407.11,21.75,46.88,36.17,23.04,Normal Sales,Normal Sales,0,0,-1.0,0,1.0,
2026-01-08 13:00:00,802.22,503.34,27.17,46.58,37.49,24.51,Normal Sales,Normal Sales,0,0,-1.0,0,1.0,
2026-01-08 14:00:00,790.67,491.51,28.5,46.24,37.6,20.29,Normal Sales,Normal Sales,0,0,-1.0,0,1.0,
2026-01-08 15:00:00,797.87,503.34,29.68,39.79,41.74,24.3,Normal Sales,Normal Sales,0,0,-1.0,0,1.0,
2026-01-08 16:00:00,805.19,473.22,27.25,43.1,36.44,27.66,Normal Sales,Normal Sales,0,0,-1.0,0,1.0,
2026-01-08 17:00:00,1073.81,671.2,38.66,58.03,42.56,29.51,Normal Sales,Normal Sales,0,0,-1.0,0,1.0,
2026-01-08 18:00:00,1214.42,751.5,41.73,64.16,46.86,33.16,Normal Sales,Normal Sales,0,0,-1.0,0,1.0,
2026-01-08 19:00:00,1118.77,665.06,39.85,54.01,43.62,27.12,Normal Sales,Normal Sales,0,0,-1.0,0,1.0,
2026-01-08 20:00:00,1080.67,678.23,37.95,58.22,45.6,29.86,Normal Sales,Normal Sales,0,0,-1.0,0,1.0,
2026-01-08 21:00:00,832.93,540.52,32.11,45.92,39.35,26.92,Normal Sales,Normal Sales,0,0,-1.0,0,1.0,
2026-01-08 22:00:00,830.68,549.41,29.92,49.68,37.78,25.77,Normal Sales,Normal Sales,0,0,-1.0,0,1.0,
2026-01-08 23:00:00,797.0,458.14,28.39,42.87,35.57,19.15,Normal Sales,Normal Sales,0,0,-1.0,0,1.0,
2026-01-09 00:00:00,350.03,183.94,13.4,31.6,28.57,21.1,Normal Sales,Normal Sales,0,0,-1.0,0,1.0,
2026-01-09 01:00:00,379.33,227.06,7.49,36.98,27.67,14.39,Normal Sales,Normal Sales,0,0,-1.0,0,1.0,
2026-01-09 02:00:00,380.07,296.63,19.08,35.8,31.65,21.12,Normal Sales,Normal Sales,0,0,-1.0,0,1.0,
2026-01-09 03:00:00,375.3,239.71,13.39,31.63,28.87,17.43,Normal Sales,Normal Sales,0,0,-1.0,0,1.0,
2026-01-09 04:00:00,330.97,202.74,9.17,27.01,29.99,19.85,Normal Sales,Normal Sales,0,0,-1.0,0,1.0,
2026-01-09 05:00:00,378.18,195.21,8.76,32.16,28.46,16.43,Normal Sales,Normal Sales,0,0,-1.0,0,1.0,
2026-01-09 06:00:00,536.64,308.51,17.18,32.84,31.92,20.35,Normal Sales,Normal Sales,0,0,-1.0,0,1.0,
2026-01-09 07:00:00,480.68,309.03,16.96,37.13,32.62,22.45,Normal Sales,Normal Sales,0,0,-1.0,0,1.0,
2026-01-09 08:00:00,525.55,315.11,17.58,37.74,33.03,19.96,Normal Sales,Normal Sales,0,0,-1.0,0,1.0,
2026-01-09 09:00:00,659.01,392.01,18.76,45.29,32.72,20.41,Normal Sales,Normal Sales,0,0,-1.0,0,1.0,
2026-01-09 10:00:00,658.45,430.61,23.09,45.76,33.85,23.32,Normal Sales,Normal Sales,0,0,-1.0,0,1.0,
2026-01-09 11:00:00,654.45,459.39,22.89,44.68,36.39,24.31,Normal Sales,Normal Sales,0,0,-1.0,0,1.0,
2026-01-09 12:00:00,676.65,416.28,22.98,41.78,37.43,26.83,Normal Sales,Normal Sales,0,0,-1.0,0,1.0,
2026-01-09 13:00:00,742.05,425.83,23.24,49.55,35.01,25.92,Normal Sales,Normal Sales,0,0,-1.0,0,1.0,
2026-01-09 14:00:00,827.36,499.13,28.59,51.15,37.31,24.07,Normal Sales,Normal Sales,0,0,-1.0,0,1.0,
2026-01-09 15:00:00,741.13,434.13,22.58,40.41,36.67,21.31,Normal Sales,Normal Sales,0,0,-1.0,0,1.0,
2026-01-09 16:00:00,772.25,439.9,24.86,46.06,33.14,23.75,Normal Sales,Normal Sales,0,0,-1.0,0,1.0,
2026-01-09 17:00:00,1151.32,683.58,40.94,59.02,42.16,28.98,Normal Sales,Normal Sales,0,0,-1.0,0,1.0,
2026-01-09 18:00:00,1115.02,693.21,39.2,55.81,43.29,26.5,Normal Sales,Normal Sales,0,0,-1.0,0,1.0,
2026-01-09 19:00:00,1078.7,646.2,34.07,58.8,44.52,29.37,Normal Sales,Normal Sales,0,0,-1.0,0,1.0,
2026-01-09 20:00:00,1025.49,627.89,36.96,54.81,46.07,28.48,Normal Sales,Normal Sales,0,0,-1.0,0,1.0,
2026-01-09 21:00:00,851.78,520.38,28.89,47.85,39.9,26.92,Normal Sales,Normal Sales,0,0,-1.0,0,1.0,
2026-01-09 22:00:00,810.53,469.25,22.14,46.87,35.57,19.43,Normal Sales,Normal Sales,0,0,-1.0,0,1.0,
2026-01-09 23:00:00,860.07,595.57,32.74,53.78,38.78,26.69,Normal Sales,Normal Sales,0,0,-1.0,0,1.0,
2026-01-10 00:00:00,500.43,303.01,17.2,36.44,31.17,21.56,Weekend Sales,Weekend Sales,0,0,-1.0,0,1.0,
2026-01-10 01:00:00,474.26,275.15,16.21,31.93,32.12,18.86,Weekend Sales,Weekend Sales,0,0,-1.0,0,1.0,
2026-01-10 02:00:00,504.43,324.61,17.8,38.69,35.36,21.23,Weekend Sales,Weekend Sales,0,0,-1.0,0,1.0,
2026-01-10 03:00:00,478.7,264.0,12.39,32.95,30.92,18.23,Weekend Sales,Weekend Sales,0,0,-1.0,0,1.0,
2026-01-10 04:00:00,479.8,310.72,16.95,37.04,32.29,15.82,Weekend Sales,Weekend Sales,0,0,-1.0,0,1.0,
2026-01-10 05:00:00,455.98,279.1,12.93,35.71,34.81,21.42,Weekend Sales,Weekend Sales,0,0,-1.0,0,1.0,
2026-01-10 06:00:00,683.72,461.17,25.66,43.38,34.4,22.92,Weekend Sales,Weekend Sales,0,0,-1.0,0,1.0,
2026-01-10 07:00:00,677.68,424.42,23.66,42.53,36.39,24.99,Weekend Sales,Weekend Sales,0,0,-1.0,0,1.0,
2026-01-10 08:00:00,723.9,411.7,17.54,44.65,33.57,21.84,Weekend Sales,Weekend Sales,0,0,-1.0,0,1.0,
2026-01-10 09:00:00,850.86,482.48,27.62,48.42,37.31,18.88,Weekend Sales,Weekend Sales,0,0,-1.0,0,1.0,
2026-01-10 10:00:00,879.05,554.81,27.56,50.46,38.91,27.03,Weekend Sales,Weekend Sales,0,0,-1.0,0,1.0,
2026-01-10 11:00:00,909.14,539.34,32.06,49.15,39.4,23.62,Weekend Sales,Weekend Sales,0,0,-1.0,0,1.0,
2026-01-10 12:00:00,883.7,525.78,28.57,53.01,36.28,21.92,Weekend Sales,Weekend Sales,0,0,-1.0,0,1.0,
2026-01-10 13:00:00,1084.35,667.07,35.35,59.29,41.22,32.33,Weekend Sales,Weekend Sales,0,0,-1.0,0,1.0,
2026-01-10 14:00:00,1044.29,635.26,39.25,53.43,43.24,28.48,Weekend Sales,Weekend Sales,0,0,-1.0,0,1.0,
2026-01-10 15:00:00,1075.8,706.03,38.9,56.49,43.21,28.3,Weekend Sales,Weekend Sales,0,0,-1.0,0,1.0,
2026-01-10 16:00:00,1111.74,692.69,37.37,58.53,40.21,27.37,Weekend Sales,Weekend Sales,0,0,-1.0,0,1.0,
2026-01-10 17:00:00,1521.49,926.9,48.89,73.22,52.24,36.61,Weekend Sales,Weekend Sales,0,0,-1.0,0,1.0,
2026-01-10 18:00:00,1506.83,915.31,47.5,75.0,48.97,34.38,Weekend Sales,Weekend Sales,0,0,-1.0,0,1.0,
2026-01-10 19:00:00,1530.66,962.92,53.87,78.99,48.73,37.93,Weekend Sales,Weekend Sales,0,0,-1.0,0,1.0,
2026-01-10 20:00:00,1439.44,899.16,52.51,71.25,49.55,36.62,Weekend Sales,Weekend Sales,0,0,-1.0,0,1.0,
2026-01-10 21:00:00,1096.01,658.54,34.13,51.49,46.74,26.26,Weekend Sales,Weekend Sales,0,0,-1.0,0,1.0,
2026-01-10 22:00:00,1104.03,677.58,37.88,59.36,44.49,27.77,Weekend Sales,Weekend Sales,0,0,-1.0,0,1.0,
2026-01-10 23:00:00,1107.05,693.44,37.64,62.08,43.8,30.81,Weekend Sales,Weekend Sales,0,0,-1.0,0,1.0,
2026-01-11 00:00:00,494.58,335.97,18.84,33.83,33.21,19.1,Weekend Sales,Weekend Sales,0,0,-1.0,0,1.0,
2026-01-11 01:00:00,466.06,303.61,19.18,35.44,32.54,22.99,Weekend Sales,Weekend Sales,0,0,-1.0,0,1.0,
2026-01-11 02:00:00,484.47,365.41,21.23,33.92,33.74,21.9,Weekend Sales,Weekend Sales,0,0,-1.0,0,1.0,
2026-01-11 03:00:00,509.58,332.77,18.03,33.99,32.24,18.62,Weekend Sales,Weekend Sales,0,0,-1.0,0,1.0,
2026-01-11 04:00:00,464.81,302.9,20.0,36.34,29.51,20.46,Weekend Sales,Weekend Sales,0,0,-1.0,0,1.0,
2026-01-11 05:00:00,507.35,299.31,16.19,35.56,31.06,20.78,Weekend Sales,Weekend Sales,0,0,-1.0,0,1.0,
2026-01-11 06:00:00,687.29,436.61,22.24,42.05,37.13,22.17,Weekend Sales,Weekend Sales,0,0,-1.0,0,1.0,
2026-01-11 07:00:00,751.18,455.74,25.51,46.85,33.93,19.87,Weekend Sales,Weekend Sales,0,0,-1.0,0,1.0,
2026-01-11 08:00:00,638.72,427.57,22.41,48.75,33.73,23.06,Weekend Sales,Weekend Sales,0,0,-1.0,0,1.0,
2026-01-11 09:00:00,973.95,654.0,40.09,58.24,42.61,29.54,Weekend Sales,Weekend Sales,0,0,-1.0,0,1.0,
2026-01-11 10:00:00,939.42,568.66,29.64,51.1,39.63,25.31,Weekend Sales,Weekend Sales,0,0,-1.0,0,1.0,
2026-01-11 11:00:00,935.71,604.02,33.4,56.36,37.62,26.71,Weekend Sales,Weekend Sales,0,0,-1.0,0,1.0,
2026-01-11 12:00:00,871.82,493.86,27.0,46.89,41.85,25.61,Weekend Sales,Weekend Sales,0,0,-1.0,0,1.0,
2026-01-11 13:00:00,958.85,640.84,37.69,55.96,39.85,26.1,Weekend Sales,Weekend Sales,0,0,-1.0,0,1.0,
2026-01-11 14:00:00,991.8,642.13,39.09,58.69,39.88,25.81,Weekend Sales,Weekend Sales,0,0,-1.0,0,1.0,
2026-01-11 15:00:00,1017.73,586.78,32.92,52.18,40.37,23.48,Weekend Sales,Weekend Sales,0,0,-1.0,0,1.0,
2026-01-11 16:00:00,1036.56,629.35,32.27,47.43,41.57,31.28,Weekend Sales,Weekend Sales,0,0,-1.0,0,1.0,
2026-01-11 17:00:00,1555.42,952.93,51.21,74.5,48.45,36.43,Weekend Sales,Weekend Sales,0,0,-1.0,0,1.0,
2026-01-11 18:00:00,1491.14,955.18,52.33,72.4,47.59,34.23,Weekend Sales,Weekend Sales,0,0,-1.0,0,1.0,
2026-01-11 19:00:00,1419.86,889.5,50.75,67.38,51.12,33.7,Weekend Sales,Weekend Sales,0,0,-1.0,0,1.0,
2026-01-11 20:00:00,1434.59,870.77,43.04,70.87,49.86,33.21,Weekend Sales,Weekend Sales,0,0,-1.0,0,1.0,
2026-01-11 21:00:00,1120.73,707.75,35.8,57.49,44.64,27.19,Weekend Sales,Weekend Sales,0,0,-1.0,0,1.0,
2026-01-11 22:00:00,1133.38,668.78,37.72,57.07,40.04,31.05,Weekend Sales,Weekend Sales,0,0,-1.0,0,1.0,
2026-01-11 23:00:00,1075.96,646.84,35.98,58.59,40.26,28.29,Weekend Sales,Weekend Sales,0,0,-1.0,0,1.0,
2026-01-12 00:00:00,369.94,246.69,13.92,31.14,28.63,18.34,Normal Sales,Normal Sales,0,0,-1.0,0,1.0,
2026-01-12 01:00:00,342.76,139.47,8.54,29.28,25.1,13.47,Normal Sales,Normal Sales,0,0,-1.0,0,1.0,
2026-01-12 02:00:00,373.38,282.93,15.6,31.9,29.98,21.82,Normal Sales,Normal Sales,0,0,-1.0,0,1.0,
2026-01-12 03:00:00,350.47,197.31,9.89,27.3,30.2,20.18,Normal Sales,Normal Sales,0,0,-1.0,0,1.0,
2026-01-12 04:00:00,368.02,221.86,11.62,27.02,32.02,17.39,Normal Sales,Normal Sales,0,0,-1.0,0,1.0,
2026-01-12 05:00:00,358.9,302.35,17.23,32.6,29.25,21.86,Normal Sales,Normal Sales,0,0,-1.0,0,1.0,
2026-01-12 06:00:00,526.1,290.22,17.8,33.6,36.69,21.42,Normal Sales,Normal Sales,0,0,-1.0,0,1.0,
2026-01-12 07:00:00,511.43,349.11,19.34,39.93,33.66,19.04,Normal Sales,Normal Sales,0,0,-1.0,0,1.0,
2026-01-12 08:00:00,506.3,339.66,18.01,36.33,30.7,21.34,Normal Sales,Normal Sales,0,0,-1.0,0,1.0,
2026-01-12 09:00:00,754.65,441.19,24.31,47.42,36.67,23.93,Normal Sales,Normal Sales,0,0,-1.0,0,1.0,
2026-01-12 10:00:00,647.76,412.32,22.3,44.2,37.39,27.49,Normal Sales,Normal Sales,0,0,-1.0,0,1.0,
2026-01-12 11:00:00,703.92,444.58,24.84,42.75,36.64,22.52,Normal Sales,Normal Sales,0,0,-1.0,0,1.0,
2026-01-12 12:00:00,689.86,460.65,23.32,47.1,38.36,23.28,Normal Sales,Normal Sales,0,0,-1.0,0,1.0,
2026-01-12 13:00:00,683.46,408.55,25.06,41.8,33.62,21.2,Normal Sales,Normal Sales,0,0,-1.0,0,1.0,
2026-01-12 14:00:00,796.72,507.63,27.44,46.3,36.76,22.85,Normal Sales,Normal Sales,0,0,-1.0,0,1.0,
2026-01-12 15:00:00,826.34,504.27,30.17,51.11,40.04,23.74,Normal Sales,Normal Sales,0,0,-1.0,0,1.0,
2026-01-12 16:00:00,780.02,483.0,24.76,46.79,34.9,26.45,Normal Sales,Normal Sales,0,0,-1.0,0,1.0,
2026-01-12 17:00:00,1061.27,663.02,37.03,55.68,43.21,27.63,Normal Sales,Normal Sales,0,0,-1.0,0,1.0,
2026-01-12 18:00:00,1133.84,669.33,37.07,62.04,41.27,27.38,Normal Sales,Normal Sales,0,0,-1.0,0,1.0,
2026-01-12 19:00:00,1114.43,695.43,38.95,59.43,44.21,31.61,Normal Sales,Normal Sales,0,0,-1.0,0,1.0,
2026-01-12 20:00:00,1108.77,681.41,38.82,62.28,42.58,27.09,Normal Sales,Normal Sales,0,0,-1.0,0,1.0,
2026-01-12 21:00:00,891.84,549.93,25.9,52.0,38.09,25.57,Normal Sales,Normal Sales,0,0,-1.0,0,1.0,
2026-01-12 22:00:00,859.09,537.4,30.98,47.97,39.63,24.92,Normal Sales,Normal Sales,0,0,-1.0,0,1.0,
2026-01-12 23:00:00,876.28,558.68,28.86,52.87,37.82,27.58,Normal Sales,Normal Sales,0,0,-1.0,0,1.0,
2026-01-13 00:00:00,369.02,274.75,14.66,32.44,30.23,18.26,Normal Sales,Normal Sales,0,0,-1.0,0,1.0,
2026-01-13 01:00:00,376.86,193.25,8.52,27.04,32.31,20.25,Normal Sales,Normal Sales,0,0,-1.0,0,1.0,
2026-01-13 02:00:00,360.47,219.27,12.2,33.66,28.27,17.96,Normal Sales,Normal Sales,0,0,-1.0,0,1.0,
2026-01-13 03:00:00,380.04,248.15,14.03,34.71,25.05,19.56,Normal Sales,Normal Sales,0,0,-1.0,0,1.0,
2026-01-13 04:00:00,350.52,171.55,10.46,31.96,29.68,18.19,Normal Sales,Normal Sales,0,0,-1.0,0,1.0,
2026-01-13 05:00:00,391.58,275.65,18.44,35.39,30.81,15.69,Normal Sales,Normal Sales,0,0,-1.0,0,1.0,
2026-01-13 06:00:00,516.98,299.45,20.81,35.17,33.04,20.59,Normal Sales,Normal Sales,0,0,-1.0,0,1.0,
2026-01-13 07:00:00,524.56,367.6,18.97,39.23,31.43,18.55,Normal Sales,Normal Sales,0,0,-1.0,0,1.0,
2026-01-13 08:00:00,507.41,313.67,16.39,34.44,29.81,19.68,Normal Sales,Normal Sales,0,0,-1.0,0,1.0,
2026-01-13 09:00:00,632.97,411.45,22.79,37.93,34.14,20.78,Normal Sales,Normal Sales,0,0,-1.0,0,1.0,
2026-01-13 10:00:00,695.39,464.66,21.81,44.76,35.5,24.96,Normal Sales,Normal Sales,0,0,-1.0,0,1.0,
2026-01-13 11:00:00,691.77,410.1,21.92,40.0,37.91,22.3,Normal Sales,Normal Sales,0,0,-1.0,0,1.0,
2026-01-13 12:00:00,749.54,463.2,24.06,41.06,33.14,20.41,Normal Sales,Normal Sales,0,0,-1.0,0,1.0,
2026-01-13 13:00:00,775.21,493.35,23.97,48.64,36.21,24.63,Normal Sales,Normal Sales,0,0,-1.0,0,1.0,
2026-01-13 14:00:00,826.66,534.95,28.89,46.46,33.75,23.94,Normal Sales,Normal Sales,0,0,-1.0,0,1.0,
2026-01-13 15:00:00,756.92,444.61,24.19,44.26,36.42,21.82,Normal Sales,Normal Sales,0,0,-1.0,0,1.0,
2026-01-13 16:00:00,771.45,489.35,24.73,49.72,36.92,24.27,Normal Sales,Normal Sales,0,0,-1.0,0,1.0,
2026-01-13 17:00:00,1125.6,703.7,40.61,59.39,41.91,30.32,Normal Sales,Normal Sales,0,0,-1.0,0,1.0,
2026-01-13 18:00:00,1024.93,638.17,35.03,54.4,41.17,24.19,Normal Sales,Normal Sales,0,0,-1.0,0,1.0,
2026-01-13 19:00:00,1057.28,657.83,36.5,53.49,44.51,26.71,Normal Sales,Normal Sales,0,0,-1.0,0,1.0,
2026-01-13 20:00:00,1139.8,717.35,38.16,63.84,40.99,31.77,Normal Sales,Normal Sales,0,0,-1.0,0,1.0,
2026-01-13 21:00:00,887.82,533.69,32.14,48.49,39.67,25.86,Normal Sales,Normal Sales,0,0,-1.0,0,1.0,
2026-01-13 22:00:00,839.85,540.97,31.34,44.69,40.89,22.2,Normal Sales,Normal Sales,0,0,-1.0,0,1.0,
2026-01-13 23:00:00,889.18,579.46,29.69,50.16,36.9,26.06,Normal Sales,Normal Sales,0,0,-1.0,0,1.0,
2026-01-14 00:00:00,356.98,240.82,15.87,35.18,28.94,17.6,Normal Sales,Normal Sales,0,0,-1.0,0,1.0,
2026-01-14 01:00:00,332.05,185.72,12.14,33.05,27.18,15.46,Normal Sales,Normal Sales,0,0,-1.0,0,1.0,
2026-01-14 02:00:00,362.09,231.5,11.11,32.37,29.21,17.76,Normal Sales,Normal Sales,0,0,-1.0,0,1.0,
2026-01-14 03:00:00,372.47,231.09,11.84,31.1,30.16,17.04,Normal Sales,Normal Sales,0,0,-1.0,0,1.0,
2026-01-14 04:00:00,357.87,261.85,15.52,31.91,31.48,17.88,Normal Sales,Normal Sales,0,0,-1.0,0,1.0,
2026-01-14 05:00:00,383.83,247.22,13.38,33.31,27.38,15.93,Normal Sales,Normal Sales,0,0,-1.0,0,1.0,
2026-01-14 06:00:00,492.44,308.89,20.45,41.42,33.65,20.72,Normal Sales,Normal Sales,0,0,-1.0,0,1.0,
2026-01-14 07:00:00,476.54,281.89,13.93,32.95,31.76,18.1,Normal Sales,Normal Sales,0,0,-1.0,0,1.0,
2026-01-14 08:00:00,471.88,311.26,14.97,36.38,36.17,17.94,Normal Sales,Normal Sales,0,0,-1.0,0,1.0,
2026-01-14 09:00:00,598.2,363.73,22.21,44.05,31.71,22.09,Normal Sales,Normal Sales,0,0,-1.0,0,1.0,
2026-01-14 10:00:00,668.91,412.08,27.95,38.14,35.88,23.24,Normal Sales,Normal Sales,0,0,-1.0,0,1.0,
2026-01-14 11:00:00,722.02,450.1,25.37,43.05,36.81,22.57,Normal Sales,Normal Sales,0,0,-1.0,0,1.0,
2026-01-14 12:00:00,706.13,428.56,24.32,42.86,38.26,22.61,Normal Sales,Normal Sales,0,0,-1.0,0,1.0,
2026-01-14 13:00:00,697.56,464.03,23.71,42.83,34.67,26.35,Normal Sales,Normal Sales,0,0,-1.0,0,1.0,
2026-01-14 14:00:00,683.68,502.33,29.74,46.63,35.51,25.13,Normal Sales,Normal Sales,0,0,-1.0,0,1.0,
2026-01-14 15:00:00,785.36,503.05,28.78,47.14,36.96,24.27,Normal Sales,Normal Sales,0,0,-1.0,0,1.0,
2026-01-14 16:00:00,757.95,498.28,28.59,39.14,38.2,24.85,Normal Sales,Normal Sales,0,0,-1.0,0,1.0,
2026-01-14 17:00:00,1086.68,664.03,38.77,58.94,40.93,29.41,Normal Sales,Normal Sales,0,0,-1.0,0,1.0,
2026-01-14 18:00:00,1034.85,607.12,32.14,55.76,43.5,28.2,Normal Sales,Normal Sales,0,0,-1.0,0,1.0,
2026-01-14 19:00:00,1127.13,711.72,37.86,60.12,44.76,31.3,Normal Sales,Normal Sales,0,0,-1.0,0,1.0,
2026-01-14 20:00:00,1152.35,732.17,40.97,62.84,43.54,28.54,Normal Sales,Normal Sales,0,0,-1.0,0,1.0,
2026-01-14 21:00:00,839.09,501.61,26.24,46.92,36.68,23.92,Normal Sales,Normal Sales,0,0,-1.0,0,1.0,
2026-01-14 22:00:00,765.89,480.18,26.41,43.69,38.34,25.88,Normal Sales,Normal Sales,0,0,-1.0,0,1.0,
2026-01-14 23:00:00,777.99,463.28,23.94,42.72,38.88,23.19,Normal Sales,Normal Sales,0,0,-1.0,0,1.0,
2026-01-15 00:00:00,357.96,171.84,10.72,25.5,30.21,16.85,Normal Sales,Normal Sales,0,0,-1.0,0,1.0,
2026-01-15 01:00:00,387.44,207.49,5.37,30.9,34.19,19.67,Normal Sales,Normal Sales,0,0,-1.0,0,1.0,
2026-01-15 02:00:00,366.56,214.98,13.44,28.17,31.18,18.39,Normal Sales,Normal Sales,0,0,-1.0,0,1.0,
2026-01-15 03:00:00,381.99,305.83,17.61,33.55,30.44,16.11,Normal Sales,Normal Sales,0,0,-1.0,0,1.0,
2026-01-15 04:00:00,350.16,206.87,10.33,30.49,28.31,19.41,Normal Sales,Normal Sales,0,0,-1.0,0,1.0,
2026-01-15 05:00:00,362.77,224.68,11.7,31.4,31.82,15.88,Normal Sales,Normal Sales,0,0,-1.0,0,1.0,
2026-01-15 06:00:00,506.75,306.59,14.17,33.8,31.66,21.41,Normal Sales,Normal Sales,0,0,-1.0,0,1.0,
2026-01-15 07:00:00,530.87,333.98,20.07,36.93,33.81,20.14,Normal Sales,Normal Sales,0,0,-1.0,0,1.0,
2026-01-15 08:00:00,530.94,314.61,12.43,36.07,35.87,21.72,Normal Sales,Normal Sales,0,0,-1.0,0,1.0,
2026-01-15 09:00:00,718.29,476.24,26.37,45.67,34.98,23.27,Normal Sales,Normal Sales,0,0,-1.0,0,1.0,
2026-01-15 10:00:00,706.31,468.01,25.46,43.59,36.01,24.9,Normal Sales,Normal Sales,0,0,-1.0,0,1.0,
2026-01-15 11:00:00,635.75,336.76,17.42,35.19,33.79,20.12,Normal Sales,Normal Sales,0,0,-1.0,0,1.0,
2026-01-15 12:00:00,669.69,451.52,25.49,44.43,36.63,21.01,Normal Sales,Normal Sales,0,0,-1.0,0,1.0,
2026-01-15 13:00:00,805.62,497.59,28.71,44.16,34.59,26.08,Normal Sales,Normal Sales,0,0,-1.0,0,1.0,
2026-01-15 14:00:00,780.24,461.2,23.63,47.81,34.89,26.82,Normal Sales,Normal Sales,0,0,-1.0,0,1.0,
2026-01-15 15:00:00,731.34,469.39,25.16,46.48,35.34,23.41,Normal Sales,Normal Sales,0,0,-1.0,0,1.0,
2026-01-15 16:00:00,767.4,450.73,26.27,43.14,36.59,21.28,Normal Sales,Normal Sales,0,0,-1.0,0,1.0,
2026-01-15 17:00:00,948.86,583.52,36.92,53.81,40.09,26.06,Normal Sales,Normal Sales,0,0,-1.0,0,1.0,
2026-01-15 18:00:00,1089.51,689.17,35.54,60.51,43.95,30.67,Normal Sales,Normal Sales,0,0,-1.0,0,1.0,
2026-01-15 19:00:00,1112.14,690.02,39.3,59.43,42.2,28.1,Normal Sales,Normal Sales,0,0,-1.0,0,1.0,
2026-01-15 20:00:00,1093.83,716.9,36.95,55.34,42.92,30.02,Normal Sales,Normal Sales,0,0,-1.0,0,1.0,
2026-01-15 21:00:00,853.78,535.44,29.0,52.65,35.31,23.73,Normal Sales,Normal Sales,0,0,-1.0,0,1.0,
2026-01-15 22:00:00,842.07,481.01,26.1,50.54,38.36,24.49,Normal Sales,Normal Sales,0,0,-1.0,0,1.0,
2026-01-15 23:00:00,793.11,476.32,25.45,44.98,40.05,25.02,Normal Sales,Normal Sales,0,0,-1.0,0,1.0,
2026-01-16 00:00:00,342.79,218.69,13.02,33.43,32.99,15.44,Normal Sales,Normal Sales,0,0,-1.0,0,1.0,
2026-01-16 01:00:00,348.24,184.47,9.68,30.25,31.89,16.46,Normal Sales,Normal Sales,0,0,-1.0,0,1.0,
2026-01-16 02:00:00,357.15,225.23,10.72,36.22,26.86,18.0,Normal Sales,Normal Sales,0,0,-1.0,0,1.0,
2026-01-16 03:00:00,399.68,247.97,13.26,31.46,30.43,20.95,Normal Sales,Normal Sales,0,0,-1.0,0,1.0,
2026-01-16 04:00:00,322.82,238.48,10.27,30.65,28.63,19.14,Normal Sales,Normal Sales,0,0,-1.0,0,1.0,
2026-01-16 05:00:00,333.96,218.61,16.07,27.1,30.06,16.14,Normal Sales,Normal Sales,0,0,-1.0,0,1.0,
2026-01-16 06:00:00,535.44,332.45,17.0,38.46,36.71,19.93,Normal Sales,Normal Sales,0,0,-1.0,0,1.0,
2026-01-16 07:00:00,543.14,304.42,14.83,37.22,36.2,20.32,Normal Sales,Normal Sales,0,0,-1.0,0,1.0,
2026-01-16 08:00:00,516.07,319.94,15.1,38.04,34.54,19.09,Normal Sales,Normal Sales,0,0,-1.0,0,1.0,
2026-01-16 09:00:00,669.48,421.72,22.32,42.17,39.58,22.05,Normal Sales,Normal Sales,0,0,-1.0,0,1.0,
2026-01-16 10:00:00,673.31,401.26,23.56,40.99,34.15,24.67,Normal Sales,Normal Sales,0,0,-1.0,0,1.0,
2026-01-16 11:00:00,734.25,440.23,20.48,46.2,35.11,24.59,Normal Sales,Normal Sales,0,0,-1.0,0,1.0,
2026-01-16 12:00:00,618.05,405.51,19.88,43.02,34.54,20.23,Normal Sales,Normal Sales,0,0,-1.0,0,1.0,
2026-01-16 13:00:00,750.65,482.56,26.75,47.18,40.71,20.94,Normal Sales,Normal Sales,0,0,-1.0,0,1.0,
2026-01-16 14:00:00,828.21,516.1,26.59,44.52,37.7,26.75,Normal Sales,Normal Sales,0,0,-1.0,0,1.0,
2026-01-16 15:00:00,761.36,509.82,25.14,47.0,34.44,25.47,Normal Sales,Normal Sales,0,0,-1.0,0,1.0,
2026-01-16 16:00:00,800.23,485.62,21.5,46.75,38.48,24.95,Normal Sales,Normal Sales,0,0,-1.0,0,1.0,
2026-01-16 17:00:00,1156.16,690.04,39.31,61.28,40.1,29.89,Normal Sales,Normal Sales,0,0,-1.0,0,1.0,
2026-01-16 18:00:00,1061.43,656.05,36.78,54.8,40.69,28.47,Normal Sales,Normal Sales,0,0,-1.0,0,1.0,
2026-01-16 19:00:00,1029.68,611.26,34.98,50.87,42.84,28.21,Normal Sales,Normal Sales,0,0,-1.0,0,1.0,
2026-01-16 20:00:00,994.92,599.91,35.38,50.5,39.98,27.92,Normal Sales,Normal Sales,0,0,-1.0,0,1.0,
2026-01-16 21:00:00,880.08,539.36,28.47,52.87,42.44,27.44,Normal Sales,Normal Sales,0,0,-1.0,0,1.0,
2026-01-16 22:00:00,850.52,507.11,26.23,48.93,39.3,27.48,Normal Sales,Normal Sales,0,0,-1.0,0,1.0,
2026-01-16 23:00:00,874.45,504.58,29.86,45.21,38.1,25.11,Normal Sales,Normal Sales,0,0,-1.0,0,1.0,
2026-01-17 00:00:00,528.2,405.23,23.5,40.0,34.05,23.91,Weekend Sales,Weekend Sales,0,0,-1.0,0,1.0,
2026-01-17 01:00:00,472.57,337.88,19.04,38.23,33.37,21.29,Weekend Sales,Weekend Sales,0,0,-1.0,0,1.0,
2026-01-17 02:00:00,500.42,294.83,15.1,32.52,33.39,20.93,Weekend Sales,Weekend Sales,0,0,-1.0,0,1.0,
2026-01-17 03:00:00,491.27,346.45,19.04,39.19,30.17,19.89,Weekend Sales,Weekend Sales,0,0,-1.0,0,1.0,
2026-01-17 04:00:00,496.98,329.35,17.53,36.62,29.41,19.52,Weekend Sales,Weekend Sales,0,0,-1.0,0,1.0,
2026-01-17 05:00:00,501.66,325.41,18.9,36.78,32.54,18.81,Weekend Sales,Weekend Sales,0,0,-1.0,0,1.0,
2026-01-17 06:00:00,717.97,455.67,26.05,42.93,31.9,25.59,Weekend Sales,Weekend Sales,0,0,-1.0,0,1.0,
2026-01-17 07:00:00,677.12,398.24,23.29,40.36,37.63,23.19,Weekend Sales,Weekend Sales,0,0,-1.0,0,1.0,
2026-01-17 08:00:00,717.44,410.66,25.01,42.87,35.46,22.55,Weekend Sales,Weekend Sales,0,0,-1.0,0,1.0,
2026-01-17 09:00:00,826.62,522.72,26.69,44.75,35.01,27.29,Weekend Sales,Weekend Sales,0,0,-1.0,0,1.0,
2026-01-17 10:00:00,878.64,583.1,31.0,47.0,36.7,29.05,Weekend Sales,Weekend Sales,0,0,-1.0,0,1.0,
2026-01-17 11:00:00,900.11,544.36,30.26,50.95,41.54,28.51,Weekend Sales,Weekend Sales,0,0,-1.0,0,1.0,
2026-01-17 12:00:00,890.87,519.19,27.73,49.14,37.22,23.07,Weekend Sales,Weekend Sales,0,0,-1.0,0,1.0,
2026-01-17 13:00:00,1031.34,638.21,35.17,53.07,41.07,26.11,Weekend Sales,Weekend Sales,0,0,-1.0,0,1.0,
2026-01-17 14:00:00,1059.04,682.49,33.84,54.86,39.01,27.76,Weekend Sales,Weekend Sales,0,0,-1.0,0,1.0,
2026-01-17 15:00:00,1009.68,589.76,30.59,50.11,41.58,26.88,Weekend Sales,Weekend Sales,0,0,-1.0,0,1.0,
2026-01-17 16:00:00,977.32,610.36,32.48,52.61,43.96,29.94,Weekend Sales,Weekend Sales,0,0,-1.0,0,1.0,
2026-01-17 17:00:00,1347.2,856.01,48.7,64.43,48.54,36.48,Weekend Sales,Weekend Sales,0,0,-1.0,0,1.0,
2026-01-17 18:00:00,1359.95,820.23,47.15,66.47,48.22,33.19,Weekend Sales,Weekend Sales,0,0,-1.0,0,1.0,
2026-01-17 19:00:00,1468.97,877.6,50.36,72.17,48.51,33.85,Weekend Sales,Weekend Sales,0,0,-1.0,0,1.0,
2026-01-17 20:00:00,1330.52,837.78,47.22,66.19,48.87,32.28,Weekend Sales,Weekend Sales,0,0,-1.0,0,1.0,
2026-01-17 21:00:00,1152.28,688.92,37.84,57.78,44.04,28.48,Weekend Sales,Weekend Sales,0,0,-1.0,0,1.0,
2026-01-17 22:00:00,1113.27,710.88,38.22,54.88,46.42,32.53,Weekend Sales,Weekend Sales,0,0,-1.0,0,1.0,
2026-01-17 23:00:00,1048.23,667.15,35.69,57.07,42.41,28.21,Weekend Sales,Weekend Sales,0,0,-1.0,0,1.0,
2026-01-18 00:00:00,461.7,268.99,12.96,31.72,31.71,17.29,Weekend Sales,Weekend Sales,0,0,-1.0,0,1.0,
2026-01-18 01:00:00,496.92,345.27,17.83,38.11,33.45,21.58,Weekend Sales,Weekend Sales,0,0,-1.0,0,1.0,
2026-01-18 02:00:00,482.36,317.63,18.43,33.06,33.94,21.72,Weekend Sales,Weekend Sales,0,0,-1.0,0,1.0,
2026-01-18 03:00:00,462.2,287.51,17.18,34.11,34.0,23.92,Weekend Sales,Weekend Sales,0,0,-1.0,0,1.0,
2026-01-18 04:00:00,461.65,251.7,14.45,34.82,31.39,21.2,Weekend Sales,Weekend Sales,0,0,-1.0,0,1.0,
2026-01-18 05:00:00,448.37,295.31,15.03,39.17,35.61,17.85,Weekend Sales,Weekend Sales,0,0,-1.0,0,1.0,
2026-01-18 06:00:00,675.03,440.01,23.43,43.09,35.53,19.16,Weekend Sales,Weekend Sales,0,0,-1.0,0,1.0,
2026-01-18 07:00:00,693.63,412.8,21.72,45.73,33.28,23.95,Weekend Sales,Weekend Sales,0,0,-1.0,0,1.0,
2026-01-18 08:00:00,684.42,417.35,24.53,43.11,36.78,24.37,Weekend Sales,Weekend Sales,0,0,-1.0,0,1.0,
2026-01-18 09:00:00,892.64,538.13,27.43,47.29,45.07,27.94,Weekend Sales,Weekend Sales,0,0,-1.0,0,1.0,
2026-01-18 10:00:00,846.36,491.68,28.01,48.26,39.49,23.78,Weekend Sales,Weekend Sales,0,0,-1.0,0,1.0,
2026-01-18 11:00:00,901.98,567.43,31.38,45.2,38.87,24.48,Weekend Sales,Weekend Sales,0,0,-1.0,0,1.0,
2026-01-18 12:00:00,915.63,642.32,36.06,53.45,41.41,29.02,Weekend Sales,Weekend Sales,0,0,-1.0,0,1.0,
2026-01-18 13:00:00,1035.77,657.35,40.27,53.04,42.56,26.58,Weekend Sales,Weekend Sales,0,0,-1.0,0,1.0,
2026-01-18 14:00:00,1042.64,623.47,33.46,53.66,43.68,29.42,Weekend Sales,Weekend Sales,0,0,-1.0,0,1.0,
2026-01-18 15:00:00,951.28,591.16,31.09,49.07,39.74,26.16,Weekend Sales,Weekend Sales,0,0,-1.0,0,1.0,
2026-01-18 16:00:00,1137.55,716.11,36.63,57.91,45.38,34.08,Weekend Sales,Weekend Sales,0,0,-1.0,0,1.0,
2026-01-18 17:00:00,1327.29,775.92,46.42,64.51,44.83,32.47,Weekend Sales,Weekend Sales,0,0,-1.0,0,1.0,
2026-01-18 18:00:00,1251.62,776.09,43.34,65.25,43.25,31.57,Weekend Sales,Weekend Sales,0,0,-1.0,0,1.0,
2026-01-18 19:00:00,1374.9,858.82,45.44,66.63,45.38,34.77,Weekend Sales,Weekend Sales,0,0,-1.0,0,1.0,
2026-01-18 20:00:00,1503.48,926.29,51.02,68.09,48.96,35.06,Weekend Sales,Weekend Sales,0,0,-1.0,0,1.0,
2026-01-18 21:00:00,1268.18,758.47,44.64,64.77,46.12,34.48,Weekend Sales,Weekend Sales,0,0,-1.0,0,1.0,
2026-01-18 22:00:00,1142.11,717.84,39.37,62.5,45.61,28.69,Weekend Sales,Weekend Sales,0,0,-1.0,0,1.0,
2026-01-18 23:00:00,1047.29,644.24,33.83,55.21,44.28,27.19,Weekend Sales,Weekend Sales,0,0,-1.0,0,1.0,
2026-01-19 00:00:00,362.77,226.37,14.15,25.47,28.95,18.08,Normal Sales,Normal Sales,0,0,-1.0,0,1.0,
2026-01-19 01:00:00,385.37,226.63,8.71,32.83,29.28,15.29,Normal Sales,Normal Sales,0,0,-1.0,0,1.0,
2026-01-19 02:00:00,352.2,213.75,10.55,24.92,31.78,19.89,Normal Sales,Normal Sales,0,0,-1.0,0,1.0,
2026-01-19 03:00:00,375.39,204.3,10.83,30.18,31.58,18.44,Normal Sales,Normal Sales,0,0,-1.0,0,1.0,
2026-01-19 04:00:00,350.21,219.18,12.97,34.3,31.36,19.06,Normal Sales,Normal Sales,0,0,-1.0,0,1.0,
2026-01-19 05:00:00,365.07,261.61,15.21,30.54,33.01,19.94,Normal Sales,Normal Sales,0,0,-1.0,0,1.0,
2026-01-19 06:00:00,513.5,306.38,17.44,37.05,33.12,20.28,Normal Sales,Normal Sales,0,0,-1.0,0,1.0,
2026-01-19 07:00:00,569.76,380.04,21.28,42.01,31.62,22.3,Normal Sales,Normal Sales,0,0,-1.0,0,1.0,
2026-01-19 08:00:00,572.63,349.58,17.53,36.68,31.56,19.17,Normal Sales,Normal Sales,0,0,-1.0,0,1.0,
2026-01-19 09:00:00,673.99,382.73,21.08,42.87,33.64,24.61,Normal Sales,Normal Sales,0,0,-1.0,0,1.0,
2026-01-19 10:00:00,704.25,462.4,24.12,46.58,33.79,25.34,Normal Sales,Normal Sales,0,0,-1.0,0,1.0,
2026-01-19 11:00:00,692.61,443.25,22.03,41.25,36.97,21.18,Normal Sales,Normal Sales,0,0,-1.0,0,1.0,
2026-01-19 12:00:00,702.61,401.44,23.78,38.6,37.05,23.29,Normal Sales,Normal Sales,0,0,-1.0,0,1.0,
2026-01-19 13:00:00,740.76,473.82,26.58,43.9,34.58,19.92,Normal Sales,Normal Sales,0,0,-1.0,0,1.0,
2026-01-19 14:00:00,780.91,445.05,24.67,43.62,38.63,22.52,Normal Sales,Normal Sales,0,0,-1.0,0,1.0,
2026-01-19 15:00:00,754.85,486.31,27.42,46.71,37.77,21.09,Normal Sales,Normal Sales,0,0,-1.0,0,1.0,
2026-01-19 16:00:00,796.54,509.16,25.97,46.67,37.46,24.46,Normal Sales,Normal Sales,0,0,-1.0,0,1.0,
2026-01-19 17:00:00,1108.86,723.28,41.94,56.14,44.09,32.74,Normal Sales,Normal Sales,0,0,-1.0,0,1.0,
2026-01-19 18:00:00,1111.75,716.56,43.44,61.7,43.4,32.0,Normal Sales,Normal Sales,0,0,-1.0,0,1.0,
2026-01-19 19:00:00,1098.55,681.7,36.79,61.37,41.04,32.11,Normal Sales,Normal Sales,0,0,-1.0,0,1.0,
2026-01-19 20:00:00,1117.91,658.12,36.93,51.31,44.26,30.22,Normal Sales,Normal Sales,0,0,-1.0,0,1.0,
2026-01-19 21:00:00,823.16,513.45,32.15,46.43,35.88,27.8,Normal Sales,Normal Sales,0,0,-1.0,0,1.0,
2026-01-19 22:00:00,931.53,577.64,33.79,54.8,38.35,25.47,Normal Sales,Normal Sales,0,0,-1.0,0,1.0,
2026-01-19 23:00:00,900.49,600.43,34.15,50.02,43.28,25.95,Normal Sales,Normal Sales,0,0,-1.0,0,1.0,
2026-01-20 00:00:00,357.65,230.3,15.77,33.36,30.91,18.68,Normal Sales,Normal Sales,0,0,-1.0,0,1.0,
2026-01-20 01:00:00,364.54,239.97,8.14,30.97,30.68,15.7,Normal Sales,Normal Sales,0,0,-1.0,0,1.0,
2026-01-20 02:00:00,370.77,224.77,15.87,35.01,29.37,17.32,Normal Sales,Normal Sales,0,0,-1.0,0,1.0,
2026-01-20 03:00:00,362.4,213.4,12.13,28.61,27.9,18.58,Normal Sales,Normal Sales,0,0,-1.0,0,1.0,
2026-01-20 04:00:00,375.2,212.51,13.48,28.99,30.88,18.95,Normal Sales,Normal Sales,0,0,-1.0,0,1.0,
2026-01-20 05:00:00,363.14,236.51,11.98,31.06,29.76,16.42,Normal Sales,Normal Sales,0,0,-1.0,0,1.0,
2026-01-20 06:00:00,520.77,284.16,14.65,34.24,32.34,18.62,Normal Sales,Normal Sales,0,0,-1.0,0,1.0,
2026-01-20 07:00:00,523.79,336.74,20.27,35.72,30.5,18.33,Normal Sales,Normal Sales,0,0,-1.0,0,1.0,
2026-01-20 08:00:00,512.61,309.02,15.46,32.77,31.8,20.09,Normal Sales,Normal Sales,0,0,-1.0,0,1.0,
2026-01-20 09:00:00,707.52,424.73,22.53,40.46,35.96,20.92,Normal Sales,Normal Sales,0,0,-1.0,0,1.0,
2026-01-20 10:00:00,706.77,393.55,20.93,42.12,36.38,27.22,Normal Sales,Normal Sales,0,0,-1.0,0,1.0,
2026-01-20 11:00:00,699.1,408.34,22.27,37.53,35.72,20.54,Normal Sales,Normal Sales,0,0,-1.0,0,1.0,
2026-01-20 12:00:00,718.53,431.75,23.51,41.59,39.69,22.15,Normal Sales,Normal Sales,0,0,-1.0,0,1.0,
2026-01-20 13:00:00,838.27,540.08,30.67,49.93,39.04,21.65,Normal Sales,Normal Sales,0,0,-1.0,0,1.0,
2026-01-20 14:00:00,757.2,490.6,26.88,42.62,36.77,27.67,Normal Sales,Normal Sales,0,0,-1.0,0,1.0,
2026-01-20 15:00:00,815.79,504.24,29.64,46.3,34.46,22.76,Normal Sales,Normal Sales,0,0,-1.0,0,1.0,
2026-01-20 16:00:00,827.92,506.46,27.37,46.66,41.88,27.91,Normal Sales,Normal Sales,0,0,-1.0,0,1.0,
2026-01-20 17:00:00,1212.31,747.65,41.71,57.55,47.56,28.36,Normal Sales,Normal Sales,0,0,-1.0,0,1.0,
2026-01-20 18:00:00,1103.07,656.47,34.93,54.27,41.54,27.33,Normal Sales,Normal Sales,0,0,-1.0,0,1.0,
2026-01-20 19:00:00,1061.33,678.86,35.13,57.59,44.48,27.95,Normal Sales,Normal Sales,0,0,-1.0,0,1.0,
2026-01-20 20:00:00,1052.07,646.52,37.92,56.0,40.82,29.13,Normal Sales,Normal Sales,0,0,-1.0,0,1.0,
2026-01-20 21:00:00,801.97,514.25,29.1,46.79,35.96,23.08,Normal Sales,Normal Sales,0,0,-1.0,0,1.0,
2026-01-20 22:00:00,871.44,571.02,30.13,51.81,34.64,25.11,Normal Sales,Normal Sales,0,0,-1.0,0,1.0,
2026-01-20 23:00:00,847.43,502.66,25.77,45.73,38.99,24.19,Normal Sales,Normal Sales,0,0,-1.0,0,1.0,
2026-01-21 00:00:00,323.22,147.38,6.89,28.36,24.0,14.68,Normal Sales,Normal Sales,0,0,-1.0,0,1.0,
2026-01-21 01:00:00,354.37,254.42,13.22,33.24,30.31,14.1,Normal Sales,Normal Sales,0,0,-1.0,0,1.0,
2026-01-21 02:00:00,377.92,239.7,14.2,41.63,26.26,21.44,Normal Sales,Normal Sales,0,0,-1.0,0,1.0,
2026-01-21 03:00:00,358.71,229.59,12.54,30.14,28.96,18.4,Normal Sales,Normal Sales,0,0,-1.0,0,1.0,
2026-01-21 04:00:00,336.34,227.29,11.67,28.09,28.82,20.2,Normal Sales,Normal Sales,0,0,-1.0,0,1.0,
2026-01-21 05:00:00,354.2,228.57,11.11,33.01,31.39,21.41,Normal Sales,Normal Sales,0,0,-1.0,0,1.0,
2026-01-21 06:00:00,521.08,339.79,18.88,40.7,31.42,21.98,Normal Sales,Normal Sales,0,0,-1.0,0,1.0,
2026-01-21 07:00:00,520.58,321.16,17.85,37.25,32.62,20.46,Normal Sales,Normal Sales,0,0,-1.0,0,1.0,
2026-01-21 08:00:00,567.18,376.29,22.43,38.33,31.86,23.32,Normal Sales,Normal Sales,0,0,-1.0,0,1.0,
2026-01-21 09:00:00,717.56,481.71,25.29,44.84,32.92,23.26,Normal Sales,Normal Sales,0,0,-1.0,0,1.0,
2026-01-21 10:00:00,721.71,435.8,25.25,42.91,36.92,20.6,Normal Sales,Normal Sales,0,0,-1.0,0,1.0,
2026-01-21 11:00:00,690.38,353.26,19.06,35.34,38.15,22.39,Normal Sales,Normal Sales,0,0,-1.0,0,1.0,
2026-01-21 12:00:00,703.49,474.19,24.18,49.33,37.82,23.38,Normal Sales,Normal Sales,0,0,-1.0,0,1.0,
2026-01-21 13:00:00,811.96,475.75,24.52,44.38,36.75,21.78,Normal Sales,Normal Sales,0,0,-1.0,0,1.0,
2026-01-21 14:00:00,815.32,499.02,28.15,45.55,34.22,25.02,Normal Sales,Normal Sales,0,0,-1.0,0,1.0,
2026-01-21 15:00:00,694.87,429.1,20.86,47.84,37.64,22.94,Normal Sales,Normal Sales,0,0,-1.0,0,1.0,
2026-01-21 16:00:00,816.88,485.31,27.78,46.87,38.41,26.68,Normal Sales,Normal Sales,0,0,-1.0,0,1.0,
2026-01-21 17:00:00,1131.82,708.95,35.68,56.56,43.0,29.91,Normal Sales,Normal Sales,0,0,-1.0,0,1.0,
2026-01-21 18:00:00,1030.14,698.98,41.48,59.2,41.66,29.05,Normal Sales,Normal Sales,0,0,-1.0,0,1.0,
2026-01-21 19:00:00,1039.87,646.66,36.08,52.31,42.35,27.86,Normal Sales,Normal Sales,0,0,-1.0,0,1.0,
2026-01-21 20:00:00,987.69,590.86,31.67,57.21,41.9,24.1,Normal Sales,Normal Sales,0,0,-1.0,0,1.0,
2026-01-21 21:00:00,869.84,500.62,29.7,46.31,38.6,27.17,Normal Sales,Normal Sales,0,0,-1.0,0,1.0,
2026-01-21 22:00:00,794.55,457.69,24.01,47.55,34.47,17.78,Normal Sales,Normal Sales,0,0,-1.0,0,1.0,
2026-01-21 23:00:00,830.05,528.42,31.46,47.26,37.29,27.52,Normal Sales,Normal Sales,0,0,-1.0,0,1.0,
2026-01-22 00:00:00,330.1,194.95,11.1,30.54,28.59,16.94,Normal Sales,Normal Sales,0,0,-1.0,0,1.0,
2026-01-22 01:00:00,318.84,181.22,10.87,26.25,29.54,17.42,Normal Sales,Normal Sales,0,0,-1.0,0,1.0,
2026-01-22 02:00:00,357.91,226.16,10.51,30.52,31.3,17.97,Normal Sales,Normal Sales,0,0,-1.0,0,1.0,
2026-01-22 03:00:00,353.46,224.75,13.79,25.82,32.33,16.95,Normal Sales,Normal Sales,0,0,-1.0,0,1.0,
2026-01-22 04:00:00,371.89,260.5,11.58,30.92,29.75,16.95,Normal Sales,Normal Sales,0,0,-1.0,0,1.0,
2026-01-22 05:00:00,395.73,223.93,11.21,31.75,28.32,16.81,Normal Sales,Normal Sales,0,0,-1.0,0,1.0,
2026-01-22 06:00:00,534.33,322.96,17.58,35.48,30.05,20.72,Normal Sales,Normal Sales,0,0,-1.0,0,1.0,
2026-01-22 07:00:00,572.14,355.18,19.99,40.29,31.19,24.28,Normal Sales,Normal Sales,0,0,-1.0,0,1.0,
2026-01-22 08:00:00,531.3,370.21,18.9,43.45,34.58,22.36,Normal Sales,Normal Sales,0,0,-1.0,0,1.0,
2026-01-22 09:00:00,695.87,425.23,25.79,43.05,31.9,20.4,Normal Sales,Normal Sales,0,0,-1.0,0,1.0,
2026-01-22 10:00:00,681.43,430.24,23.55,45.86,31.68,23.04,Normal Sales,Normal Sales,0,0,-1.0,0,1.0,
2026-01-22 11:00:00,625.3,406.68,22.18,42.35,32.9,24.73,Normal Sales,Normal Sales,0,0,-1.0,0,1.0,
2026-01-22 12:00:00,723.65,463.25,25.22,46.09,34.89,25.29,Normal Sales,Normal Sales,0,0,-1.0,0,1.0,
2026-01-22 13:00:00,832.15,542.7,28.39,49.98,35.56,26.71,Normal Sales,Normal Sales,0,0,-1.0,0,1.0,
2026-01-22 14:00:00,786.07,440.61,21.91,43.41,36.76,20.6,Normal Sales,Normal Sales,0,0,-1.0,0,1.0,
2026-01-22 15:00:00,783.7,492.18,26.68,44.53,39.42,27.62,Normal Sales,Normal Sales,0,0,-1.0,0,1.0,
2026-01-22 16:00:00,750.16,449.79,25.72,43.35,36.47,24.72,Normal Sales,Normal Sales,0,0,-1.0,0,1.0,
2026-01-22 17:00:00,988.14,645.6,35.65,53.93,40.62,28.06,Normal Sales,Normal Sales,0,0,-1.0,0,1.0,
2026-01-22 18:00:00,997.87,656.05,36.17,56.61,42.87,26.36,Normal Sales,Normal Sales,0,0,-1.0,0,1.0,
2026-01-22 19:00:00,1118.29,686.65,39.46,52.53,42.81,27.96,Normal Sales,Normal Sales,0,0,-1.0,0,1.0,
2026-01-22 20:00:00,1116.04,703.69,37.29,56.81,42.75,27.8,Normal Sales,Normal Sales,0,0,-1.0,0,1.0,
2026-01-22 21:00:00,885.44,539.74,23.87,48.43,36.98,22.23,Normal Sales,Normal Sales,0,0,-1.0,0,1.0,
2026-01-22 22:00:00,797.1,496.93,29.99,47.52,36.34,25.34,Normal Sales,Normal Sales,0,0,-1.0,0,1.0,
2026-01-22 23:00:00,830.16,497.34,25.04,42.64,37.33,24.75,Normal Sales,Normal Sales,0,0,-1.0,0,1.0,
2026-01-23 00:00:00,362.58,214.4,9.9,32.07,27.53,18.91,Normal Sales,Normal Sales,0,0,-1.0,0,1.0,
2026-01-23 01:00:00,346.08,195.76,7.83,28.32,31.83,17.93,Normal Sales,Normal Sales,0,0,-1.0,0,1.0,
2026-01-23 02:00:00,382.16,250.0,11.54,31.48,28.94,20.91,Normal Sales,Normal Sales,0,0,-1.0,0,1.0,
2026-01-23 03:00:00,342.54,234.72,14.7,35.88,29.0,19.29,Normal Sales,Normal Sales,0,0,-1.0,0,1.0,
2026-01-23 04:00:00,405.9,236.22,9.92,27.18,32.33,14.14,Normal Sales,Normal Sales,0,0,-1.0,0,1.0,
2026-01-23 05:00:00,357.56,232.62,13.16,32.39,30.52,20.37,Normal Sales,Normal Sales,0,0,-1.0,0,1.0,
2026-01-23 06:00:00,501.21,293.83,14.62,37.31,34.32,20.25,Normal Sales,Normal Sales,0,0,-1.0,0,1.0,
2026-01-23 07:00:00,557.41,316.14,20.72,40.49,34.95,23.47,Normal Sales,Normal Sales,0,0,-1.0,0,1.0,
2026-01-23 08:00:00,482.68,286.15,14.27,36.54,30.11,20.67,Normal Sales,Normal Sales,0,0,-1.0,0,1.0,
2026-01-23 09:00:00,735.36,473.3,26.6,42.71,34.81,26.33,Normal Sales,Normal Sales,0,0,-1.0,0,1.0,
2026-01-23 10:00:00,715.01,442.33,23.49,38.56,34.01,26.88,Normal Sales,Normal Sales,0,0,-1.0,0,1.0,
2026-01-23 11:00:00,644.14,404.1,24.24,38.2,35.32,23.98,Normal Sales,Normal Sales,0,0,-1.0,0,1.0,
2026-01-23 12:00:00,688.63,498.66,24.09,48.6,35.36,26.01,Normal Sales,Normal Sales,0,0,-1.0,0,1.0,
2026-01-23 13:00:00,786.13,469.07,26.26,40.75,38.57,24.32,Normal Sales,Normal Sales,0,0,-1.0,0,1.0,
2026-01-23 14:00:00,793.72,518.56,29.26,48.06,35.73,23.54,Normal Sales,Normal Sales,0,0,-1.0,0,1.0,
2026-01-23 15:00:00,814.8,541.09,29.28,48.98,36.04,27.87,Normal Sales,Normal Sales,0,0,-1.0,0,1.0,
2026-01-23 16:00:00,794.75,541.28,28.01,47.77,37.97,26.82,Normal Sales,Normal Sales,0,0,-1.0,0,1.0,
2026-01-23 17:00:00,1081.23,648.54,37.43,57.64,40.55,30.92,Normal Sales,Normal Sales,0,0,-1.0,0,1.0,
2026-01-23 18:00:00,1156.97,720.68,39.8,61.07,41.95,30.08,Normal Sales,Normal Sales,0,0,-1.0,0,1.0,
2026-01-23 19:00:00,975.39,626.65,31.34,57.76,39.92,27.24,Normal Sales,Normal Sales,0,0,-1.0,0,1.0,
2026-01-23 20:00:00,1058.71,649.2,38.54,49.46,44.55,28.91,Normal Sales,Normal Sales,0,0,-1.0,0,1.0,
2026-01-23 21:00:00,798.82,468.39,29.11,43.1,35.27,25.98,Normal Sales,Normal Sales,0,0,-1.0,0,1.0,
2026-01-23 22:00:00,864.52,512.55,28.62,45.42,40.9,26.94,Normal Sales,Normal Sales,0,0,-1.0,0,1.0,
2026-01-23 23:00:00,872.74,550.14,33.78,49.74,36.47,26.65,Normal Sales,Normal Sales,0,0,-1.0,0,1.0,
2026-01-24 00:00:00,532.38,304.71,16.04,37.01,32.94,17.65,Weekend Sales,Weekend Sales,0,0,-1.0,0,1.0,
2026-01-24 01:00:00,509.14,373.67,20.94,36.63,29.56,21.86,Weekend Sales,Weekend Sales,0,0,-1.0,0,1.0,
2026-01-24 02:00:00,508.71,327.28,18.0,35.32,30.46,21.85,Weekend Sales,Weekend Sales,0,0,-1.0,0,1.0,
2026-01-24 03:00:00,504.13,273.92,18.25,35.79,35.37,16.16,Weekend Sales,Weekend Sales,0,0,-1.0,0,1.0,
2026-01-24 04:00:00,449.18,274.77,16.12,38.45,33.05,18.38,Weekend Sales,Weekend Sales,0,0,-1.0,0,1.0,
2026-01-24 05:00:00,457.36,314.31,15.36,39.87,31.21,23.04,Weekend Sales,Weekend Sales,0,0,-1.0,0,1.0,
2026-01-24 06:00:00,720.01,442.98,23.33,42.84,37.1,23.23,Weekend Sales,Weekend Sales,0,0,-1.0,0,1.0,
2026-01-24 07:00:00,675.69,414.79,22.97,36.75,36.4,20.41,Weekend Sales,Weekend Sales,0,0,-1.0,0,1.0,
2026-01-24 08:00:00,656.21,364.67,16.47,36.27,33.74,25.02,Weekend Sales,Weekend Sales,0,0,-1.0,0,1.0,
2026-01-24 09:00:00,886.69,554.19,31.28,50.36,38.92,23.46,Weekend Sales,Weekend Sales,0,0,-1.0,0,1.0,
2026-01-24 10:00:00,976.7,650.73,32.42,52.54,40.04,26.34,Weekend Sales,Weekend Sales,0,0,-1.0,0,1.0,
2026-01-24 11:00:00,933.67,560.67,35.17,53.68,40.3,28.07,Weekend Sales,Weekend Sales,0,0,-1.0,0,1.0,
2026-01-24 12:00:00,960.99,581.71,30.36,52.06,42.06,26.82,Weekend Sales,Weekend Sales,0,0,-1.0,0,1.0,
2026-01-24 13:00:00,937.52,561.19,30.72,50.56,43.88,23.26,Weekend Sales,Weekend Sales,0,0,-1.0,0,1.0,
2026-01-24 14:00:00,1043.5,684.2,42.17,56.13,42.72,30.24,Weekend Sales,Weekend Sales,0,0,-1.0,0,1.0,
2026-01-24 15:00:00,1027.71,634.71,35.78,48.45,42.84,28.12,Weekend Sales,Weekend Sales,0,0,-1.0,0,1.0,
2026-01-24 16:00:00,1006.45,675.17,35.78,55.43,45.09,27.22,Weekend Sales,Weekend Sales,0,0,-1.0,0,1.0,
2026-01-24 17:00:00,1406.52,868.37,49.44,68.85,45.33,32.64,Weekend Sales,Weekend Sales,0,0,-1.0,0,1.0,
2026-01-24 18:00:00,1402.38,867.54,48.57,69.3,44.29,35.82,Weekend Sales,Weekend Sales,0,0,-1.0,0,1.0,
2026-01-24 19:00:00,1464.57,942.64,52.73,74.89,49.83,38.26,Weekend Sales,Weekend Sales,0,0,-1.0,0,1.0,
2026-01-24 20:00:00,1484.07,917.67,55.02,73.39,50.38,32.39,Weekend Sales,Weekend Sales,0,0,-1.0,0,1.0,
2026-01-24 21:00:00,1052.44,659.83,36.58,54.58,42.17,31.67,Weekend Sales,Weekend Sales,0,0,-1.0,0,1.0,
2026-01-24 22:00:00,1164.01,693.16,37.9,56.49,43.01,28.5,Weekend Sales,Weekend Sales,0,0,-1.0,0,1.0,
2026-01-24 23:00:00,1098.04,649.4,35.46,54.61,36.81,32.34,Weekend Sales,Weekend Sales,0,0,-1.0,0,1.0,
2026-01-25 00:00:00,508.62,305.94,16.86,32.91,36.04,23.44,Weekend Sales,Weekend Sales,0,0,-1.0,0,1.0,
2026-01-25 01:00:00,486.14,327.0,18.34,33.26,31.44,20.44,Weekend Sales,Weekend Sales,0,0,-1.0,0,1.0,
2026-01-25 02:00:00,471.4,286.8,15.59,34.48,32.12,17.05,Weekend Sales,Weekend Sales,0,0,-1.0,0,1.0,
2026-01-25 03:00:00,465.07,256.23,16.05,27.99,34.21,21.18,Weekend Sales,Weekend Sales,0,0,-1.0,0,1.0,
2026-01-25 04:00:00,475.07,229.47,11.9,31.97,30.06,16.71,Weekend Sales,Weekend Sales,0,0,-1.0,0,1.0,
2026-01-25 05:00:00,519.27,338.57,16.77,33.4,32.17,20.04,Weekend Sales,Weekend Sales,0,0,-1.0,0,1.0,
2026-01-25 06:00:00,714.03,429.32,24.64,47.87,37.77,22.64,Weekend Sales,Weekend Sales,0,0,-1.0,0,1.0,
2026-01-25 07:00:00,690.36,419.11,25.41,40.81,35.83,22.58,Weekend Sales,Weekend Sales,0,0,-1.0,0,1.0,
2026-01-25 08:00:00,679.26,386.83,21.92,40.69,36.55,20.6,Weekend Sales,Weekend Sales,0,0,-1.0,0,1.0,
2026-01-25 09:00:00,966.74,577.46,35.18,47.35,41.3,27.39,Weekend Sales,Weekend Sales,0,0,-1.0,0,1.0,
2026-01-25 10:00:00,874.88,553.04,32.98,44.34,39.88,20.84,Weekend Sales,Weekend Sales,0,0,-1.0,0,1.0,
2026-01-25 11:00:00,867.13,578.35,30.65,48.03,38.35,30.59,Weekend Sales,Weekend Sales,0,0,-1.0,0,1.0,
2026-01-25 12:00:00,827.68,486.88,29.77,51.18,37.86,21.69,Weekend Sales,Weekend Sales,0,0,-1.0,0,1.0,
2026-01-25 13:00:00,1125.03,737.38,41.91,58.15,43.03,30.11,Weekend Sales,Weekend Sales,0,0,-1.0,0,1.0,
2026-01-25 14:00:00,1035.16,678.08,39.05,54.1,44.35,29.58,Weekend Sales,Weekend Sales,0,0,-1.0,0,1.0,
2026-01-25 15:00:00,1053.3,689.71,35.71,57.37,40.84,26.11,Weekend Sales,Weekend Sales,0,0,-1.0,0,1.0,
2026-01-25 16:00:00,1035.97,705.09,35.1,57.94,42.89,29.87,Weekend Sales,Weekend Sales,0,0,-1.0,0,1.0,
2026-01-25 17:00:00,1438.9,859.64,47.75,66.3,44.08,35.88,Weekend Sales,Weekend Sales,0,0,-1.0,0,1.0,
2026-01-25 18:00:00,1516.43,941.48,52.24,75.18,50.23,37.34,Weekend Sales,Weekend Sales,0,0,-1.0,0,1.0,
2026-01-25 19:00:00,1425.56,916.65,51.06,71.14,45.69,35.49,Weekend Sales,Weekend Sales,0,0,-1.0,0,1.0,
2026-01-25 20:00:00,1386.89,843.91,44.78,64.41,51.83,35.76,Weekend Sales,Weekend Sales,0,0,-1.0,0,1.0,
2026-01-25 21:00:00,1233.58,734.25,40.53,57.68,43.58,28.52,Weekend Sales,Weekend Sales,0,0,-1.0,0,1.0,
2026-01-25 22:00:00,1195.27,731.16,42.35,61.97,48.93,27.32,Weekend Sales,Weekend Sales,0,0,-1.0,0,1.0,
2026-01-25 23:00:00,1196.37,770.41,40.43,64.76,45.01,30.81,Weekend Sales,Weekend Sales,0,0,-1.0,0,1.0,
2026-01-26 00:00:00,349.9,198.96,15.04,29.75,31.51,15.39,Normal Sales,Normal Sales,0,0,-1.0,0,1.0,
2026-01-26 01:00:00,350.7,244.48,10.75,30.77,30.03,18.33,Normal Sales,Normal Sales,0,0,-1.0,0,1.0,
2026-01-26 02:00:00,361.66,234.13,14.26,33.27,28.18,17.28,Normal Sales,Normal Sales,0,0,-1.0,0,1.0,
2026-01-26 03:00:00,386.73,262.14,11.67,33.77,26.62,18.65,Normal Sales,Normal Sales,0,0,-1.0,0,1.0,
2026-01-26 04:00:00,399.56,224.03,10.65,33.19,27.71,16.34,Normal Sales,Normal Sales,0,0,-1.0,0,1.0,
2026-01-26 05:00:00,375.81,217.15,11.47,32.64,31.23,17.96,Normal Sales,Normal Sales,0,0,-1.0,0,1.0,
2026-01-26 06:00:00,518.19,330.53,17.93,38.16,31.82,19.9,Normal Sales,Normal Sales,0,0,-1.0,0,1.0,
2026-01-26 07:00:00,501.03,309.76,15.42,33.16,33.03,20.17,Normal Sales,Normal Sales,0,0,-1.0,0,1.0,
2026-01-26 08:00:00,547.76,328.83,18.9,38.56,34.2,18.57,Normal Sales,Normal Sales,0,0,-1.0,0,1.0,
2026-01-26 09:00:00,694.46,439.67,24.2,38.12,36.13,27.42,Normal Sales,Normal Sales,0,0,-1.0,0,1.0,
2026-01-26 10:00:00,676.91,401.48,22.83,42.26,37.89,19.52,Normal Sales,Normal Sales,0,0,-1.0,0,1.0,
2026-01-26 11:00:00,714.52,457.76,24.89,45.16,38.21,25.19,Normal Sales,Normal Sales,0,0,-1.0,0,1.0,
2026-01-26 12:00:00,649.92,423.45,23.16,42.44,35.2,22.29,Normal Sales,Normal Sales,0,0,-1.0,0,1.0,
2026-01-26 13:00:00,816.32,504.02,25.48,46.23,38.23,27.06,Normal Sales,Normal Sales,0,0,-1.0,0,1.0,
2026-01-26 14:00:00,793.64,470.79,30.86,46.2,40.04,23.47,Normal Sales,Normal Sales,0,0,-1.0,0,1.0,
2026-01-26 15:00:00,790.96,511.38,30.56,49.98,39.19,24.15,Normal Sales,Normal Sales,0,0,-1.0,0,1.0,
2026-01-26 16:00:00,748.39,472.32,27.84,44.68,38.85,26.71,Normal Sales,Normal Sales,0,0,-1.0,0,1.0,
2026-01-26 17:00:00,1044.64,626.75,34.19,55.33,40.71,30.37,Normal Sales,Normal Sales,0,0,-1.0,0,1.0,
2026-01-26 18:00:00,1118.01,694.15,35.31,54.89,43.57,25.09,Normal Sales,Normal Sales,0,0,-1.0,0,1.0,
2026-01-26 19:00:00,1150.23,709.19,45.49,64.88,43.19,29.52,Normal Sales,Normal Sales,0,0,-1.0,0,1.0,
2026-01-26 20:00:00,1149.29,755.14,38.26,56.71,42.29,32.04,Normal Sales,Normal Sales,0,0,-1.0,0,1.0,
2026-01-26 21:00:00,872.66,567.79,28.83,44.74,40.55,24.54,Normal Sales,Normal Sales,0,0,-1.0,0,1.0,
2026-01-26 22:00:00,765.57,478.28,27.89,45.34,36.1,23.64,Normal Sales,Normal Sales,0,0,-1.0,0,1.0,
2026-01-26 23:00:00,835.73,484.45,25.22,47.79,38.85,24.45,Normal Sales,Normal Sales,0,0,-1.0,0,1.0,
2026-01-27 00:00:00,346.96,210.58,7.23,30.7,32.76,14.32,Normal Sales,Normal Sales,0,0,-1.0,0,1.0,
2026-01-27 01:00:00,354.43,227.98,15.04,29.97,28.64,13.76,Normal Sales,Normal Sales,0,0,-1.0,0,1.0,
2026-01-27 02:00:00,367.02,278.6,15.88,33.42,30.88,18.94,Normal Sales,Normal Sales,0,0,-1.0,0,1.0,
2026-01-27 03:00:00,350.29,237.76,13.53,31.55,28.0,20.55,Normal Sales,Normal Sales,0,0,-1.0,0,1.0,
2026-01-27 04:00:00,377.26,220.08,14.11,29.68,28.85,15.98,Normal Sales,Normal Sales,0,0,-1.0,0,1.0,
2026-01-27 05:00:00,332.8,218.12,8.33,27.41,25.51,17.28,Normal Sales,Normal Sales,0,0,-1.0,0,1.0,
2026-01-27 06:00:00,523.44,316.37,15.32,33.49,33.83,18.81,Normal Sales,Normal Sales,0,0,-1.0,0,1.0,
2026-01-27 07:00:00,535.75,310.03,17.41,39.5,34.28,18.93,Normal Sales,Normal Sales,0,0,-1.0,0,1.0,
2026-01-27 08:00:00,534.19,325.18,17.9,36.09,32.75,20.55,Normal Sales,Normal Sales,0,0,-1.0,0,1.0,
2026-01-27 09:00:00,655.43,380.97,18.18,36.39,32.71,21.84,Normal Sales,Normal Sales,0,0,-1.0,0,1.0,
2026-01-27 10:00:00,658.9,421.36,23.24,37.31,36.51,24.16,Normal Sales,Normal Sales,0,0,-1.0,0,1.0,
2026-01-27 11:00:00,655.41,416.86,21.21,42.25,32.61,18.84,Normal Sales,Normal Sales,0,0,-1.0,0,1.0,
2026-01-27 12:00:00,676.49,416.33,22.1,39.19,34.7,22.95,Normal Sales,Normal Sales,0,0,-1.0,0,1.0,
2026-01-27 13:00:00,769.1,481.4,25.14,48.75,34.72,25.01,Normal Sales,Normal Sales,0,0,-1.0,0,1.0,
2026-01-27 14:00:00,816.38,518.18,28.09,46.53,39.95,22.11,Normal Sales,Normal Sales,0,0,-1.0,0,1.0,
2026-01-27 15:00:00,733.44,444.79,26.94,44.83,34.53,22.5,Normal Sales,Normal Sales,0,0,-1.0,0,1.0,
2026-01-27 16:00:00,747.15,445.49,26.46,40.59,39.92,24.79,Normal Sales,Normal Sales,0,0,-1.0,0,1.0,
2026-01-27 17:00:00,1155.13,704.61,38.45,55.37,42.59,30.6,Normal Sales,Normal Sales,0,0,-1.0,0,1.0,
2026-01-27 18:00:00,1166.37,695.47,37.52,58.25,41.04,30.57,Normal Sales,Normal Sales,0,0,-1.0,0,1.0,
2026-01-27 19:00:00,1055.73,649.67,34.83,53.71,41.93,27.81,Normal Sales,Normal Sales,0,0,-1.0,0,1.0,
2026-01-27 20:00:00,1075.02,648.3,36.3,59.91,42.56,30.2,Normal Sales,Normal Sales,0,0,-1.0,0,1.0,
2026-01-27 21:00:00,792.75,495.45,25.05,42.94,36.0,26.77,Normal Sales,Normal Sales,0,0,-1.0,0,1.0,
2026-01-27 22:00:00,892.44,559.39,27.7,49.82,39.77,26.34,Normal Sales,Normal Sales,0,0,-1.0,0,1.0,
2026-01-27 23:00:00,773.42,457.27,25.02,46.11,32.76,23.11,Normal Sales,Normal Sales,0,0,-1.0,0,1.0,
2026-01-28 00:00:00,367.94,249.36,15.1,33.62,28.66,14.42,Normal Sales,Normal Sales,0,0,-1.0,0,1.0,
2026-01-28 01:00:00,358.15,247.09,16.38,33.76,30.95,18.94,Normal Sales,Normal Sales,0,0,-1.0,0,1.0,
2026-01-28 02:00:00,355.17,216.95,15.27,28.25,33.27,16.78,Normal Sales,Normal Sales,0,0,-1.0,0,1.0,
2026-01-28 03:00:00,389.54,206.34,12.52,28.56,27.79,17.6,Normal Sales,Normal Sales,0,0,-1.0,0,1.0,
2026-01-28 04:00:00,383.77,216.81,8.93,30.6,30.35,18.52,Normal Sales,Normal Sales,0,0,-1.0,0,1.0,
2026-01-28 05:00:00,382.67,235.77,16.68,32.23,29.81,14.67,Normal Sales,Normal Sales,0,0,-1.0,0,1.0,
2026-01-28 06:00:00,520.76,314.46,19.22,37.47,30.49,20.21,Normal Sales,Normal Sales,0,0,-1.0,0,1.0,
2026-01-28 07:00:00,545.41,376.36,22.47,41.2,33.39,22.19,Normal Sales,Normal Sales,0,0,-1.0,0,1.0,
2026-01-28 08:00:00,560.66,314.29,16.59,34.7,34.29,22.32,Normal Sales,Normal Sales,0,0,-1.0,0,1.0,
2026-01-28 09:00:00,669.46,355.31,18.72,41.63,36.46,21.74,Normal Sales,Normal Sales,0,0,-1.0,0,1.0,
2026-01-28 10:00:00,680.4,389.87,22.47,38.9,39.93,22.89,Normal Sales,Normal Sales,0,0,-1.0,0,1.0,
2026-01-28 11:00:00,670.03,400.13,21.82,40.77,37.62,22.38,Normal Sales,Normal Sales,0,0,-1.0,0,1.0,
2026-01-28 12:00:00,664.82,459.45,25.37,45.92,34.09,24.21,Normal Sales,Normal Sales,0,0,-1.0,0,1.0,
2026-01-28 13:00:00,783.24,438.37,28.14,47.22,36.52,20.75,Normal Sales,Normal Sales,0,0,-1.0,0,1.0,
2026-01-28 14:00:00,784.65,488.65,27.59,46.75,38.35,27.11,Normal Sales,Normal Sales,0,0,-1.0,0,1.0,
2026-01-28 15:00:00,793.15,465.51,28.33,49.39,43.79,21.39,Normal Sales,Normal Sales,0,0,-1.0,0,1.0,
2026-01-28 16:00:00,780.61,431.93,24.86,42.31,41.12,21.25,Normal Sales,Normal Sales,0,0,-1.0,0,1.0,
2026-01-28 17:00:00,1003.41,610.33,29.62,55.37,36.93,27.32,Normal Sales,Normal Sales,0,0,-1.0,0,1.0,
2026-01-28 18:00:00,982.12,600.9,36.34,53.8,38.97,26.96,Normal Sales,Normal Sales,0,0,-1.0,0,1.0,
2026-01-28 19:00:00,1096.97,691.93,35.32,59.39,37.24,28.04,Normal Sales,Normal Sales,0,0,-1.0,0,1.0,
2026-01-28 20:00:00,1069.22,678.75,37.38,53.58,40.21,29.37,Normal Sales,Normal Sales,0,0,-1.0,0,1.0,
2026-01-28 21:00:00,849.06,511.94,27.19,49.57,37.4,24.62,Normal Sales,Normal Sales,0,0,-1.0,0,1.0,
2026-01-28 22:00:00,944.91,550.25,26.56,52.28,38.71,25.12,Normal Sales,Normal Sales,0,0,-1.0,0,1.0,
2026-01-28 23:00:00,819.13,501.37,30.77,49.12,39.65,21.7,Normal Sales,Normal Sales,0,0,-1.0,0,1.0,
2026-01-29 00:00:00,344.48,142.6,6.22,29.56,30.89,15.12,Normal Sales,Normal Sales,0,0,-1.0,0,1.0,
2026-01-29 01:00:00,365.12,209.15,11.91,32.25,26.98,17.83,Normal Sales,Normal Sales,0,0,-1.0,0,1.0,
2026-01-29 02:00:00,382.56,226.81,13.88,38.3,30.29,18.46,Normal Sales,Normal Sales,0,0,-1.0,0,1.0,
2026-01-29 03:00:00,352.03,222.79,13.17,31.33,27.95,17.98,Normal Sales,Normal Sales,0,0,-1.0,0,1.0,
2026-01-29 04:00:00,392.25,254.41,15.92,31.99,32.17,18.92,Normal Sales,Normal Sales,0,0,-1.0,0,1.0,
2026-01-29 05:00:00,348.14,223.81,10.33,29.27,30.3,18.19,Normal Sales,Normal Sales,0,0,-1.0,0,1.0,
2026-01-29 06:00:00,496.58,334.23,19.53,35.25,29.37,20.07,Normal Sales,Normal Sales,0,0,-1.0,0,1.0,
2026-01-29 07:00:00,516.21,322.88,17.03,31.64,32.0,19.46,Normal Sales,Normal Sales,0,0,-1.0,0,1.0,
2026-01-29 08:00:00,544.71,320.26,20.97,31.99,35.88,19.56,Normal Sales,Normal Sales,0,0,-1.0,0,1.0,
2026-01-29 09:00:00,720.11,448.46,26.94,42.97,34.04,26.05,Normal Sales,Normal Sales,0,0,-1.0,0,1.0,
2026-01-29 10:00:00,686.52,431.18,26.18,40.32,36.86,21.6,Normal Sales,Normal Sales,0,0,-1.0,0,1.0,
2026-01-29 11:00:00,685.87,427.05,20.49,40.76,38.36,24.45,Normal Sales,Normal Sales,0,0,-1.0,0,1.0,
2026-01-29 12:00:00,688.27,432.81,23.22,46.37,35.3,23.28,Normal Sales,Normal Sales,0,0,-1.0,0,1.0,
2026-01-29 13:00:00,815.88,486.41,29.87,42.59,41.13,23.41,Normal Sales,Normal Sales,0,0,-1.0,0,1.0,
2026-01-29 14:00:00,762.3,425.37,22.49,40.64,35.74,22.36,Normal Sales,Normal Sales,0,0,-1.0,0,1.0,
2026-01-29 15:00:00,808.61,506.53,28.47,44.52,35.98,28.26,Normal Sales,Normal Sales,0,0,-1.0,0,1.0,
2026-01-29 16:00:00,743.29,502.25,27.14,46.55,38.78,27.1,Normal Sales,Normal Sales,0,0,-1.0,0,1.0,
2026-01-29 17:00:00,1090.49,666.4,36.54,57.56,44.32,28.67,Normal Sales,Normal Sales,0,0,-1.0,0,1.0,
2026-01-29 18:00:00,1130.5,741.87,41.57,61.21,40.18,25.29,Normal Sales,Normal Sales,0,0,-1.0,0,1.0,
2026-01-29 19:00:00,1117.86,690.71,36.96,58.63,42.88,31.52,Normal Sales,Normal Sales,0,0,-1.0,0,1.0,
2026-01-29 20:00:00,1101.29,664.13,38.51,56.15,43.78,27.65,Normal Sales,Normal Sales,0,0,-1.0,0,1.0,
2026-01-29 21:00:00,825.18,513.71,28.28,48.92,37.49,21.17,Normal Sales,Normal Sales,0,0,-1.0,0,1.0,
2026-01-29 22:00:00,834.43,537.19,28.95,48.23,40.16,24.01,Normal Sales,Normal Sales,0,0,-1.0,0,1.0,
2026-01-29 23:00:00,787.1,483.98,25.65,43.66,37.03,25.08,Normal Sales,Normal Sales,0,0,-1.0,0,1.0,
2026-01-30 00:00:00,365.55,234.32,16.51,30.61,30.77,16.84,Normal Sales,Normal Sales,0,0,-1.0,0,1.0,
2026-01-30 01:00:00,350.24,202.53,10.18,30.81,34.65,15.63,Normal Sales,Normal Sales,0,0,-1.0,0,1.0,
2026-01-30 02:00:00,358.1,220.45,12.92,31.44,32.66,12.66,Normal Sales,Normal Sales,0,0,-1.0,0,1.0,
2026-01-30 03:00:00,322.07,187.29,12.5,25.09,23.46,17.82,Normal Sales,Normal Sales,0,0,-1.0,0,1.0,
2026-01-30 04:00:00,370.18,202.25,9.15,27.64,30.51,15.8,Normal Sales,Normal Sales,0,0,-1.0,0,1.0,
2026-01-30 05:00:00,374.76,160.98,7.14,25.43,29.86,14.95,Normal Sales,Normal Sales,0,0,-1.0,0,1.0,
2026-01-30 06:00:00,549.34,294.11,16.27,37.03,37.05,18.39,Normal Sales,Normal Sales,0,0,-1.0,0,1.0,
2026-01-30 07:00:00,536.83,287.74,11.04,37.35,33.12,21.55,Normal Sales,Normal Sales,0,0,-1.0,0,1.0,
2026-01-30 08:00:00,491.99,318.03,21.23,37.3,32.92,19.97,Normal Sales,Normal Sales,0,0,-1.0,0,1.0,
2026-01-30 09:00:00,636.55,428.55,22.35,43.64,31.7,20.35,Normal Sales,Normal Sales,0,0,-1.0,0,1.0,
2026-01-30 10:00:00,740.37,450.35,27.68,43.99,32.9,25.04,Normal Sales,Normal Sales,0,0,-1.0,0,1.0,
2026-01-30 11:00:00,670.43,433.13,23.87,39.0,35.73,27.22,Normal Sales,Normal Sales,0,0,-1.0,0,1.0,
2026-01-30 12:00:00,707.83,437.42,26.21,43.87,36.45,20.75,Normal Sales,Normal Sales,0,0,-1.0,0,1.0,
2026-01-30 13:00:00,781.1,510.17,26.39,50.77,37.1,22.98,Normal Sales,Normal Sales,0,0,-1.0,0,1.0,
2026-01-30 14:00:00,810.59,495.4,28.77,46.05,37.66,25.37,Normal Sales,Normal Sales,0,0,-1.0,0,1.0,
2026-01-30 15:00:00,783.31,435.76,21.72,46.2,37.05,21.85,Normal Sales,Normal Sales,0,0,-1.0,0,1.0,
2026-01-30 16:00:00,719.63,419.18,19.01,42.37,35.04,20.55,Normal Sales,Normal Sales,0,0,-1.0,0,1.0,
2026-01-30 17:00:00,1093.42,687.02,41.97,53.88,44.91,31.12,Normal Sales,Normal Sales,0,0,-1.0,0,1.0,
2026-01-30 18:00:00,1054.42,658.82,35.32,56.55,44.94,29.68,Normal Sales,Normal Sales,0,0,-1.0,0,1.0,
2026-01-30 19:00:00,1125.06,686.78,34.8,57.38,45.54,26.12,Normal Sales,Normal Sales,0,0,-1.0,0,1.0,
2026-01-30 20:00:00,1039.28,647.51,33.64,53.47,40.82,25.46,Normal Sales,Normal Sales,0,0,-1.0,0,1.0,
2026-01-30 21:00:00,811.78,520.89,26.03,43.94,36.54,26.49,Normal Sales,Normal Sales,0,0,-1.0,0,1.0,
2026-01-30 22:00:00,844.95,512.25,28.26,43.45,39.35,25.57,Normal Sales,Normal Sales,0,0,-1.0,0,1.0,
2026-01-30 23:00:00,835.88,543.4,27.63,51.96,38.52,24.91,Normal Sales,Normal Sales,0,0,-1.0,0,1.0,
2026-01-31 00:00:00,483.45,297.05,18.78,32.54,30.69,21.5,Weekend Sales,Weekend Sales,0,0,-1.0,0,1.0,
2026-01-31 01:00:00,469.52,313.61,20.65,34.86,33.34,17.53,Weekend Sales,Weekend Sales,0,0,-1.0,0,1.0,
2026-01-31 02:00:00,502.19,316.34,18.34,34.64,29.22,20.92,Weekend Sales,Weekend Sales,0,0,-1.0,0,1.0,
2026-01-31 03:00:00,434.0,261.15,16.25,33.7,35.27,20.58,Weekend Sales,Weekend Sales,0,0,-1.0,0,1.0,
2026-01-31 04:00:00,468.1,290.91,15.91,30.88,30.08,18.15,Weekend Sales,Weekend Sales,0,0,-1.0,0,1.0,
2026-01-31 05:00:00,434.66,270.67,14.39,29.48,32.2,20.2,Weekend Sales,Weekend Sales,0,0,-1.0,0,1.0,
2026-01-31 06:00:00,706.94,430.2,24.84,44.72,36.63,21.11,Weekend Sales,Weekend Sales,0,0,-1.0,0,1.0,
2026-01-31 07:00:00,708.67,469.26,24.62,50.03,35.0,23.8,Weekend Sales,Weekend Sales,0,0,-1.0,0,1.0,
2026-01-31 08:00:00,675.5,424.39,19.86,41.14,33.3,22.88,Weekend Sales,Weekend Sales,0,0,-1.0,0,1.0,
2026-01-31 09:00:00,959.53,611.06,28.87,58.28,40.9,25.72,Weekend Sales,Weekend Sales,0,0,-1.0,0,1.0,
2026-01-31 10:00:00,921.26,575.59,30.32,51.77,38.45,25.58,Weekend Sales,Weekend Sales,0,0,-1.0,0,1.0,
2026-01-31 11:00:00,882.72,511.47,28.42,49.54,40.04,26.43,Weekend Sales,Weekend Sales,0,0,-1.0,0,1.0,
2026-01-31 12:00:00,928.91,562.6,32.62,47.35,37.99,24.14,Weekend Sales,Weekend Sales,0,0,-1.0,0,1.0,
2026-01-31 13:00:00,1076.79,691.18,38.99,60.4,40.55,29.98,Weekend Sales,Weekend Sales,0,0,-1.0,0,1.0,
2026-01-31 14:00:00,1015.23,650.61,35.55,54.44,42.34,30.02,Weekend Sales,Weekend Sales,0,0,-1.0,0,1.0,
2026-01-31 15:00:00,987.48,610.71,31.47,47.14,41.19,28.49,Weekend Sales,Weekend Sales,0,0,-1.0,0,1.0,
2026-01-31 16:00:00,1035.01,592.97,31.91,47.42,44.33,24.65,Weekend Sales,Weekend Sales,0,0,-1.0,0,1.0,
2026-01-31 17:00:00,1542.91,980.25,52.11,71.62,50.93,34.82,Weekend Sales,Weekend Sales,0,0,-1.0,0,1.0,
2026-01-31 18:00:00,1459.22,892.64,45.53,64.27,49.26,33.19,Weekend Sales,Weekend Sales,0,0,-1.0,0,1.0,
2026-01-31 19:00:00,1411.63,892.61,51.44,68.78,47.32,35.32,Weekend Sales,Weekend Sales,0,0,-1.0,0,1.0,
2026-01-31 20:00:00,1353.28,844.61,47.56,68.53,43.13,31.59,Weekend Sales,Weekend Sales,0,0,-1.0,0,1.0,
2026-01-31 21:00:00,1079.58,671.83,37.91,60.61,41.36,27.8,Weekend Sales,Weekend Sales,0,0,-1.0,0,1.0,
2026-01-31 22:00:00,1194.07,747.74,43.66,61.92,41.98,28.03,Weekend Sales,Weekend Sales,0,0,-1.0,0,1.0,
2026-01-31 23:00:00,1041.57,662.32,38.8,60.76,43.39,30.88,Weekend Sales,Weekend Sales,0,0,-1.0,0,1.0,
2026-02-01 00:00:00,470.15,262.58,16.14,34.62,32.21,19.34,Weekend Sales,Weekend Sales,0,0,-1.0,0,1.0,
2026-02-01 01:00:00,492.01,337.14,21.13,38.47,34.06,21.46,Weekend Sales,Weekend Sales,0,0,-1.0,0,1.0,
2026-02-01 02:00:00,473.02,312.19,14.38,38.47,29.65,20.38,Weekend Sales,Weekend Sales,0,0,-1.0,0,1.0,
2026-02-01 03:00:00,463.73,301.35,16.51,31.28,32.72,18.38,Weekend Sales,Weekend Sales,0,0,-1.0,0,1.0,
2026-02-01 04:00:00,505.52,313.46,18.03,33.76,31.42,18.92,Weekend Sales,Weekend Sales,0,0,-1.0,0,1.0,
2026-02-01 05:00:00,504.93,354.99,17.91,40.71,28.24,18.49,Weekend Sales,Weekend Sales,0,0,-1.0,0,1.0,
2026-02-01 06:00:00,665.85,379.02,17.68,41.42,34.89,22.23,Weekend Sales,Weekend Sales,0,0,-1.0,0,1.0,
2026-02-01 07:00:00,723.53,455.23,26.35,44.1,33.93,25.5,Weekend Sales,Weekend Sales,0,0,-1.0,0,1.0,
2026-02-01 08:00:00,678.78,397.45,21.5,39.03,34.7,22.62,Weekend Sales,Weekend Sales,0,0,-1.0,0,1.0,
2026-02-01 09:00:00,930.51,554.47,29.52,53.08,40.81,30.01,Weekend Sales,Weekend Sales,0,0,-1.0,0,1.0,
2026-02-01 10:00:00,968.54,629.1,31.82,55.97,40.36,26.63,Weekend Sales,Weekend Sales,0,0,-1.0,0,1.0,
2026-02-01 11:00:00,922.26,595.43,33.75,49.98,41.16,25.61,Weekend Sales,Weekend Sales,0,0,-1.0,0,1.0,
2026-02-01 12:00:00,924.48,565.6,30.67,52.76,37.64,30.03,Weekend Sales,Weekend Sales,0,0,-1.0,0,1.0,
2026-02-01 13:00:00,929.1,561.1,31.6,52.14,39.59,25.91,Weekend Sales,Weekend Sales,0,0,-1.0,0,1.0,
2026-02-01 14:00:00,1043.16,640.98,38.04,57.29,43.48,26.09,Weekend Sales,Weekend Sales,0,0,-1.0,0,1.0,
2026-02-01 15:00:00,1018.12,623.72,32.29,55.11,40.23,28.9,Weekend Sales,Weekend Sales,0,0,-1.0,0,1.0,
2026-02-01 16:00:00,967.48,642.81,33.56,55.21,42.03,26.93,Weekend Sales,Weekend Sales,0,0,-1.0,0,1.0,
2026-02-01 17:00:00,1514.47,908.24,52.86,71.02,48.55,34.11,Weekend Sales,Weekend Sales,0,0,-1.0,0,1.0,
2026-02-01 18:00:00,1511.31,922.4,49.23,71.04,47.34,38.7,Weekend Sales,Weekend Sales,0,0,-1.0,0,1.0,
2026-02-01 19:00:00,1411.43,895.87,49.69,67.14,47.98,35.96,Weekend Sales,Weekend Sales,0,0,-1.0,0,1.0,
2026-02-01 20:00:00,1438.89,921.94,52.75,73.3,47.54,32.89,Weekend Sales,Weekend Sales,0,0,-1.0,0,1.0,
2026-02-01 21:00:00,1095.11,683.87,38.7,52.11,42.6,29.41,Weekend Sales,Weekend Sales,0,0,-1.0,0,1.0,
2026-02-01 22:00:00,1114.09,723.02,40.61,62.72,42.51,31.95,Weekend Sales,Weekend Sales,0,0,-1.0,0,1.0,
2026-02-01 23:00:00,1222.13,790.51,41.29,62.72,44.09,32.74,Weekend Sales,Weekend Sales,0,0,-1.0,0,1.0,
2026-02-02 00:00:00,378.88,213.94,11.9,25.61,33.32,16.32,Normal Sales,Normal Sales,0,0,-1.0,0,1.0,
2026-02-02 01:00:00,367.34,220.01,14.39,23.75,30.21,17.29,Normal Sales,Normal Sales,0,0,-1.0,0,1.0,
2026-02-02 02:00:00,358.0,265.12,12.81,34.72,30.8,21.15,Normal Sales,Normal Sales,0,0,-1.0,0,1.0,
2026-02-02 03:00:00,354.09,201.21,13.26,30.95,26.93,15.95,Normal Sales,Normal Sales,0,0,-1.0,0,1.0,
2026-02-02 04:00:00,373.39,252.45,12.53,25.06,31.39,15.87,Normal Sales,Normal Sales,0,0,-1.0,0,1.0,
2026-02-02 05:00:00,329.36,133.4,8.96,26.96,29.15,18.11,Normal Sales,Normal Sales,0,0,-1.0,0,1.0,
2026-02-02 06:00:00,545.98,378.91,18.05,39.33,30.05,21.01,Normal Sales,Normal Sales,0,0,-1.0,0,1.0,
2026-02-02 07:00:00,522.54,339.64,18.77,39.02,34.29,24.8,Normal Sales,Normal Sales,0,0,-1.0,0,1.0,
2026-02-02 08:00:00,520.78,299.36,16.96,33.63,35.82,18.92,Normal Sales,Normal Sales,0,0,-1.0,0,1.0,
2026-02-02 09:00:00,672.36,405.08,23.72,41.21,34.15,25.46,Normal Sales,Normal Sales,0,0,-1.0,0,1.0,
2026-02-02 10:00:00,662.3,411.52,23.94,37.74,36.22,20.18,Normal Sales,Normal Sales,0,0,-1.0,0,1.0,
2026-02-02 11:00:00,720.39,422.57,24.63,45.54,37.97,23.07,Normal Sales,Normal Sales,0,0,-1.0,0,1.0,
2026-02-02 12:00:00,683.92,409.62,25.47,40.16,33.55,23.57,Normal Sales,Normal Sales,0,0,-1.0,0,1.0,
2026-02-02 13:00:00,742.54,436.62,21.13,42.38,36.46,23.4,Normal Sales,Normal Sales,0,0,-1.0,0,1.0,
2026-02-02 14:00:00,810.11,515.44,27.97,47.18,38.79,27.43,Normal Sales,Normal Sales,0,0,-1.0,0,1.0,
2026-02-02 15:00:00,778.21,470.76,23.91,41.8,38.56,24.93,Normal Sales,Normal Sales,0,0,-1.0,0,1.0,
2026-02-02 16:00:00,795.65,490.09,29.77,45.21,39.44,24.17,Normal Sales,Normal Sales,0,0,-1.0,0,1.0,
2026-02-02 17:00:00,1065.51,675.43,37.97,57.81,42.28,28.81,Normal Sales,Normal Sales,0,0,-1.0,0,1.0,
2026-02-02 18:00:00,1230.17,792.31,45.02,63.77,46.93,32.84,Normal Sales,Normal Sales,0,0,-1.0,0,1.0,
2026-02-02 19:00:00,1100.38,674.64,36.94,49.24,43.13,27.89,Normal Sales,Normal Sales,0,0,-1.0,0,1.0,
2026-02-02 20:00:00,1186.45,736.08,38.11,60.49,42.08,31.35,Normal Sales,Normal Sales,0,0,-1.0,0,1.0,
2026-02-02 21:00:00,867.16,561.59,29.31,50.29,36.01,27.44,Normal Sales,Normal Sales,0,0,-1.0,0,1.0,
2026-02-02 22:00:00,876.9,556.08,30.59,51.08,42.12,25.33,Normal Sales,Normal Sales,0,0,-1.0,0,1.0,
2026-02-02 23:00:00,860.65,506.45,26.12,47.92,40.84,24.15,Normal Sales,Normal Sales,0,0,-1.0,0,1.0,
2026-02-03 00:00:00,362.19,214.38,10.72,31.28,27.16,19.92,Normal Sales,Normal Sales,0,0,-1.0,0,1.0,
2026-02-03 01:00:00,354.32,237.72,10.53,33.2,31.37,18.71,Normal Sales,Normal Sales,0,0,-1.0,0,1.0,
2026-02-03 02:00:00,348.29,222.18,9.85,30.15,31.98,19.15,Normal Sales,Normal Sales,0,0,-1.0,0,1.0,
2026-02-03 03:00:00,366.79,203.04,12.46,30.12,25.59,18.64,Normal Sales,Normal Sales,0,0,-1.0,0,1.0,
2026-02-03 04:00:00,366.07,257.02,11.95,24.55,30.78,19.01,Normal Sales,Normal Sales,0,0,-1.0,0,1.0,
2026-02-03 05:00:00,335.53,183.56,15.61,28.18,31.17,15.29,Normal Sales,Normal Sales,0,0,-1.0,0,1.0,
2026-02-03 06:00:00,474.07,289.67,15.4,33.83,31.83,19.77,Normal Sales,Normal Sales,0,0,-1.0,0,1.0,
2026-02-03 07:00:00,525.43,294.17,17.15,30.57,28.83,20.83,Normal Sales,Normal Sales,0,0,-1.0,0,1.0,
2026-02-03 08:00:00,542.82,335.12,15.64,35.65,32.7,17.19,Normal Sales,Normal Sales,0,0,-1.0,0,1.0,
2026-02-03 09:00:00,666.71,429.67,26.49,41.62,36.85,18.91,Normal Sales,Normal Sales,0,0,-1.0,0,1.0,
2026-02-03 10:00:00,715.12,423.28,23.89,42.15,38.8,20.83,Normal Sales,Normal Sales,0,0,-1.0,0,1.0,
2026-02-03 11:00:00,714.02,435.7,23.65,42.86,34.45,22.86,Normal Sales,Normal Sales,0,0,-1.0,0,1.0,
2026-02-03 12:00:00,690.13,433.91,24.03,45.04,37.58,20.75,Normal Sales,Normal Sales,0,0,-1.0,0,1.0,
2026-02-03 13:00:00,807.35,470.9,27.08,47.2,33.9,23.96,Normal Sales,Normal Sales,0,0,-1.0,0,1.0,
2026-02-03 14:00:00,755.62,449.51,27.42,42.64,35.23,23.39,Normal Sales,Normal Sales,0,0,-1.0,0,1.0,
2026-02-03 15:00:00,800.27,492.62,29.43,47.9,33.25,23.26,Normal Sales,Normal Sales,0,0,-1.0,0,1.0,
2026-02-03 16:00:00,752.01,478.23,21.05,51.91,37.85,24.25,Normal Sales,Normal Sales,0,0,-1.0,0,1.0,
2026-02-03 17:00:00,1164.49,780.57,44.67,64.81,44.06,31.23,Normal Sales,Normal Sales,0,0,-1.0,0,1.0,
2026-02-03 18:00:00,1073.37,644.84,34.09,52.23,42.1,24.75,Normal Sales,Normal Sales,0,0,-1.0,0,1.0,
2026-02-03 19:00:00,1110.02,687.31,38.1,56.5,49.02,31.9,Normal Sales,Normal Sales,0,0,-1.0,0,1.0,
2026-02-03 20:00:00,1031.11,645.11,34.26,52.74,38.85,28.99,Normal Sales,Normal Sales,0,0,-1.0,0,1.0,
2026-02-03 21:00:00,826.05,536.35,31.49,52.18,36.34,26.36,Normal Sales,Normal Sales,0,0,-1.0,0,1.0,
2026-02-03 22:00:00,882.23,535.13,27.89,53.16,39.45,26.65,Normal Sales,Normal Sales,0,0,-1.0,0,1.0,
2026-02-03 23:00:00,820.04,477.94,25.15,45.76,35.81,23.93,Normal Sales,Normal Sales,0,0,-1.0,0,1.0,
2026-02-04 00:00:00,335.75,180.16,11.25,30.3,28.92,14.47,Normal Sales,Normal Sales,0,0,-1.0,0,1.0,
2026-02-04 01:00:00,347.87,206.35,12.64,32.39,28.92,14.85,Normal Sales,Normal Sales,0,0,-1.0,0,1.0,
2026-02-04 02:00:00,371.62,209.81,10.5,33.73,31.97,17.56,Normal Sales,Normal Sales,0,0,-1.0,0,1.0,
2026-02-04 03:00:00,343.39,218.18,14.13,29.63,32.54,20.04,Normal Sales,Normal Sales,0,0,-1.0,0,1.0,
2026-02-04 04:00:00,397.21,253.9,15.14,36.14,31.65,17.35,Normal Sales,Normal Sales,0,0,-1.0,0,1.0,
2026-02-04 05:00:00,358.48,228.22,9.97,30.78,32.29,13.32,Normal Sales,Normal Sales,0,0,-1.0,0,1.0,
2026-02-04 06:00:00,570.33,381.66,20.07,41.1,33.7,24.0,Normal Sales,Normal Sales,0,0,-1.0,0,1.0,
2026-02-04 07:00:00,555.71,309.54,18.2,35.86,33.61,18.28,Normal Sales,Normal Sales,0,0,-1.0,0,1.0,
2026-02-04 08:00:00,575.99,383.11,19.59,36.51,33.02,22.45,Normal Sales,Normal Sales,0,0,-1.0,0,1.0,
2026-02-04 09:00:00,700.99,465.94,27.21,47.0,36.57,20.87,Normal Sales,Normal Sales,0,0,-1.0,0,1.0,
2026-02-04 10:00:00,685.89,451.75,24.74,45.07,35.02,21.23,Normal Sales,Normal Sales,0,0,-1.0,0,1.0,
2026-02-04 11:00:00,688.4,434.53,22.59,42.47,33.82,25.1,Normal Sales,Normal Sales,0,0,-1.0,0,1.0,
2026-02-04 12:00:00,682.47,459.45,28.33,43.93,33.59,19.31,Normal Sales,Normal Sales,0,0,-1.0,0,1.0,
2026-02-04 13:00:00,717.18,410.31,25.32,42.49,36.97,17.82,Normal Sales,Normal Sales,0,0,-1.0,0,1.0,
2026-02-04 14:00:00,727.79,473.41,26.61,44.76,37.5,27.11,Normal Sales,Normal Sales,0,0,-1.0,0,1.0,
2026-02-04 15:00:00,765.6,476.41,26.59,51.54,32.82,25.28,Normal Sales,Normal Sales,0,0,-1.0,0,1.0,
2026-02-04 16:00:00,769.72,491.39,25.71,46.15,38.51,30.51,Normal Sales,Normal Sales,0,0,-1.0,0,1.0,
2026-02-04 17:00:00,1144.57,688.43,37.02,57.0,39.87,28.55,Normal Sales,Normal Sales,0,0,-1.0,0,1.0,
2026-02-04 18:00:00,1140.43,675.21,39.23,58.73,41.92,28.6,Normal Sales,Normal Sales,0,0,-1.0,0,1.0,
2026-02-04 19:00:00,1188.04,754.92,41.54,60.88,44.35,29.85,Normal Sales,Normal Sales,0,0,-1.0,0,1.0,
2026-02-04 20:00:00,984.35,661.35,36.68,56.63,40.62,27.06,Normal Sales,Normal Sales,0,0,-1.0,0,1.0,
2026-02-04 21:00:00,847.7,485.59,31.26,43.55,36.35,23.26,Normal Sales,Normal Sales,0,0,-1.0,0,1.0,
2026-02-04 22:00:00,910.76,565.03,28.6,53.85,40.94,27.2,Normal Sales,Normal Sales,0,0,-1.0,0,1.0,
2026-02-04 23:00:00,886.27,609.35,37.88,50.79,42.31,28.0,Normal Sales,Normal Sales,0,0,-1.0,0,1.0,
2026-02-05 00:00:00,376.06,190.85,10.16,27.56,32.05,18.91,Normal Sales,Normal Sales,0,0,-1.0,0,1.0,
2026-02-05 01:00:00,328.85,203.33,13.43,29.31,31.05,17.79,Normal Sales,Normal Sales,0,0,-1.0,0,1.0,
2026-02-05 02:00:00,373.17,224.58,9.92,28.29,31.76,17.65,Normal Sales,Normal Sales,0,0,-1.0,0,1.0,
2026-02-05 03:00:00,364.36,215.31,11.23,33.22,29.52,14.7,Normal Sales,Normal Sales,0,0,-1.0,0,1.0,
2026-02-05 04:00:00,380.55,230.82,12.76,35.45,30.43,18.35,Normal Sales,Normal Sales,0,0,-1.0,0,1.0,
2026-02-05 05:00:00,345.28,208.58,12.69,26.26,30.27,17.42,Normal Sales,Normal Sales,0,0,-1.0,0,1.0,
2026-02-05 06:00:00,531.07,355.19,20.2,41.93,31.04,21.15,Normal Sales,Normal Sales,0,0,-1.0,0,1.0,
2026-02-05 07:00:00,532.21,303.24,18.59,41.72,33.01,20.59,Normal Sales,Normal Sales,0,0,-1.0,0,1.0,
2026-02-05 08:00:00,532.21,312.13,13.53,34.54,30.26,23.21,Normal Sales,Normal Sales,0,0,-1.0,0,1.0,
2026-02-05 09:00:00,689.05,418.56,24.8,39.54,34.18,22.6,Normal Sales,Normal Sales,0,0,-1.0,0,1.0,
2026-02-05 10:00:00,728.69,464.33,26.03,44.92,37.19,24.01,Normal Sales,Normal Sales,0,0,-1.0,0,1.0,
2026-02-05 11:00:00,657.35,408.71,20.33,41.85,34.21,27.3,Normal Sales,Normal Sales,0,0,-1.0,0,1.0,
2026-02-05 12:00:00,691.66,393.72,21.39,42.55,39.1,20.66,Normal Sales,Normal Sales,0,0,-1.0,0,1.0,
2026-02-05 13:00:00,713.29,462.66,22.69,43.44,35.61,23.43,Normal Sales,Normal Sales,0,0,-1.0,0,1.0,
2026-02-05 14:00:00,801.27,479.69,25.84,45.96,37.92,24.19,Normal Sales,Normal Sales,0,0,-1.0,0,1.0,
2026-02-05 15:00:00,791.46,511.8,28.93,48.5,34.29,24.9,Normal Sales,Normal Sales,0,0,-1.0,0,1.0,
2026-02-05 16:00:00,793.15,509.97,26.66,45.65,36.34,25.82,Normal Sales,Normal Sales,0,0,-1.0,0,1.0,
2026-02-05 17:00:00,1157.61,707.53,40.73,59.41,43.43,29.27,Normal Sales,Normal Sales,0,0,-1.0,0,1.0,
2026-02-05 18:00:00,1141.8,716.06,43.93,57.23,44.45,28.84,Normal Sales,Normal Sales,0,0,-1.0,0,1.0,
2026-02-05 19:00:00,1052.87,652.51,36.16,63.08,41.53,26.05,Normal Sales,Normal Sales,0,0,-1.0,0,1.0,
2026-02-05 20:00:00,1115.74,639.89,35.01,55.76,44.56,29.94,Normal Sales,Normal Sales,0,0,-1.0,0,1.0,
2026-02-05 21:00:00,834.55,513.66,26.72,44.97,38.81,22.29,Normal Sales,Normal Sales,0,0,-1.0,0,1.0,
2026-02-05 22:00:00,838.36,494.9,28.32,51.48,35.65,20.67,Normal Sales,Normal Sales,0,0,-1.0,0,1.0,
2026-02-05 23:00:00,850.76,527.87,29.47,47.44,38.06,25.93,Normal Sales,Normal Sales,0,0,-1.0,0,1.0,
2026-02-06 00:00:00,386.2,190.57,9.74,30.2,28.73,20.23,Normal Sales,Normal Sales,0,0,-1.0,0,1.0,
2026-02-06 01:00:00,355.44,219.34,13.18,29.24,26.35,16.63,Normal Sales,Normal Sales,0,0,-1.0,0,1.0,
2026-02-06 02:00:00,386.0,230.9,11.01,33.79,29.9,16.75,Normal Sales,Normal Sales,0,0,-1.0,0,1.0,
2026-02-06 03:00:00,369.84,248.57,18.43,34.21,32.61,17.2,Normal Sales,Normal Sales,0,0,-1.0,0,1.0,
2026-02-06 04:00:00,348.27,217.49,12.18,27.88,29.57,18.24,Normal Sales,Normal Sales,0,0,-1.0,0,1.0,
2026-02-06 05:00:00,373.72,244.31,14.02,30.72,29.33,15.71,Normal Sales,Normal Sales,0,0,-1.0,0,1.0,
2026-02-06 06:00:00,577.58,358.43,19.26,36.43,39.69,18.81,Normal Sales,Normal Sales,0,0,-1.0,0,1.0,
2026-02-06 07:00:00,518.89,332.11,19.47,39.49,36.44,21.31,Normal Sales,Normal Sales,0,0,-1.0,0,1.0,
2026-02-06 08:00:00,502.26,304.98,17.39,40.91,29.74,22.03,Normal Sales,Normal Sales,0,0,-1.0,0,1.0,
2026-02-06 09:00:00,699.65,454.73,24.81,41.95,37.4,24.68,Normal Sales,Normal Sales,0,0,-1.0,0,1.0,
2026-02-06 10:00:00,727.12,450.48,23.58,40.19,38.0,24.11,Normal Sales,Normal Sales,0,0,-1.0,0,1.0,
2026-02-06 11:00:00,659.93,395.69,20.83,37.38,33.58,19.62,Normal Sales,Normal Sales,0,0,-1.0,0,1.0,
2026-02-06 12:00:00,679.11,402.58,18.89,46.61,38.05,20.51,Normal Sales,Normal Sales,0,0,-1.0,0,1.0,
2026-02-06 13:00:00,785.55,497.48,29.74,44.62,39.54,23.34,Normal Sales,Normal Sales,0,0,-1.0,0,1.0,
2026-02-06 14:00:00,723.23,466.5,28.24,51.25,33.9,25.06,Normal Sales,Normal Sales,0,0,-1.0,0,1.0,
2026-02-06 15:00:00,759.11,490.23,24.02,42.98,35.35,24.41,Normal Sales,Normal Sales,0,0,-1.0,0,1.0,
2026-02-06 16:00:00,750.15,481.57,28.54,47.17,39.99,24.87,Normal Sales,Normal Sales,0,0,-1.0,0,1.0,
2026-02-06 17:00:00,1034.3,675.35,35.93,58.94,44.73,29.8,Normal Sales,Normal Sales,0,0,-1.0,0,1.0,
2026-02-06 18:00:00,1018.92,608.77,36.13,53.12,41.48,28.74,Normal Sales,Normal Sales,0,0,-1.0,0,1.0,
2026-02-06 19:00:00,1139.65,713.55,38.83,58.45,45.09,30.95,Normal Sales,Normal Sales,0,0,-1.0,0,1.0,
2026-02-06 20:00:00,1087.14,701.08,38.3,56.12,40.96,27.57,Normal Sales,Normal Sales,0,0,-1.0,0,1.0,
2026-02-06 21:00:00,844.9,554.68,28.9,50.19,37.05,25.35,Normal Sales,Normal Sales,0,0,-1.0,0,1.0,
2026-02-06 22:00:00,791.9,485.46,26.31,47.53,37.91,21.74,Normal Sales,Normal Sales,0,0,-1.0,0,1.0,
2026-02-06 23:00:00,903.0,565.12,31.48,50.63,38.32,26.56,Normal Sales,Normal Sales,0,0,-1.0,0,1.0,
2026-02-07 00:00:00,497.3,264.66,13.48,33.25,32.97,21.0,Weekend Sales,Weekend Sales,0,0,-1.0,0,1.0,
2026-02-07 01:00:00,467.01,277.1,14.22,32.2,31.24,20.47,Weekend Sales,Weekend Sales,0,0,-1.0,0,1.0,
2026-02-07 02:00:00,460.16,295.99,12.88,33.6,31.16,22.75,Weekend Sales,Weekend Sales,0,0,-1.0,0,1.0,
2026-02-07 03:00:00,479.08,242.0,9.31,32.81,33.37,18.8,Weekend Sales,Weekend Sales,0,0,-1.0,0,1.0,
2026-02-07 04:00:00,489.82,332.75,17.22,39.13,29.06,18.51,Weekend Sales,Weekend Sales,0,0,-1.0,0,1.0,
2026-02-07 05:00:00,441.86,267.08,14.6,33.84,31.64,16.82,Weekend Sales,Weekend Sales,0,0,-1.0,0,1.0,
2026-02-07 06:00:00,694.97,393.44,24.37,40.51,34.84,25.01,Weekend Sales,Weekend Sales,0,0,-1.0,0,1.0,
2026-02-07 07:00:00,658.06,379.86,18.7,40.19,36.05,22.98,Weekend Sales,Weekend Sales,0,0,-1.0,0,1.0,
2026-02-07 08:00:00,791.87,434.73,25.13,42.5,36.29,21.63,Weekend Sales,Weekend Sales,0,0,-1.0,0,1.0,
2026-02-07 09:00:00,875.84,585.13,33.87,51.4,41.59,23.6,Weekend Sales,Weekend Sales,0,0,-1.0,0,1.0,
2026-02-07 10:00:00,856.48,476.57,24.81,46.7,38.77,24.21,Weekend Sales,Weekend Sales,0,0,-1.0,0,1.0,
2026-02-07 11:00:00,852.8,548.81,30.66,51.35,34.71,26.34,Weekend Sales,Weekend Sales,0,0,-1.0,0,1.0,
2026-02-07 12:00:00,863.04,525.15,29.95,48.76,36.97,25.14,Weekend Sales,Weekend Sales,0,0,-1.0,0,1.0,
2026-02-07 13:00:00,946.95,615.87,33.46,56.09,39.05,26.35,Weekend Sales,Weekend Sales,0,0,-1.0,0,1.0,
2026-02-07 14:00:00,986.29,633.41,33.42,56.01,40.0,23.88,Weekend Sales,Weekend Sales,0,0,-1.0,0,1.0,
2026-02-07 15:00:00,996.24,588.19,32.42,49.46,42.79,26.52,Weekend Sales,Weekend Sales,0,0,-1.0,0,1.0,
2026-02-07 16:00:00,1016.37,646.55,37.49,55.18,39.74,24.62,Weekend Sales,Weekend Sales,0,0,-1.0,0,1.0,
2026-02-07 17:00:00,1407.27,857.08,47.35,66.96,49.3,32.2,Weekend Sales,Weekend Sales,0,0,-1.0,0,1.0,
2026-02-07 18:00:00,1453.1,930.52,51.86,71.35,47.5,34.0,Weekend Sales,Weekend Sales,0,0,-1.0,0,1.0,
2026-02-07 19:00:00,1395.28,851.55,48.35,66.93,45.02,36.83,Weekend Sales,Weekend Sales,0,0,-1.0,0,1.0,
2026-02-07 20:00:00,1480.57,882.78,47.67,69.85,52.58,31.85,Weekend Sales,Weekend Sales,0,0,-1.0,0,1.0,
2026-02-07 21:00:00,1188.74,772.0,41.2,61.56,42.14,30.89,Weekend Sales,Weekend Sales,0,0,-1.0,0,1.0,
2026-02-07 22:00:00,1131.35,717.93,41.67,57.49,39.3,29.91,Weekend Sales,Weekend Sales,0,0,-1.0,0,1.0,
2026-02-07 23:00:00,1150.06,719.27,38.91,59.88,46.58,30.75,Weekend Sales,Weekend Sales,0,0,-1.0,0,1.0,
2026-02-08 00:00:00,476.94,283.2,15.24,38.65,31.74,19.04,Weekend Sales,Weekend Sales,0,0,-1.0,0,1.0,
2026-02-08 01:00:00,474.29,321.54,21.6,37.39,32.23,20.11,Weekend Sales,Weekend Sales,0,0,-1.0,0,1.0,
2026-02-08 02:00:00,428.07,284.03,15.89,35.28,29.85,18.33,Weekend Sales,Weekend Sales,0,0,-1.0,0,1.0,
2026-02-08 03:00:00,476.03,320.68,16.88,41.45,32.95,17.47,Weekend Sales,Weekend Sales,0,0,-1.0,0,1.0,
2026-02-08 04:00:00,482.89,283.1,11.18,38.6,33.62,20.14,Weekend Sales,Weekend Sales,0,0,-1.0,0,1.0,
2026-02-08 05:00:00,490.03,269.27,13.84,36.14,30.23,13.67,Weekend Sales,Weekend Sales,0,0,-1.0,0,1.0,
2026-02-08 06:00:00,694.05,426.77,23.74,44.58,37.07,23.19,Weekend Sales,Weekend Sales,0,0,-1.0,0,1.0,
2026-02-08 07:00:00,743.98,423.3,24.29,44.57,34.17,19.58,Weekend Sales,Weekend Sales,0,0,-1.0,0,1.0,
2026-02-08 08:00:00,675.84,402.48,23.64,39.98,33.78,20.84,Weekend Sales,Weekend Sales,0,0,-1.0,0,1.0,
2026-02-08 09:00:00,969.37,601.34,32.72,52.54,43.06,25.54,Weekend Sales,Weekend Sales,0,0,-1.0,0,1.0,
2026-02-08 10:00:00,978.41,611.88,33.33,59.61,38.52,26.59,Weekend Sales,Weekend Sales,0,0,-1.0,0,1.0,
2026-02-08 11:00:00,861.46,557.91,34.06,54.17,41.09,25.55,Weekend Sales,Weekend Sales,0,0,-1.0,0,1.0,
2026-02-08 12:00:00,901.26,517.0,32.51,49.65,38.34,27.58,Weekend Sales,Weekend Sales,0,0,-1.0,0,1.0,
2026-02-08 13:00:00,976.12,615.36,33.5,55.1,40.47,24.48,Weekend Sales,Weekend Sales,0,0,-1.0,0,1.0,
2026-02-08 14:00:00,1029.91,664.76,36.5,58.09,39.42,28.57,Weekend Sales,Weekend Sales,0,0,-1.0,0,1.0,
2026-02-08 15:00:00,993.99,634.95,34.99,56.25,43.07,29.26,Weekend Sales,Weekend Sales,0,0,-1.0,0,1.0,
2026-02-08 16:00:00,1040.04,619.87,34.09,52.88,40.99,26.75,Weekend Sales,Weekend Sales,0,0,-1.0,0,1.0,
2026-02-08 17:00:00,1386.6,810.76,43.26,66.06,44.88,32.3,Weekend Sales,Weekend Sales,0,0,-1.0,0,1.0,
2026-02-08 18:00:00,1596.57,1015.45,59.14,77.45,53.48,35.94,Weekend Sales,Weekend Sales,0,0,-1.0,0,1.0,
2026-02-08 19:00:00,1411.07,806.38,46.72,69.43,46.88,31.65,Weekend Sales,Weekend Sales,0,0,-1.0,0,1.0,
2026-02-08 20:00:00,1403.08,879.48,50.62,64.44,48.67,33.43,Weekend Sales,Weekend Sales,0,0,-1.0,0,1.0,
2026-02-08 21:00:00,1140.46,718.56,39.14,59.2,42.96,31.9,Weekend Sales,Weekend Sales,0,0,-1.0,0,1.0,
2026-02-08 22:00:00,1157.78,723.34,37.24,58.87,45.48,30.16,Weekend Sales,Weekend Sales,0,0,-1.0,0,1.0,
2026-02-08 23:00:00,1171.43,770.45,44.45,62.27,42.89,26.15,Weekend Sales,Weekend Sales,0,0,-1.0,0,1.0,
2026-02-09 00:00:00,364.6,217.9,12.77,30.34,29.56,13.89,Normal Sales,Normal Sales,0,0,-1.0,0,1.0,
2026-02-09 01:00:00,350.41,229.17,16.04,30.87,30.61,19.63,Normal Sales,Normal Sales,0,0,-1.0,0,1.0,
2026-02-09 02:00:00,352.79,227.9,11.05,33.24,30.3,18.29,Normal Sales,Normal Sales,0,0,-1.0,0,1.0,
2026-02-09 03:00:00,353.31,236.73,17.19,28.96,29.33,18.38,Normal Sales,Normal Sales,0,0,-1.0,0,1.0,
2026-02-09 04:00:00,382.15,222.94,6.6,34.49,32.02,14.09,Normal Sales,Normal Sales,0,0,-1.0,0,1.0,
2026-02-09 05:00:00,356.52,260.25,17.21,34.91,29.71,18.67,Normal Sales,Normal Sales,0,0,-1.0,0,1.0,
2026-02-09 06:00:00,527.64,355.34,17.79,36.2,34.99,20.79,Normal Sales,Normal Sales,0,0,-1.0,0,1.0,
2026-02-09 07:00:00,567.72,335.2,18.33,35.32,33.67,17.42,Normal Sales,Normal Sales,0,0,-1.0,0,1.0,
2026-02-09 08:00:00,518.16,285.35,17.08,36.78,29.35,21.8,Normal Sales,Normal Sales,0,0,-1.0,0,1.0,
2026-02-09 09:00:00,781.26,485.53,25.42,53.16,34.64,24.18,Normal Sales,Normal Sales,0,0,-1.0,0,1.0,
2026-02-09 10:00:00,700.77,468.11,26.47,43.42,34.01,23.02,Normal Sales,Normal Sales,0,0,-1.0,0,1.0,
2026-02-09 11:00:00,659.56,410.13,21.43,38.0,37.72,21.26,Normal Sales,Normal Sales,0,0,-1.0,0,1.0,
2026-02-09 12:00:00,650.49,399.1,22.09,36.8,35.72,19.88,Normal Sales,Normal Sales,0,0,-1.0,0,1.0,
2026-02-09 13:00:00,842.65,535.54,28.65,46.98,38.12,26.61,Normal Sales,Normal Sales,0,0,-1.0,0,1.0,
2026-02-09 14:00:00,775.25,475.23,26.25,44.08,36.49,19.71,Normal Sales,Normal Sales,0,0,-1.0,0,1.0,
2026-02-09 15:00:00,814.03,512.17,26.62,52.31,38.01,22.73,Normal Sales,Normal Sales,0,0,-1.0,0,1.0,
2026-02-09 16:00:00,809.49,511.84,28.94,46.44,38.66,24.27,Normal Sales,Normal Sales,0,0,-1.0,0,1.0,
2026-02-09 17:00:00,1133.74,655.3,35.17,60.86,41.74,27.17,Normal Sales,Normal Sales,0,0,-1.0,0,1.0,
2026-02-09 18:00:00,1078.37,638.22,30.69,54.77,42.6,27.85,Normal Sales,Normal Sales,0,0,-1.0,0,1.0,
2026-02-09 19:00:00,1095.09,680.03,39.45,56.89,41.47,28.44,Normal Sales,Normal Sales,0,0,-1.0,0,1.0,
2026-02-09 20:00:00,1135.03,739.02,39.39,60.58,43.97,28.49,Normal Sales,Normal Sales,0,0,-1.0,0,1.0,
2026-02-09 21:00:00,858.83,495.83,23.73,48.1,37.83,24.8,Normal Sales,Normal Sales,0,0,-1.0,0,1.0,
2026-02-09 22:00:00,857.18,507.04,27.8,44.59,41.35,21.96,Normal Sales,Normal Sales,0,0,-1.0,0,1.0,
2026-02-09 23:00:00,849.55,500.67,28.68,46.5,37.41,26.22,Normal Sales,Normal Sales,0,0,-1.0,0,1.0,
2026-02-10 00:00:00,368.43,241.34,11.31,28.3,30.48,17.4,Normal Sales,Normal Sales,0,0,-1.0,0,1.0,
2026-02-10 01:00:00,379.41,233.24,13.24,27.47,34.23,17.5,Normal Sales,Normal Sales,0,0,-1.0,0,1.0,
2026-02-10 02:00:00,380.72,215.15,12.45,27.47,31.38,16.67,Normal Sales,Normal Sales,0,0,-1.0,0,1.0,
2026-02-10 03:00:00,368.43,245.87,11.06,30.3,31.18,22.34,Normal Sales,Normal Sales,0,0,-1.0,0,1.0,
2026-02-10 04:00:00,365.35,241.3,13.06,36.64,26.72,18.22,Normal Sales,Normal Sales,0,0,-1.0,0,1.0,
2026-02-10 05:00:00,337.99,146.89,8.67,27.66,29.18,15.46,Normal Sales,Normal Sales,0,0,-1.0,0,1.0,
2026-02-10 06:00:00,613.72,374.05,21.59,38.12,35.02,20.87,Normal Sales,Normal Sales,0,0,-1.0,0,1.0,
2026-02-10 07:00:00,520.49,368.18,22.6,39.07,28.24,20.48,Normal Sales,Normal Sales,0,0,-1.0,0,1.0,
2026-02-10 08:00:00,603.22,368.23,22.46,43.0,34.69,19.52,Normal Sales,Normal Sales,0,0,-1.0,0,1.0,
2026-02-10 09:00:00,610.29,395.48,20.12,41.12,31.88,21.36,Normal Sales,Normal Sales,0,0,-1.0,0,1.0,
2026-02-10 10:00:00,696.08,438.28,21.88,46.28,34.64,19.61,Normal Sales,Normal Sales,0,0,-1.0,0,1.0,
2026-02-10 11:00:00,691.12,429.35,23.94,46.26,35.28,22.49,Normal Sales,Normal Sales,0,0,-1.0,0,1.0,
2026-02-10 12:00:00,656.57,427.59,23.89,41.44,31.35,25.58,Normal Sales,Normal Sales,0,0,-1.0,0,1.0,
2026-02-10 13:00:00,728.98,437.19,24.76,40.51,33.41,18.68,Normal Sales,Normal Sales,0,0,-1.0,0,1.0,
2026-02-10 14:00:00,804.66,485.26,32.54,43.79,35.84,23.0,Normal Sales,Normal Sales,0,0,-1.0,0,1.0,
2026-02-10 15:00:00,786.1,475.63,27.38,43.25,34.6,20.29,Normal Sales,Normal Sales,0,0,-1.0,0,1.0,
2026-02-10 16:00:00,690.31,415.04,22.23,40.62,38.22,24.83,Normal Sales,Normal Sales,0,0,-1.0,0,1.0,
2026-02-10 17:00:00,1085.2,627.97,33.41,53.44,41.13,26.3,Normal Sales,Normal Sales,0,0,-1.0,0,1.0,
2026-02-10 18:00:00,1067.61,652.26,34.6,56.41,42.87,26.49,Normal Sales,Normal Sales,0,0,-1.0,0,1.0,
2026-02-10 19:00:00,1173.81,703.26,35.44,59.99,42.32,30.22,Normal Sales,Normal Sales,0,0,-1.0,0,1.0,
2026-02-10 20:00:00,971.03,636.85,36.37,50.68,37.55,31.27,Normal Sales,Normal Sales,0,0,-1.0,0,1.0,
2026-02-10 21:00:00,826.76,491.74,22.51,45.87,37.6,25.72,Normal Sales,Normal Sales,0,0,-1.0,0,1.0,
2026-02-10 22:00:00,798.36,456.98,26.04,47.47,34.43,25.59,Normal Sales,Normal Sales,0,0,-1.0,0,1.0,
2026-02-10 23:00:00,860.02,560.51,30.69,43.8,38.32,28.13,Normal Sales,Normal Sales,0,0,-1.0,0,1.0,
2026-02-11 00:00:00,351.64,208.32,11.11,22.94,33.32,15.41,Normal Sales,Normal Sales,0,0,-1.0,0,1.0,
2026-02-11 01:00:00,377.4,231.82,15.27,32.47,29.95,16.01,Normal Sales,Normal Sales,0,0,-1.0,0,1.0,
2026-02-11 02:00:00,382.77,190.48,11.77,26.89,33.01,17.08,Normal Sales,Normal Sales,0,0,-1.0,0,1.0,
2026-02-11 03:00:00,379.94,237.61,9.56,29.58,31.8,18.27,Normal Sales,Normal Sales,0,0,-1.0,0,1.0,
2026-02-11 04:00:00,389.82,251.77,11.91,30.46,30.83,13.67,Normal Sales,Normal Sales,0,0,-1.0,0,1.0,
2026-02-11 05:00:00,398.89,258.35,16.66,28.87,33.27,22.92,Normal Sales,Normal Sales,0,0,-1.0,0,1.0,
2026-02-11 06:00:00,496.57,327.16,18.0,32.83,33.43,21.85,Normal Sales,Normal Sales,0,0,-1.0,0,1.0,
2026-02-11 07:00:00,515.7,348.88,15.86,34.09,33.04,20.77,Normal Sales,Normal Sales,0,0,-1.0,0,1.0,
2026-02-11 08:00:00,512.63,338.07,19.66,39.46,32.47,21.66,Normal Sales,Normal Sales,0,0,-1.0,0,1.0,
2026-02-11 09:00:00,679.78,472.81,24.38,49.98,35.63,21.07,Normal Sales,Normal Sales,0,0,-1.0,0,1.0,
2026-02-11 10:00:00,742.84,463.71,27.21,47.87,37.3,22.41,Normal Sales,Normal Sales,0,0,-1.0,0,1.0,
2026-02-11 11:00:00,729.2,452.12,26.24,38.79,37.29,22.03,Normal Sales,Normal Sales,0,0,-1.0,0,1.0,
2026-02-11 12:00:00,752.75,482.28,27.01,46.94,34.8,27.3,Normal Sales,Normal Sales,0,0,-1.0,0,1.0,
2026-02-11 13:00:00,854.45,539.58,32.86,47.69,36.93,25.57,Normal Sales,Normal Sales,0,0,-1.0,0,1.0,
2026-02-11 14:00:00,793.97,482.41,27.61,46.83,35.5,25.1,Normal Sales,Normal Sales,0,0,-1.0,0,1.0,
2026-02-11 15:00:00,810.63,506.87,30.18,44.25,38.72,22.33,Normal Sales,Normal Sales,0,0,-1.0,0,1.0,
2026-02-11 16:00:00,733.79,439.18,22.27,42.26,36.05,24.65,Normal Sales,Normal Sales,0,0,-1.0,0,1.0,
2026-02-11 17:00:00,1086.53,634.01,37.15,53.13,42.35,28.74,Normal Sales,Normal Sales,0,0,-1.0,0,1.0,
2026-02-11 18:00:00,1115.28,718.83,40.49,57.12,47.32,30.36,Normal Sales,Normal Sales,0,0,-1.0,0,1.0,
2026-02-11 19:00:00,1096.13,703.7,39.2,59.43,47.62,29.04,Normal Sales,Normal Sales,0,0,-1.0,0,1.0,
2026-02-11 20:00:00,1086.72,676.68,39.36,53.38,38.54,27.74,Normal Sales,Normal Sales,0,0,-1.0,0,1.0,
2026-02-11 21:00:00,788.7,478.38,27.32,43.61,34.55,24.1,Normal Sales,Normal Sales,0,0,-1.0,0,1.0,
2026-02-11 22:00:00,895.91,513.09,29.86,50.3,41.14,27.26,Normal Sales,Normal Sales,0,0,-1.0,0,1.0,
2026-02-11 23:00:00,953.43,582.23,32.24,50.79,40.21,29.62,Normal Sales,Normal Sales,0,0,-1.0,0,1.0,
2026-02-12 00:00:00,343.52,191.45,13.28,31.91,29.11,18.5,Normal Sales,Normal Sales,0,0,-1.0,0,1.0,
2026-02-12 01:00:00,374.57,269.74,14.98,35.7,35.65,19.94,Normal Sales,Normal Sales,0,0,-1.0,0,1.0,
2026-02-12 02:00:00,369.19,246.96,12.85,38.04,30.64,17.63,Normal Sales,Normal Sales,0,0,-1.0,0,1.0,
2026-02-12 03:00:00,352.9,246.23,15.28,30.66,31.15,15.14,Normal Sales,Normal Sales,0,0,-1.0,0,1.0,
2026-02-12 04:00:00,371.69,241.77,16.71,29.93,27.76,16.25,Normal Sales,Normal Sales,0,0,-1.0,0,1.0,
2026-02-12 05:00:00,343.67,246.49,16.65,32.64,32.29,18.43,Normal Sales,Normal Sales,0,0,-1.0,0,1.0,
2026-02-12 06:00:00,529.44,319.93,16.98,32.76,33.53,19.92,Normal Sales,Normal Sales,0,0,-1.0,0,1.0,
2026-02-12 07:00:00,551.79,344.45,18.62,35.74,33.52,22.09,Normal Sales,Normal Sales,0,0,-1.0,0,1.0,
2026-02-12 08:00:00,501.56,313.15,17.69,34.31,31.35,20.29,Normal Sales,Normal Sales,0,0,-1.0,0,1.0,
2026-02-12 09:00:00,656.23,415.61,21.07,44.61,39.83,20.67,Normal Sales,Normal Sales,0,0,-1.0,0,1.0,
2026-02-12 10:00:00,714.23,424.65,25.44,39.66,37.1,20.87,Normal Sales,Normal Sales,0,0,-1.0,0,1.0,
2026-02-12 11:00:00,688.45,401.06,23.7,39.46,36.81,21.34,Normal Sales,Normal Sales,0,0,-1.0,0,1.0,
2026-02-12 12:00:00,691.67,432.53,22.27,43.52,38.82,21.26,Normal Sales,Normal Sales,0,0,-1.0,0,1.0,
2026-02-12 13:00:00,823.04,547.74,28.49,45.6,38.6,24.6,Normal Sales,Normal Sales,0,0,-1.0,0,1.0,
2026-02-12 14:00:00,850.13,527.95,27.43,45.69,40.63,24.06,Normal Sales,Normal Sales,0,0,-1.0,0,1.0,
2026-02-12 15:00:00,779.19,507.0,26.92,46.93,37.21,26.04,Normal Sales,Normal Sales,0,0,-1.0,0,1.0,
2026-02-12 16:00:00,800.46,490.78,27.12,45.56,34.65,24.78,Normal Sales,Normal Sales,0,0,-1.0,0,1.0,
2026-02-12 17:00:00,1209.38,727.73,38.48,58.25,46.01,31.09,Normal Sales,Normal Sales,0,0,-1.0,0,1.0,
2026-02-12 18:00:00,1096.1,656.63,36.3,52.41,42.92,30.16,Normal Sales,Normal Sales,0,0,-1.0,0,1.0,
2026-02-12 19:00:00,1035.74,603.84,36.37,51.93,43.88,26.79,Normal Sales,Normal Sales,0,0,-1.0,0,1.0,
2026-02-12 20:00:00,1095.91,690.42,36.21,58.17,41.87,26.62,Normal Sales,Normal Sales,0,0,-1.0,0,1.0,
2026-02-12 21:00:00,873.83,535.19,29.12,46.05,42.04,27.13,Normal Sales,Normal Sales,0,0,-1.0,0,1.0,
2026-02-12 22:00:00,900.76,550.83,26.84,54.88,39.19,24.27,Normal Sales,Normal Sales,0,0,-1.0,0,1.0,
2026-02-12 23:00:00,877.24,573.07,31.47,54.0,41.08,24.17,Normal Sales,Normal Sales,0,0,-1.0,0,1.0,
2026-02-13 00:00:00,356.07,244.7,8.03,31.49,27.19,17.16,Normal Sales,Normal Sales,0,0,-1.0,0,1.0,
2026-02-13 01:00:00,362.98,216.09,10.78,27.88,34.75,21.14,Normal Sales,Normal Sales,0,0,-1.0,0,1.0,
2026-02-13 02:00:00,347.07,254.74,13.21,32.56,29.77,17.05,Normal Sales,Normal Sales,0,0,-1.0,0,1.0,
2026-02-13 03:00:00,386.61,242.84,12.4,28.76,28.79,14.79,Normal Sales,Normal Sales,0,0,-1.0,0,1.0,
2026-02-13 04:00:00,368.71,198.68,10.4,33.32,32.67,16.9,Normal Sales,Normal Sales,0,0,-1.0,0,1.0,
2026-02-13 05:00:00,366.88,274.46,16.14,32.47,27.38,19.65,Normal Sales,Normal Sales,0,0,-1.0,0,1.0,
2026-02-13 06:00:00,554.32,327.89,18.62,36.28,33.06,15.22,Normal Sales,Normal Sales,0,0,-1.0,0,1.0,
2026-02-13 07:00:00,526.35,350.57,18.02,38.12,31.44,21.49,Normal Sales,Normal Sales,0,0,-1.0,0,1.0,
2026-02-13 08:00:00,526.49,302.94,19.33,38.17,31.74,20.57,Normal Sales,Normal Sales,0,0,-1.0,0,1.0,
2026-02-13 09:00:00,714.72,459.19,21.87,46.9,35.01,22.76,Normal Sales,Normal Sales,0,0,-1.0,0,1.0,
2026-02-13 10:00:00,787.82,496.0,26.51,41.11,40.17,21.71,Normal Sales,Normal Sales,0,0,-1.0,0,1.0,
2026-02-13 11:00:00,661.1,401.6,24.92,43.29,34.92,22.66,Normal Sales,Normal Sales,0,0,-1.0,0,1.0,
2026-02-13 12:00:00,675.13,422.07,23.36,44.82,37.41,23.54,Normal Sales,Normal Sales,0,0,-1.0,0,1.0,
2026-02-13 13:00:00,763.81,492.11,26.88,43.55,36.18,24.47,Normal Sales,Normal Sales,0,0,-1.0,0,1.0,
2026-02-13 14:00:00,813.31,499.66,25.06,47.13,38.05,24.86,Normal Sales,Normal Sales,0,0,-1.0,0,1.0,
2026-02-13 15:00:00,813.69,529.96,27.96,46.82,35.75,26.65,Normal Sales,Normal Sales,0,0,-1.0,0,1.0,
2026-02-13 16:00:00,834.26,509.36,27.53,51.26,39.19,25.61,Normal Sales,Normal Sales,0,0,-1.0,0,1.0,
2026-02-13 17:00:00,1039.62,661.53,34.53,53.25,40.98,27.37,Normal Sales,Normal Sales,0,0,-1.0,0,1.0,
2026-02-13 18:00:00,1093.2,641.76,37.21,58.44,38.69,30.0,Normal Sales,Normal Sales,0,0,-1.0,0,1.0,
2026-02-13 19:00:00,1060.65,679.03,37.21,57.11,41.66,31.4,Normal Sales,Normal Sales,0,0,-1.0,0,1.0,
2026-02-13 20:00:00,1036.93,658.09,38.4,57.7,46.28,27.39,Normal Sales,Normal Sales,0,0,-1.0,0,1.0,
2026-02-13 21:00:00,900.95,555.93,33.04,50.21,38.54,28.51,Normal Sales,Normal Sales,0,0,-1.0,0,1.0,
2026-02-13 22:00:00,838.66,484.65,25.62,48.07,41.04,24.34,Normal Sales,Normal Sales,0,0,-1.0,0,1.0,
2026-02-13 23:00:00,916.46,534.25,28.5,48.65,39.35,25.52,Normal Sales,Normal Sales,0,0,-1.0,0,1.0,
2026-02-14 00:00:00,504.42,301.62,16.87,35.5,30.72,19.31,Weekend Sales,Weekend Sales,0,0,-1.0,0,1.0,
2026-02-14 01:00:00,484.08,296.0,16.34,35.38,31.36,21.95,Weekend Sales,Weekend Sales,0,0,-1.0,0,1.0,
2026-02-14 02:00:00,459.07,266.6,20.22,31.07,29.1,20.13,Weekend Sales,Weekend Sales,0,0,-1.0,0,1.0,
2026-02-14 03:00:00,436.94,265.02,18.87,29.56,27.46,15.63,Weekend Sales,Weekend Sales,0,0,-1.0,0,1.0,
2026-02-14 04:00:00,509.48,344.0,17.89,39.26,35.44,24.17,Weekend Sales,Weekend Sales,0,0,-1.0,0,1.0,
2026-02-14 05:00:00,481.57,241.04,11.62,31.63,31.67,17.65,Weekend Sales,Weekend Sales,0,0,-1.0,0,1.0,
2026-02-14 06:00:00,743.68,492.94,26.77,48.88,37.36,24.45,Weekend Sales,Weekend Sales,0,0,-1.0,0,1.0,
2026-02-14 07:00:00,736.2,458.25,29.32,40.91,35.49,23.2,Weekend Sales,Weekend Sales,0,0,-1.0,0,1.0,
2026-02-14 08:00:00,719.76,477.95,26.24,41.71,37.92,25.46,Weekend Sales,Weekend Sales,0,0,-1.0,0,1.0,
2026-02-14 09:00:00,831.56,515.47,25.17,46.19,36.33,26.51,Weekend Sales,Weekend Sales,0,0,-1.0,0,1.0,
2026-02-14 10:00:00,926.36,542.2,31.58,46.23,40.41,23.93,Weekend Sales,Weekend Sales,0,0,-1.0,0,1.0,
2026-02-14 11:00:00,904.14,573.18,32.57,54.37,39.21,26.94,Weekend Sales,Weekend Sales,0,0,-1.0,0,1.0,
2026-02-14 12:00:00,900.82,563.06,31.85,50.3,35.71,26.74,Weekend Sales,Weekend Sales,0,0,-1.0,0,1.0,
2026-02-14 13:00:00,1048.1,632.81,32.24,58.55,42.8,27.36,Weekend Sales,Weekend Sales,0,0,-1.0,0,1.0,
2026-02-14 14:00:00,970.81,581.36,34.58,52.27,39.4,27.55,Weekend Sales,Weekend Sales,0,0,-1.0,0,1.0,
2026-02-14 15:00:00,987.42,649.72,38.44,53.97,39.53,23.01,Weekend Sales,Weekend Sales,0,0,-1.0,0,1.0,
2026-02-14 16:00:00,953.08,557.42,30.93,49.89,37.51,25.37,Weekend Sales,Weekend Sales,0,0,-1.0,0,1.0,
2026-02-14 17:00:00,1499.69,943.01,48.07,72.11,46.73,37.38,Weekend Sales,Weekend Sales,0,0,-1.0,0,1.0,
2026-02-14 18:00:00,1520.09,920.0,49.07,70.41,45.34,35.67,Weekend Sales,Weekend Sales,0,0,-1.0,0,1.0,
2026-02-14 19:00:00,1442.78,918.78,48.34,69.34,45.51,32.96,Weekend Sales,Weekend Sales,0,0,-1.0,0,1.0,
2026-02-14 20:00:00,1376.29,878.2,46.9,68.84,46.64,31.42,Weekend Sales,Weekend Sales,0,0,-1.0,0,1.0,
2026-02-14 21:00:00,1128.11,714.41,36.88,61.2,41.48,28.89,Weekend Sales,Weekend Sales,0,0,-1.0,0,1.0,
2026-02-14 22:00:00,1167.87,707.49,38.99,58.39,44.11,24.93,Weekend Sales,Weekend Sales,0,0,-1.0,0,1.0,
2026-02-14 23:00:00,1033.6,656.23,38.17,53.52,41.08,29.0,Weekend Sales,Weekend Sales,0,0,-1.0,0,1.0,
2026-02-15 00:00:00,504.75,262.25,12.65,33.01,33.99,23.55,Weekend Sales,Weekend Sales,0,0,-1.0,0,1.0,
2026-02-15 01:00:00,482.28,263.84,15.32,37.03,32.41,16.78,Weekend Sales,Weekend Sales,0,0,-1.0,0,1.0,
2026-02-15 02:00:00,511.21,333.54,16.29,38.05,34.69,22.7,Weekend Sales,Weekend Sales,0,0,-1.0,0,1.0,
2026-02-15 03:00:00,486.22,292.5,18.54,32.03,33.14,16.57,Weekend Sales,Weekend Sales,0,0,-1.0,0,1.0,
2026-02-15 04:00:00,513.83,312.12,19.7,37.38,30.29,22.65,Weekend Sales,Weekend Sales,0,0,-1.0,0,1.0,
2026-02-15 05:00:00,525.68,347.98,17.62,37.1,33.23,19.29,Weekend Sales,Weekend Sales,0,0,-1.0,0,1.0,
2026-02-15 06:00:00,764.28,477.46,20.85,46.45,36.3,23.79,Weekend Sales,Weekend Sales,0,0,-1.0,0,1.0,
2026-02-15 07:00:00,691.67,449.01,26.93,44.45,35.08,23.14,Weekend Sales,Weekend Sales,0,0,-1.0,0,1.0,
2026-02-15 08:00:00,705.35,417.25,24.11,43.57,39.07,24.94,Weekend Sales,Weekend Sales,0,0,-1.0,0,1.0,
2026-02-15 09:00:00,889.88,572.23,29.57,52.61,38.09,24.26,Weekend Sales,Weekend Sales,0,0,-1.0,0,1.0,
2026-02-15 10:00:00,934.38,512.45,24.68,48.09,40.05,24.07,Weekend Sales,Weekend Sales,0,0,-1.0,0,1.0,
2026-02-15 11:00:00,848.7,505.75,28.6,49.0,38.4,26.96,Weekend Sales,Weekend Sales,0,0,-1.0,0,1.0,
2026-02-15 12:00:00,939.78,563.98,30.46,47.39,39.76,28.32,Weekend Sales,Weekend Sales,0,0,-1.0,0,1.0,
2026-02-15 13:00:00,1065.17,695.46,37.64,61.18,41.72,32.33,Weekend Sales,Weekend Sales,0,0,-1.0,0,1.0,
2026-02-15 14:00:00,1028.76,655.51,39.0,55.24,41.93,30.97,Weekend Sales,Weekend Sales,0,0,-1.0,0,1.0,
2026-02-15 15:00:00,1023.03,601.26,37.36,52.07,41.71,29.34,Weekend Sales,Weekend Sales,0,0,-1.0,0,1.0,
2026-02-15 16:00:00,998.55,593.9,33.17,48.23,40.4,27.34,Weekend Sales,Weekend Sales,0,0,-1.0,0,1.0,
2026-02-15 17:00:00,1443.76,856.55,50.3,68.35,51.41,32.89,Weekend Sales,Weekend Sales,0,0,-1.0,0,1.0,
2026-02-15 18:00:00,1399.12,874.19,47.65,65.59,50.72,32.61,Weekend Sales,Weekend Sales,0,0,-1.0,0,1.0,
2026-02-15 19:00:00,1328.86,857.09,46.13,65.68,43.06,36.91,Weekend Sales,Weekend Sales,0,0,-1.0,0,1.0,
2026-02-15 20:00:00,1369.16,850.34,48.59,68.27,47.16,29.86,Weekend Sales,Weekend Sales,0,0,-1.0,0,1.0,
2026-02-15 21:00:00,1092.21,681.86,35.93,57.93,43.93,30.97,Weekend Sales,Weekend Sales,0,0,-1.0,0,1.0,
2026-02-15 22:00:00,1068.5,717.39,40.99,58.83,44.34,34.67,Weekend Sales,Weekend Sales,0,0,-1.0,0,1.0,
2026-02-15 23:00:00,1056.41,649.34,30.96,56.15,42.69,28.16,Weekend Sales,Weekend Sales,0,0,-1.0,0,1.0,
2026-02-16 00:00:00,357.0,170.1,10.1,32.15,28.89,17.13,Normal Sales,Normal Sales,0,0,-1.0,0,1.0,
2026-02-16 01:00:00,340.14,222.31,11.44,28.82,28.26,16.77,Normal Sales,Normal Sales,0,0,-1.0,0,1.0,
2026-02-16 02:00:00,376.13,200.4,10.23,29.92,28.2,20.6,Normal Sales,Normal Sales,0,0,-1.0,0,1.0,
2026-02-16 03:00:00,353.32,202.32,9.17,34.43,31.11,15.18,Normal Sales,Normal Sales,0,0,-1.0,0,1.0,
2026-02-16 04:00:00,389.49,246.5,14.07,31.35,29.12,18.84,Normal Sales,Normal Sales,0,0,-1.0,0,1.0,
2026-02-16 05:00:00,359.02,268.01,12.2,36.77,29.88,19.3,Normal Sales,Normal Sales,0,0,-1.0,0,1.0,
2026-02-16 06:00:00,555.31,328.54,19.8,30.46,32.0,18.37,Normal Sales,Normal Sales,0,0,-1.0,0,1.0,
2026-02-16 07:00:00,499.69,304.44,17.52,37.45,32.98,18.28,Normal Sales,Normal Sales,0,0,-1.0,0,1.0,
2026-02-16 08:00:00,542.94,339.73,20.56,39.57,33.29,18.7,Normal Sales,Normal Sales,0,0,-1.0,0,1.0,
2026-02-16 09:00:00,674.38,404.37,21.61,42.26,36.89,22.01,Normal Sales,Normal Sales,0,0,-1.0,0,1.0,
2026-02-16 10:00:00,697.7,436.16,22.96,40.9,32.35,21.51,Normal Sales,Normal Sales,0,0,-1.0,0,1.0,
2026-02-16 11:00:00,713.63,424.88,22.89,43.99,37.17,20.46,Normal Sales,Normal Sales,0,0,-1.0,0,1.0,
2026-02-16 12:00:00,731.89,481.96,24.25,43.48,38.82,23.76,Normal Sales,Normal Sales,0,0,-1.0,0,1.0,
2026-02-16 13:00:00,692.68,394.47,21.2,38.38,34.95,21.93,Normal Sales,Normal Sales,0,0,-1.0,0,1.0,
2026-02-16 14:00:00,836.12,511.13,30.26,51.26,41.08,25.35,Normal Sales,Normal Sales,0,0,-1.0,0,1.0,
2026-02-16 15:00:00,702.67,447.18,26.69,43.54,39.43,24.9,Normal Sales,Normal Sales,0,0,-1.0,0,1.0,
2026-02-16 16:00:00,801.29,523.96,29.48,41.76,36.62,27.49,Normal Sales,Normal Sales,0,0,-1.0,0,1.0,
2026-02-16 17:00:00,1062.51,653.17,33.83,60.35,45.43,26.56,Normal Sales,Normal Sales,0,0,-1.0,0,1.0,
2026-02-16 18:00:00,1115.38,674.52,38.33,58.55,44.58,29.53,Normal Sales,Normal Sales,0,0,-1.0,0,1.0,
2026-02-16 19:00:00,1269.73,761.53,38.46,61.44,42.45,28.05,Normal Sales,Normal Sales,0,0,-1.0,0,1.0,
2026-02-16 20:00:00,1051.79,629.05,32.69,56.02,40.87,27.37,Normal Sales,Normal Sales,0,0,-1.0,0,1.0,
2026-02-16 21:00:00,899.68,538.64,29.1,50.35,35.41,20.7,Normal Sales,Normal Sales,0,0,-1.0,0,1.0,
2026-02-16 22:00:00,876.08,555.47,34.68,50.4,40.53,25.5,Normal Sales,Normal Sales,0,0,-1.0,0,1.0,
2026-02-16 23:00:00,873.97,583.54,27.85,52.29,43.13,27.15,Normal Sales,Normal Sales,0,0,-1.0,0,1.0,
2026-02-17 00:00:00,399.75,232.11,12.7,31.73,26.36,15.47,Normal Sales,Normal Sales,0,0,-1.0,0,1.0,
2026-02-17 01:00:00,349.02,236.94,14.78,32.26,31.58,17.6,Normal Sales,Normal Sales,0,0,-1.0,0,1.0,
2026-02-17 02:00:00,391.46,242.93,13.48,31.4,32.02,17.23,Normal Sales,Normal Sales,0,0,-1.0,0,1.0,
2026-02-17 03:00:00,387.3,211.82,9.45,32.35,30.41,16.39,Normal Sales,Normal Sales,0,0,-1.0,0,1.0,
2026-02-17 04:00:00,385.7,223.96,11.92,34.66,33.64,20.74,Normal Sales,Normal Sales,0,0,-1.0,0,1.0,
2026-02-17 05:00:00,364.06,256.49,12.21,30.19,25.49,21.76,Normal Sales,Normal Sales,0,0,-1.0,0,1.0,
2026-02-17 06:00:00,510.35,313.25,15.41,37.92,31.92,17.22,Normal Sales,Normal Sales,0,0,-1.0,0,1.0,
2026-02-17 07:00:00,545.17,302.16,14.94,30.69,30.42,19.91,Normal Sales,Normal Sales,0,0,-1.0,0,1.0,
2026-02-17 08:00:00,481.0,261.19,14.36,32.24,36.16,22.2,Normal Sales,Normal Sales,0,0,-1.0,0,1.0,
2026-02-17 09:00:00,667.24,427.62,25.02,41.09,32.35,22.67,Normal Sales,Normal Sales,0,0,-1.0,0,1.0,
2026-02-17 10:00:00,691.48,417.83,23.87,40.46,33.45,22.66,Normal Sales,Normal Sales,0,0,-1.0,0,1.0,
2026-02-17 11:00:00,710.97,411.39,24.48,37.77,34.93,21.77,Normal Sales,Normal Sales,0,0,-1.0,0,1.0,
2026-02-17 12:00:00,675.32,404.57,25.99,39.48,40.36,22.99,Normal Sales,Normal Sales,0,0,-1.0,0,1.0,
2026-02-17 13:00:00,783.16,497.47,32.42,44.17,35.07,22.93,Normal Sales,Normal Sales,0,0,-1.0,0,1.0,
2026-02-17 14:00:00,780.83,440.97,24.3,48.32,37.58,22.44,Normal Sales,Normal Sales,0,0,-1.0,0,1.0,
2026-02-17 15:00:00,755.48,490.86,25.35,50.75,40.71,24.78,Normal Sales,Normal Sales,0,0,-1.0,0,1.0,
2026-02-17 16:00:00,779.12,508.82,30.17,45.12,36.19,22.08,Normal Sales,Normal Sales,0,0,-1.0,0,1.0,
2026-02-17 17:00:00,1130.47,717.56,36.77,58.2,40.52,28.14,Normal Sales,Normal Sales,0,0,-1.0,0,1.0,
2026-02-17 18:00:00,1138.33,687.43,37.21,53.97,43.73,29.1,Normal Sales,Normal Sales,0,0,-1.0,0,1.0,
2026-02-17 19:00:00,1067.44,657.09,36.5,54.07,39.19,32.04,Normal Sales,Normal Sales,0,0,-1.0,0,1.0,
2026-02-17 20:00:00,1072.74,662.68,38.47,65.23,39.75,29.47,Normal Sales,Normal Sales,0,0,-1.0,0,1.0,
2026-02-17 21:00:00,831.15,501.84,26.16,44.42,38.05,21.6,Normal Sales,Normal Sales,0,0,-1.0,0,1.0,
2026-02-17 22:00:00,902.42,560.88,31.69,49.29,38.61,26.6,Normal Sales,Normal Sales,0,0,-1.0,0,1.0,
2026-02-17 23:00:00,811.48,494.17,25.46,44.5,33.58,27.03,Normal Sales,Normal Sales,0,0,-1.0,0,1.0,
2026-02-18 00:00:00,356.79,250.29,15.9,28.9,27.89,23.38,Normal Sales,Normal Sales,0,0,-1.0,0,1.0,
2026-02-18 01:00:00,401.81,248.34,14.17,30.81,31.7,16.77,Normal Sales,Normal Sales,0,0,-1.0,0,1.0,
2026-02-18 02:00:00,331.92,172.75,9.54,25.6,29.51,14.17,Normal Sales,Normal Sales,0,0,-1.0,0,1.0,
2026-02-18 03:00:00,355.02,241.44,13.77,31.68,31.79,19.0,Normal Sales,Normal Sales,0,0,-1.0,0,1.0,
2026-02-18 04:00:00,396.19,234.14,12.02,28.45,29.88,19.78,Normal Sales,Normal Sales,0,0,-1.0,0,1.0,
2026-02-18 05:00:00,393.48,267.97,11.15,35.91,27.01,20.5,Normal Sales,Normal Sales,0,0,-1.0,0,1.0,
2026-02-18 06:00:00,523.86,342.36,16.16,40.52,29.98,19.22,Normal Sales,Normal Sales,0,0,-1.0,0,1.0,
2026-02-18 07:00:00,507.04,270.51,15.07,38.74,37.95,18.96,Normal Sales,Normal Sales,0,0,-1.0,0,1.0,
2026-02-18 08:00:00,563.47,355.16,20.53,37.63,33.97,21.95,Normal Sales,Normal Sales,0,0,-1.0,0,1.0,
2026-02-18 09:00:00,677.7,418.24,22.89,44.31,33.39,22.35,Normal Sales,Normal Sales,0,0,-1.0,0,1.0,
2026-02-18 10:00:00,764.6,503.16,30.37,46.82,37.64,26.58,Normal Sales,Normal Sales,0,0,-1.0,0,1.0,
2026-02-18 11:00:00,752.33,417.65,20.34,46.09,36.24,21.1,Normal Sales,Normal Sales,0,0,-1.0,0,1.0,
2026-02-18 12:00:00,654.12,391.68,18.74,46.09,35.08,21.68,Normal Sales,Normal Sales,0,0,-1.0,0,1.0,
2026-02-18 13:00:00,802.92,521.87,30.59,50.59,36.39,24.45,Normal Sales,Normal Sales,0,0,-1.0,0,1.0,
2026-02-18 14:00:00,809.98,489.0,26.88,47.48,39.34,20.67,Normal Sales,Normal Sales,0,0,-1.0,0,1.0,
2026-02-18 15:00:00,807.86,495.03,28.64,48.68,40.95,27.08,Normal Sales,Normal Sales,0,0,-1.0,0,1.0,
2026-02-18 16:00:00,832.5,552.24,30.96,49.59,39.9,27.27,Normal Sales,Normal Sales,0,0,-1.0,0,1.0,
2026-02-18 17:00:00,1091.28,686.71,37.7,55.5,45.13,29.28,Normal Sales,Normal Sales,0,0,-1.0,0,1.0,
2026-02-18 18:00:00,1221.95,716.97,38.32,60.12,47.05,30.72,Normal Sales,Normal Sales,0,0,-1.0,0,1.0,
2026-02-18 19:00:00,1125.61,669.7,34.52,57.95,40.41,27.68,Normal Sales,Normal Sales,0,0,-1.0,0,1.0,
2026-02-18 20:00:00,1136.17,679.87,40.6,60.74,40.17,27.13,Normal Sales,Normal Sales,0,0,-1.0,0,1.0,
2026-02-18 21:00:00,763.57,453.85,26.49,43.5,37.9,20.3,Normal Sales,Normal Sales,0,0,-1.0,0,1.0,
2026-02-18 22:00:00,896.49,541.95,29.83,49.33,36.7,23.24,Normal Sales,Normal Sales,0,0,-1.0,0,1.0,
2026-02-18 23:00:00,903.81,570.34,33.47,51.71,39.65,22.81,Normal Sales,Normal Sales,0,0,-1.0,0,1.0,
2026-02-19 00:00:00,364.67,225.41,16.3,32.78,33.27,18.83,Normal Sales,Normal Sales,0,0,-1.0,0,1.0,
2026-02-19 01:00:00,356.52,223.97,12.79,28.58,29.29,17.19,Normal Sales,Normal Sales,0,0,-1.0,0,1.0,
2026-02-19 02:00:00,399.34,195.57,13.17,27.65,28.04,19.25,Normal Sales,Normal Sales,0,0,-1.0,0,1.0,
2026-02-19 03:00:00,383.19,268.94,16.39,38.32,31.63,18.41,Normal Sales,Normal Sales,0,0,-1.0,0,1.0,
2026-02-19 04:00:00,376.0,264.21,12.97,31.27,29.77,14.4,Normal Sales,Normal Sales,0,0,-1.0,0,1.0,
2026-02-19 05:00:00,372.22,183.62,10.21,31.4,29.37,19.94,Normal Sales,Normal Sales,0,0,-1.0,0,1.0,
2026-02-19 06:00:00,494.97,336.66,19.87,32.82,37.84,20.29,Normal Sales,Normal Sales,0,0,-1.0,0,1.0,
2026-02-19 07:00:00,510.53,281.35,15.03,34.43,32.88,18.44,Normal Sales,Normal Sales,0,0,-1.0,0,1.0,
2026-02-19 08:00:00,550.87,331.85,14.38,36.97,28.63,21.0,Normal Sales,Normal Sales,0,0,-1.0,0,1.0,
2026-02-19 09:00:00,664.07,415.81,25.5,39.65,37.41,21.53,Normal Sales,Normal Sales,0,0,-1.0,0,1.0,
2026-02-19 10:00:00,759.47,461.74,23.71,46.57,36.04,21.86,Normal Sales,Normal Sales,0,0,-1.0,0,1.0,
2026-02-19 11:00:00,681.57,421.46,25.86,37.58,35.63,23.79,Normal Sales,Normal Sales,0,0,-1.0,0,1.0,
2026-02-19 12:00:00,705.01,469.85,25.69,44.32,37.17,23.94,Normal Sales,Normal Sales,0,0,-1.0,0,1.0,
2026-02-19 13:00:00,765.17,487.31,25.5,44.52,35.95,26.89,Normal Sales,Normal Sales,0,0,-1.0,0,1.0,
2026-02-19 14:00:00,654.72,415.82,22.94,37.75,35.75,23.35,Normal Sales,Normal Sales,0,0,-1.0,0,1.0,
2026-02-19 15:00:00,803.41,431.82,26.48,42.01,39.03,24.28,Normal Sales,Normal Sales,0,0,-1.0,0,1.0,
2026-02-19 16:00:00,746.2,479.15,25.58,40.35,39.02,22.43,Normal Sales,Normal Sales,0,0,-1.0,0,1.0,
2026-02-19 17:00:00,1061.62,648.13,36.19,55.52,43.14,25.52,Normal Sales,Normal Sales,0,0,-1.0,0,1.0,
2026-02-19 18:00:00,1067.83,659.16,40.05,55.92,44.32,28.56,Normal Sales,Normal Sales,0,0,-1.0,0,1.0,
2026-02-19 19:00:00,1082.18,664.78,36.23,58.08,45.15,29.34,Normal Sales,Normal Sales,0,0,-1.0,0,1.0,
2026-02-19 20:00:00,1174.82,704.27,37.91,57.28,44.6,28.89,Normal Sales,Normal Sales,0,0,-1.0,0,1.0,
2026-02-19 21:00:00,894.03,531.02,29.29,50.77,35.07,29.52,Normal Sales,Normal Sales,0,0,-1.0,0,1.0,
2026-02-19 22:00:00,850.34,476.59,26.53,46.33,38.29,25.9,Normal Sales,Normal Sales,0,0,-1.0,0,1.0,
2026-02-19 23:00:00,894.79,562.22,31.82,50.2,42.76,23.1,Normal Sales,Normal Sales,0,0,-1.0,0,1.0,
2026-02-20 00:00:00,372.45,232.54,14.42,29.33,26.84,18.13,Normal Sales,Normal Sales,0,0,-1.0,0,1.0,
2026-02-20 01:00:00,375.06,269.78,12.3,36.03,35.11,17.99,Normal Sales,Normal Sales,0,0,-1.0,0,1.0,
2026-02-20 02:00:00,345.99,204.34,11.27,31.37,28.7,20.22,Normal Sales,Normal Sales,0,0,-1.0,0,1.0,
2026-02-20 03:00:00,349.25,173.06,11.73,22.89,29.53,22.56,Normal Sales,Normal Sales,0,0,-1.0,0,1.0,
2026-02-20 04:00:00,369.64,201.16,10.95,29.88,30.61,18.35,Normal Sales,Normal Sales,0,0,-1.0,0,1.0,
2026-02-20 05:00:00,350.65,259.59,14.77,34.3,28.7,21.06,Normal Sales,Normal Sales,0,0,-1.0,0,1.0,
2026-02-20 06:00:00,527.38,333.91,16.5,34.75,34.34,19.46,Normal Sales,Normal Sales,0,0,-1.0,0,1.0,
2026-02-20 07:00:00,511.44,301.01,17.95,34.06,32.46,19.56,Normal Sales,Normal Sales,0,0,-1.0,0,1.0,
2026-02-20 08:00:00,483.03,262.7,15.12,31.84,34.32,20.5,Normal Sales,Normal Sales,0,0,-1.0,0,1.0,
2026-02-20 09:00:00,723.75,494.22,27.02,47.65,35.13,29.26,Normal Sales,Normal Sales,0,0,-1.0,0,1.0,
2026-02-20 10:00:00,767.92,476.41,26.98,48.98,36.76,22.6,Normal Sales,Normal Sales,0,0,-1.0,0,1.0,
2026-02-20 11:00:00,729.16,454.04,25.34,42.18,32.96,23.82,Normal Sales,Normal Sales,0,0,-1.0,0,1.0,
2026-02-20 12:00:00,730.24,447.1,27.46,42.2,34.3,23.04,Normal Sales,Normal Sales,0,0,-1.0,0,1.0,
2026-02-20 13:00:00,777.6,501.36,26.02,50.2,41.15,24.46,Normal Sales,Normal Sales,0,0,-1.0,0,1.0,
2026-02-20 14:00:00,829.61,487.95,28.99,49.21,39.83,24.17,Normal Sales,Normal Sales,0,0,-1.0,0,1.0,
2026-02-20 15:00:00,665.48,396.56,20.56,38.72,35.56,21.08,Normal Sales,Normal Sales,0,0,-1.0,0,1.0,
2026-02-20 16:00:00,748.63,437.68,22.64,46.49,35.4,21.91,Normal Sales,Normal Sales,0,0,-1.0,0,1.0,
2026-02-20 17:00:00,1084.25,680.71,38.35,49.69,44.48,31.89,Normal Sales,Normal Sales,0,0,-1.0,0,1.0,
2026-02-20 18:00:00,1051.33,627.51,33.61,52.76,42.32,23.79,Normal Sales,Normal Sales,0,0,-1.0,0,1.0,
2026-02-20 19:00:00,1047.57,687.97,35.98,60.45,42.52,25.58,Normal Sales,Normal Sales,0,0,-1.0,0,1.0,
2026-02-20 20:00:00,1144.84,706.86,37.97,59.58,44.41,31.09,Normal Sales,Normal Sales,0,0,-1.0,0,1.0,
2026-02-20 21:00:00,913.86,576.79,28.97,50.08,45.42,27.87,Normal Sales,Normal Sales,0,0,-1.0,0,1.0,
2026-02-20 22:00:00,965.25,633.34,35.32,54.98,40.34,24.36,Normal Sales,Normal Sales,0,0,-1.0,0,1.0,
2026-02-20 23:00:00,863.79,565.82,29.92,51.4,40.39,24.33,Normal Sales,Normal Sales,0,0,-1.0,0,1.0,
2026-02-21 00:00:00,478.36,271.14,13.27,30.81,30.33,21.62,Weekend Sales,Weekend Sales,0,0,-1.0,0,1.0,
2026-02-21 01:00:00,467.0,292.7,15.09,37.85,34.56,21.05,Weekend Sales,Weekend Sales,0,0,-1.0,0,1.0,
2026-02-21 02:00:00,496.9,302.3,14.24,40.44,30.93,20.88,Weekend Sales,Weekend Sales,0,0,-1.0,0,1.0,
2026-02-21 03:00:00,515.33,305.62,18.89,37.79,36.22,18.7,Weekend Sales,Weekend Sales,0,0,-1.0,0,1.0,
2026-02-21 04:00:00,457.94,271.29,15.34,34.02,31.0,14.96,Weekend Sales,Weekend Sales,0,0,-1.0,0,1.0,
2026-02-21 05:00:00,500.92,359.88,20.72,39.72,33.66,21.79,Weekend Sales,Weekend Sales,0,0,-1.0,0,1.0,
2026-02-21 06:00:00,739.85,468.59,25.15,43.02,36.08,24.34,Weekend Sales,Weekend Sales,0,0,-1.0,0,1.0,
2026-02-21 07:00:00,695.75,439.22,25.04,45.41,38.39,23.14,Weekend Sales,Weekend Sales,0,0,-1.0,0,1.0,
2026-02-21 08:00:00,660.69,401.0,22.14,36.74,38.01,22.31,Weekend Sales,Weekend Sales,0,0,-1.0,0,1.0,
2026-02-21 09:00:00,942.06,618.21,32.74,54.79,39.8,27.09,Weekend Sales,Weekend Sales,0,0,-1.0,0,1.0,
2026-02-21 10:00:00,888.74,592.66,31.85,53.53,35.36,29.18,Weekend Sales,Weekend Sales,0,0,-1.0,0,1.0,
2026-02-21 11:00:00,973.07,605.74,32.86,54.04,45.12,23.62,Weekend Sales,Weekend Sales,0,0,-1.0,0,1.0,
2026-02-21 12:00:00,960.58,572.77,31.46,50.84,39.47,26.3,Weekend Sales,Weekend Sales,0,0,-1.0,0,1.0,
2026-02-21 13:00:00,974.6,629.98,31.06,55.5,39.92,25.41,Weekend Sales,Weekend Sales,0,0,-1.0,0,1.0,
2026-02-21 14:00:00,1043.64,608.13,33.53,50.16,42.66,25.35,Weekend Sales,Weekend Sales,0,0,-1.0,0,1.0,
2026-02-21 15:00:00,1009.89,633.48,33.3,54.44,38.14,29.1,Weekend Sales,Weekend Sales,0,0,-1.0,0,1.0,
2026-02-21 16:00:00,1124.36,766.91,42.36,63.48,39.55,34.18,Weekend Sales,Weekend Sales,0,0,-1.0,0,1.0,
2026-02-21 17:00:00,1525.2,933.52,53.82,71.57,49.01,36.29,Weekend Sales,Weekend Sales,0,0,-1.0,0,1.0,
2026-02-21 18:00:00,1390.15,887.44,46.7,66.43,45.81,35.7,Weekend Sales,Weekend Sales,0,0,-1.0,0,1.0,
2026-02-21 19:00:00,1422.94,848.52,45.46,67.49,45.83,30.91,Weekend Sales,Weekend Sales,0,0,-1.0,0,1.0,
2026-02-21 20:00:00,1623.21,984.87,53.52,74.39,50.75,37.86,Weekend Sales,Weekend Sales,0,0,-1.0,0,1.0,
2026-02-21 21:00:00,1196.08,733.92,37.89,63.78,44.14,33.81,Weekend Sales,Weekend Sales,0,0,-1.0,0,1.0,
2026-02-21 22:00:00,1013.73,633.4,38.67,53.73,40.78,28.43,Weekend Sales,Weekend Sales,0,0,-1.0,0,1.0,
2026-02-21 23:00:00,1110.04,680.42,36.75,55.93,45.33,29.93,Weekend Sales,Weekend Sales,0,0,-1.0,0,1.0,
2026-02-22 00:00:00,495.8,327.61,17.49,34.77,31.22,20.19,Weekend Sales,Weekend Sales,0,0,-1.0,0,1.0,
2026-02-22 01:00:00,463.73,275.01,14.09,39.4,26.34,18.52,Weekend Sales,Weekend Sales,0,0,-1.0,0,1.0,
2026-02-22 02:00:00,531.92,332.83,19.81,37.48,31.71,15.84,Weekend Sales,Weekend Sales,0,0,-1.0,0,1.0,
2026-02-22 03:00:00,494.7,287.32,14.2,33.64,35.9,23.99,Weekend Sales,Weekend Sales,0,0,-1.0,0,1.0,
2026-02-22 04:00:00,494.98,295.27,13.89,36.42,35.98,18.89,Weekend Sales,Weekend Sales,0,0,-1.0,0,1.0,
2026-02-22 05:00:00,431.42,284.23,17.6,30.28,31.69,20.01,Weekend Sales,Weekend Sales,0,0,-1.0,0,1.0,
2026-02-22 06:00:00,704.71,417.15,24.98,41.4,33.01,18.33,Weekend Sales,Weekend Sales,0,0,-1.0,0,1.0,
2026-02-22 07:00:00,751.88,481.58,26.66,44.59,35.72,21.89,Weekend Sales,Weekend Sales,0,0,-1.0,0,1.0,
2026-02-22 08:00:00,692.04,376.06,19.21,39.68,36.98,21.32,Weekend Sales,Weekend Sales,0,0,-1.0,0,1.0,
2026-02-22 09:00:00,961.69,629.97,36.76,55.22,40.37,25.79,Weekend Sales,Weekend Sales,0,0,-1.0,0,1.0,
2026-02-22 10:00:00,959.14,636.66,35.7,59.12,37.25,25.61,Weekend Sales,Weekend Sales,0,0,-1.0,0,1.0,
2026-02-22 11:00:00,964.47,604.58,35.88,52.88,38.66,26.69,Weekend Sales,Weekend Sales,0,0,-1.0,0,1.0,
2026-02-22 12:00:00,854.04,501.29,29.52,49.57,39.24,21.09,Weekend Sales,Weekend Sales,0,0,-1.0,0,1.0,
2026-02-22 13:00:00,1015.21,598.81,35.29,51.61,39.09,27.03,Weekend Sales,Weekend Sales,0,0,-1.0,0,1.0,
2026-02-22 14:00:00,1000.65,657.5,34.69,52.09,36.71,28.38,Weekend Sales,Weekend Sales,0,0,-1.0,0,1.0,
2026-02-22 15:00:00,1004.69,587.19,34.67,54.13,41.02,29.41,Weekend Sales,Weekend Sales,0,0,-1.0,0,1.0,
2026-02-22 16:00:00,1067.98,641.58,33.21,57.46,42.95,28.38,Weekend Sales,Weekend Sales,0,0,-1.0,0,1.0,
2026-02-22 17:00:00,1406.82,887.43,47.3,68.93,50.81,32.86,Weekend Sales,Weekend Sales,0,0,-1.0,0,1.0,
2026-02-22 18:00:00,1353.46,812.83,46.69,66.04,46.75,31.3,Weekend Sales,Weekend Sales,0,0,-1.0,0,1.0,
2026-02-22 19:00:00,1504.65,911.65,50.75,69.23,47.78,33.52,Weekend Sales,Weekend Sales,0,0,-1.0,0,1.0,
2026-02-22 20:00:00,1441.42,892.46,49.56,60.47,46.89,33.53,Weekend Sales,Weekend Sales,0,0,-1.0,0,1.0,
2026-02-22 21:00:00,1228.53,734.69,40.73,64.63,42.26,31.16,Weekend Sales,Weekend Sales,0,0,-1.0,0,1.0,
2026-02-22 22:00:00,1096.72,667.35,35.1,54.97,48.09,30.37,Weekend Sales,Weekend Sales,0,0,-1.0,0,1.0,
2026-02-22 23:00:00,1205.49,759.71,38.57,62.82,46.64,29.29,Weekend Sales,Weekend Sales,0,0,-1.0,0,1.0,
2026-02-23 00:00:00,388.34,258.38,17.91,31.69,28.41,17.74,Normal Sales,Normal Sales,0,0,-1.0,0,1.0,
2026-02-23 01:00:00,397.05,200.46,6.89,30.42,29.86,17.03,Normal Sales,Normal Sales,0,0,-1.0,0,1.0,
2026-02-23 02:00:00,387.96,226.72,8.72,36.42,28.6,15.55,Normal Sales,Normal Sales,0,0,-1.0,0,1.0,
2026-02-23 03:00:00,390.9,232.74,12.67,32.81,32.81,17.15,Normal Sales,Normal Sales,0,0,-1.0,0,1.0,
2026-02-23 04:00:00,398.61,193.74,12.18,27.81,33.52,17.13,Normal Sales,Normal Sales,0,0,-1.0,0,1.0,
2026-02-23 05:00:00,357.99,238.53,14.91,33.2,28.03,17.0,Normal Sales,Normal Sales,0,0,-1.0,0,1.0,
2026-02-23 06:00:00,534.99,330.66,19.69,32.12,33.76,19.69,Normal Sales,Normal Sales,0,0,-1.0,0,1.0,
2026-02-23 07:00:00,512.67,299.29,16.03,26.57,31.31,17.73,Normal Sales,Normal Sales,0,0,-1.0,0,1.0,
2026-02-23 08:00:00,549.36,320.46,17.2,40.67,35.33,21.82,Normal Sales,Normal Sales,0,0,-1.0,0,1.0,
2026-02-23 09:00:00,682.26,436.58,23.54,42.61,36.42,21.72,Normal Sales,Normal Sales,0,0,-1.0,0,1.0,
2026-02-23 10:00:00,751.98,462.23,26.66,48.46,38.85,20.74,Normal Sales,Normal Sales,0,0,-1.0,0,1.0,
2026-02-23 11:00:00,715.31,464.76,27.35,41.85,34.85,25.61,Normal Sales,Normal Sales,0,0,-1.0,0,1.0,
2026-02-23 12:00:00,673.1,409.83,25.69,41.71,33.99,20.49,Normal Sales,Normal Sales,0,0,-1.0,0,1.0,
2026-02-23 13:00:00,795.08,459.62,24.78,45.88,40.11,24.83,Normal Sales,Normal Sales,0,0,-1.0,0,1.0,
2026-02-23 14:00:00,754.15,497.03,26.74,43.31,36.48,27.3,Normal Sales,Normal Sales,0,0,-1.0,0,1.0,
2026-02-23 15:00:00,788.53,489.2,30.18,42.74,34.83,21.0,Normal Sales,Normal Sales,0,0,-1.0,0,1.0,
2026-02-23 16:00:00,796.64,498.08,30.48,47.4,36.73,24.46,Normal Sales,Normal Sales,0,0,-1.0,0,1.0,
2026-02-23 17:00:00,1117.91,651.31,41.24,57.55,43.42,29.51,Normal Sales,Normal Sales,0,0,-1.0,0,1.0,
2026-02-23 18:00:00,1150.79,709.97,37.79,60.65,44.33,28.13,Normal Sales,Normal Sales,0,0,-1.0,0,1.0,
2026-02-23 19:00:00,1190.22,745.27,42.45,64.54,44.28,31.27,Normal Sales,Normal Sales,0,0,-1.0,0,1.0,
2026-02-23 20:00:00,1156.38,698.83,38.54,59.01,41.75,34.11,Normal Sales,Normal Sales,0,0,-1.0,0,1.0,
2026-02-23 21:00:00,803.57,465.76,28.25,47.17,35.61,24.86,Normal Sales,Normal Sales,0,0,-1.0,0,1.0,
2026-02-23 22:00:00,927.83,574.5,36.8,46.97,41.16,28.7,Normal Sales,Normal Sales,0,0,-1.0,0,1.0,
2026-02-23 23:00:00,902.92,554.7,29.93,51.3,40.98,27.07,Normal Sales,Normal Sales,0,0,-1.0,0,1.0,
2026-02-24 00:00:00,389.93,216.28,11.44,28.5,29.86,19.44,Normal Sales,Normal Sales,0,0,-1.0,0,1.0,
2026-02-24 01:00:00,372.65,296.22,16.68,34.46,30.55,18.13,Normal Sales,Normal Sales,0,0,-1.0,0,1.0,
2026-02-24 02:00:00,369.58,257.33,14.38,30.55,28.43,17.53,Normal Sales,Normal Sales,0,0,-1.0,0,1.0,
2026-02-24 03:00:00,372.02,260.49,11.65,31.9,30.61,14.84,Normal Sales,Normal Sales,0,0,-1.0,0,1.0,
2026-02-24 04:00:00,355.2,203.23,9.59,30.47,29.72,15.97,Normal Sales,Normal Sales,0,0,-1.0,0,1.0,
2026-02-24 05:00:00,378.58,277.8,18.56,28.72,31.59,18.59,Normal Sales,Normal Sales,0,0,-1.0,0,1.0,
2026-02-24 06:00:00,539.54,324.56,18.09,37.3,32.01,18.32,Normal Sales,Normal Sales,0,0,-1.0,0,1.0,
2026-02-24 07:00:00,523.38,330.35,19.37,39.19,31.91,20.83,Normal Sales,Normal Sales,0,0,-1.0,0,1.0,
2026-02-24 08:00:00,561.15,377.05,20.62,38.9,33.92,19.13,Normal Sales,Normal Sales,0,0,-1.0,0,1.0,
2026-02-24 09:00:00,693.34,448.49,25.95,43.05,36.22,21.56,Normal Sales,Normal Sales,0,0,-1.0,0,1.0,
2026-02-24 10:00:00,724.75,447.4,24.05,43.03,36.19,22.29,Normal Sales,Normal Sales,0,0,-1.0,0,1.0,
2026-02-24 11:00:00,723.16,438.48,27.3,47.18,34.51,23.1,Normal Sales,Normal Sales,0,0,-1.0,0,1.0,
2026-02-24 12:00:00,677.34,411.79,26.65,41.18,36.24,23.38,Normal Sales,Normal Sales,0,0,-1.0,0,1.0,
2026-02-24 13:00:00,743.34,439.49,21.76,41.51,30.94,24.08,Normal Sales,Normal Sales,0,0,-1.0,0,1.0,
2026-02-24 14:00:00,862.86,538.67,26.79,47.54,37.75,23.43,Normal Sales,Normal Sales,0,0,-1.0,0,1.0,
2026-02-24 15:00:00,816.14,526.26,26.63,50.02,40.93,28.96,Normal Sales,Normal Sales,0,0,-1.0,0,1.0,
2026-02-24 16:00:00,894.59,532.09,34.91,48.22,38.02,25.96,Normal Sales,Normal Sales,0,0,-1.0,0,1.0,
2026-02-24 17:00:00,1079.59,679.32,34.72,56.61,44.92,28.87,Normal Sales,Normal Sales,0,0,-1.0,0,1.0,
2026-02-24 18:00:00,1119.83,706.18,41.18,54.6,44.21,29.12,Normal Sales,Normal Sales,0,0,-1.0,0,1.0,
2026-02-24 19:00:00,1121.22,721.66,37.3,56.91,39.19,28.94,Normal Sales,Normal Sales,0,0,-1.0,0,1.0,
2026-02-24 20:00:00,1185.93,732.26,37.59,59.22,41.19,28.06,Normal Sales,Normal Sales,0,0,-1.0,0,1.0,
2026-02-24 21:00:00,881.67,517.29,30.68,48.15,39.16,24.38,Normal Sales,Normal Sales,0,0,-1.0,0,1.0,
2026-02-24 22:00:00,898.27,576.51,32.38,52.54,38.85,27.5,Normal Sales,Normal Sales,0,0,-1.0,0,1.0,
2026-02-24 23:00:00,850.24,527.21,28.45,47.38,37.08,26.12,Normal Sales,Normal Sales,0,0,-1.0,0,1.0,
2026-02-25 00:00:00,395.15,274.27,12.57,36.73,30.08,20.06,Normal Sales,Normal Sales,0,0,-1.0,0,1.0,
2026-02-25 01:00:00,354.05,223.06,12.9,27.16,31.24,20.27,Normal Sales,Normal Sales,0,0,-1.0,0,1.0,
2026-02-25 02:00:00,367.61,261.92,14.03,34.85,25.81,23.39,Normal Sales,Normal Sales,0,0,-1.0,0,1.0,
2026-02-25 03:00:00,398.58,240.0,9.26,32.71,27.89,18.89,Normal Sales,Normal Sales,0,0,-1.0,0,1.0,
2026-02-25 04:00:00,378.48,211.12,13.85,32.54,32.39,17.3,Normal Sales,Normal Sales,0,0,-1.0,0,1.0,
2026-02-25 05:00:00,344.6,238.1,12.55,28.0,32.56,22.15,Normal Sales,Normal Sales,0,0,-1.0,0,1.0,
2026-02-25 06:00:00,534.57,385.41,21.38,38.67,31.83,24.91,Normal Sales,Normal Sales,0,0,-1.0,0,1.0,
2026-02-25 07:00:00,514.78,337.54,17.45,36.16,34.81,19.68,Normal Sales,Normal Sales,0,0,-1.0,0,1.0,
2026-02-25 08:00:00,524.83,353.71,22.65,39.73,31.61,19.82,Normal Sales,Normal Sales,0,0,-1.0,0,1.0,
2026-02-25 09:00:00,703.29,444.06,22.45,45.42,36.13,19.67,Normal Sales,Normal Sales,0,0,-1.0,0,1.0,
2026-02-25 10:00:00,667.96,401.53,21.94,46.14,35.83,20.36,Normal Sales,Normal Sales,0,0,-1.0,0,1.0,
2026-02-25 11:00:00,708.22,430.29,24.32,44.48,38.46,22.71,Normal Sales,Normal Sales,0,0,-1.0,0,1.0,
2026-02-25 12:00:00,757.9,492.6,25.68,51.75,37.54,22.64,Normal Sales,Normal Sales,0,0,-1.0,0,1.0,
2026-02-25 13:00:00,847.61,577.46,31.69,49.51,38.06,27.87,Normal Sales,Normal Sales,0,0,-1.0,0,1.0,
2026-02-25 14:00:00,832.93,530.68,29.39,52.29,37.53,27.33,Normal Sales,Normal Sales,0,0,-1.0,0,1.0,
2026-02-25 15:00:00,771.63,489.18,26.68,46.05,36.36,26.92,Normal Sales,Normal Sales,0,0,-1.0,0,1.0,
2026-02-25 16:00:00,754.21,449.11,28.94,46.69,32.05,22.1,Normal Sales,Normal Sales,0,0,-1.0,0,1.0,
2026-02-25 17:00:00,1011.75,603.52,26.92,52.91,38.92,27.21,Normal Sales,Normal Sales,0,0,-1.0,0,1.0,
2026-02-25 18:00:00,1022.15,635.8,34.14,58.54,44.2,29.47,Normal Sales,Normal Sales,0,0,-1.0,0,1.0,
2026-02-25 19:00:00,1094.38,728.15,36.94,56.01,42.44,34.71,Normal Sales,Normal Sales,0,0,-1.0,0,1.0,
2026-02-25 20:00:00,1101.29,678.22,34.42,59.7,44.63,30.53,Normal Sales,Normal Sales,0,0,-1.0,0,1.0,
2026-02-25 21:00:00,838.09,501.95,25.02,47.5,36.09,22.19,Normal Sales,Normal Sales,0,0,-1.0,0,1.0,
2026-02-25 22:00:00,846.98,512.9,27.13,49.02,38.56,24.25,Normal Sales,Normal Sales,0,0,-1.0,0,1.0,
2026-02-25 23:00:00,873.23,516.62,28.62,48.61,35.84,26.91,Normal Sales,Normal Sales,0,0,-1.0,0,1.0,
2026-02-26 00:00:00,354.69,222.17,14.55,33.15,30.1,16.83,Normal Sales,Normal Sales,0,0,-1.0,0,1.0,
2026-02-26 01:00:00,388.63,257.81,12.94,30.72,26.46,18.75,Normal Sales,Normal Sales,0,0,-1.0,0,1.0,
2026-02-26 02:00:00,369.51,257.5,14.88,35.88,28.89,20.71,Normal Sales,Normal Sales,0,0,-1.0,0,1.0,
2026-02-26 03:00:00,361.23,243.4,10.47,32.43,26.17,17.55,Normal Sales,Normal Sales,0,0,-1.0,0,1.0,
2026-02-26 04:00:00,379.22,222.09,10.11,33.14,30.24,16.57,Normal Sales,Normal Sales,0,0,-1.0,0,1.0,
2026-02-26 05:00:00,371.82,296.45,18.61,37.22,31.19,19.74,Normal Sales,Normal Sales,0,0,-1.0,0,1.0,
2026-02-26 06:00:00,471.75,275.51,14.19,29.48,29.7,14.93,Normal Sales,Normal Sales,0,0,-1.0,0,1.0,
2026-02-26 07:00:00,534.93,352.13,21.58,39.16,31.17,16.94,Normal Sales,Normal Sales,0,0,-1.0,0,1.0,
2026-02-26 08:00:00,488.88,271.38,13.15,33.72,30.28,19.46,Normal Sales,Normal Sales,0,0,-1.0,0,1.0,
2026-02-26 09:00:00,692.73,429.75,25.92,39.93,36.61,22.72,Normal Sales,Normal Sales,0,0,-1.0,0,1.0,
2026-02-26 10:00:00,689.18,449.42,26.48,41.37,35.35,23.8,Normal Sales,Normal Sales,0,0,-1.0,0,1.0,
2026-02-26 11:00:00,691.3,443.23,24.94,48.06,32.69,22.84,Normal Sales,Normal Sales,0,0,-1.0,0,1.0,
2026-02-26 12:00:00,669.03,429.9,20.41,43.56,34.11,21.28,Normal Sales,Normal Sales,0,0,-1.0,0,1.0,
2026-02-26 13:00:00,726.67,438.91,26.31,43.5,37.61,26.3,Normal Sales,Normal Sales,0,0,-1.0,0,1.0,
2026-02-26 14:00:00,793.65,478.09,27.23,44.5,36.48,20.91,Normal Sales,Normal Sales,0,0,-1.0,0,1.0,
2026-02-26 15:00:00,819.6,498.5,27.78,44.4,38.81,22.94,Normal Sales,Normal Sales,0,0,-1.0,0,1.0,
2026-02-26 16:00:00,777.77,504.16,29.31,46.85,33.69,30.59,Normal Sales,Normal Sales,0,0,-1.0,0,1.0,
2026-02-26 17:00:00,1210.31,768.46,40.76,61.98,43.49,33.74,Normal Sales,Normal Sales,0,0,-1.0,0,1.0,
2026-02-26 18:00:00,1127.75,679.6,36.44,60.41,46.37,32.05,Normal Sales,Normal Sales,0,0,-1.0,0,1.0,
2026-02-26 19:00:00,1155.27,709.95,32.56,59.93,43.64,30.03,Normal Sales,Normal Sales,0,0,-1.0,0,1.0,
2026-02-26 20:00:00,1116.14,658.85,37.35,58.16,44.34,30.36,Normal Sales,Normal Sales,0,0,-1.0,0,1.0,
2026-02-26 21:00:00,891.92,542.74,29.71,49.79,39.38,27.56,Normal Sales,Normal Sales,0,0,-1.0,0,1.0,
2026-02-26 22:00:00,893.64,605.99,37.74,52.62,31.52,29.62,Normal Sales,Normal Sales,0,0,-1.0,0,1.0,
2026-02-26 23:00:00,842.38,502.24,26.83,46.22,39.55,21.44,Normal Sales,Normal Sales,0,0,-1.0,0,1.0,
2026-02-27 00:00:00,351.24,226.35,13.69,32.6,28.4,15.7,Normal Sales,Normal Sales,0,0,-1.0,0,1.0,
2026-02-27 01:00:00,361.84,230.34,15.64,26.14,29.71,15.09,Normal Sales,Normal Sales,0,0,-1.0,0,1.0,
2026-02-27 02:00:00,340.57,235.33,14.03,32.44,31.63,16.92,Normal Sales,Normal Sales,0,0,-1.0,0,1.0,
2026-02-27 03:00:00,363.21,279.84,14.9,35.34,30.19,15.3,Normal Sales,Normal Sales,0,0,-1.0,0,1.0,
2026-02-27 04:00:00,333.29,192.17,12.68,31.28,31.49,14.83,Normal Sales,Normal Sales,0,0,-1.0,0,1.0,
2026-02-27 05:00:00,401.24,224.65,12.78,31.29,30.47,20.29,Normal Sales,Normal Sales,0,0,-1.0,0,1.0,
2026-02-27 06:00:00,517.34,287.01,15.83,34.05,39.55,20.53,Normal Sales,Normal Sales,0,0,-1.0,0,1.0,
2026-02-27 07:00:00,525.27,299.26,12.7,33.11,33.16,22.34,Normal Sales,Normal Sales,0,0,-1.0,0,1.0,
2026-02-27 08:00:00,566.32,356.84,18.98,39.26,32.59,24.36,Normal Sales,Normal Sales,0,0,-1.0,0,1.0,
2026-02-27 09:00:00,694.6,428.5,19.14,42.35,37.48,20.58,Normal Sales,Normal Sales,0,0,-1.0,0,1.0,
2026-02-27 10:00:00,674.92,438.27,21.15,45.77,34.41,22.18,Normal Sales,Normal Sales,0,0,-1.0,0,1.0,
2026-02-27 11:00:00,661.83,419.79,28.01,44.14,33.52,24.77,Normal Sales,Normal Sales,0,0,-1.0,0,1.0,
2026-02-27 12:00:00,690.13,462.25,27.04,36.96,33.72,25.44,Normal Sales,Normal Sales,0,0,-1.0,0,1.0,
2026-02-27 13:00:00,789.68,464.01,24.25,40.43,37.25,28.02,Normal Sales,Normal Sales,0,0,-1.0,0,1.0,
2026-02-27 14:00:00,815.28,560.23,32.58,52.3,41.81,26.76,Normal Sales,Normal Sales,0,0,-1.0,0,1.0,
2026-02-27 15:00:00,776.4,507.18,30.8,45.83,35.76,24.96,Normal Sales,Normal Sales,0,0,-1.0,0,1.0,
2026-02-27 16:00:00,816.32,526.07,26.09,52.98,36.6,24.62,Normal Sales,Normal Sales,0,0,-1.0,0,1.0,
2026-02-27 17:00:00,1063.47,726.81,40.46,57.09,43.81,31.71,Normal Sales,Normal Sales,0,0,-1.0,0,1.0,
2026-02-27 18:00:00,1103.28,705.05,37.13,57.32,38.74,26.98,Normal Sales,Normal Sales,0,0,-1.0,0,1.0,
2026-02-27 19:00:00,1214.39,793.96,43.8,67.6,44.32,31.36,Normal Sales,Normal Sales,0,0,-1.0,0,1.0,
2026-02-27 20:00:00,1116.88,689.34,37.48,60.81,43.29,30.66,Normal Sales,Normal Sales,0,0,-1.0,0,1.0,
2026-02-27 21:00:00,910.91,574.47,29.66,47.76,39.78,26.02,Normal Sales,Normal Sales,0,0,-1.0,0,1.0,
2026-02-27 22:00:00,870.02,539.01,34.81,45.89,34.81,26.14,Normal Sales,Normal Sales,0,0,-1.0,0,1.0,
2026-02-27 23:00:00,849.93,534.86,30.59,52.08,35.43,24.26,Normal Sales,Normal Sales,0,0,-1.0,0,1.0,
2026-02-28 00:00:00,501.76,330.35,22.56,39.27,32.42,18.48,Weekend Sales,Weekend Sales,0,0,-1.0,0,1.0,
2026-02-28 01:00:00,477.37,281.15,16.77,35.11,29.47,18.16,Weekend Sales,Weekend Sales,0,0,-1.0,0,1.0,
2026-02-28 02:00:00,512.78,326.72,19.11,37.76,35.97,20.64,Weekend Sales,Weekend Sales,0,0,-1.0,0,1.0,
2026-02-28 03:00:00,481.75,275.79,15.67,28.16,31.82,18.48,Weekend Sales,Weekend Sales,0,0,-1.0,0,1.0,
2026-02-28 04:00:00,457.72,260.58,15.95,33.96,31.98,19.13,Weekend Sales,Weekend Sales,0,0,-1.0,0,1.0,
2026-02-28 05:00:00,493.51,337.05,18.78,33.47,35.65,21.17,Weekend Sales,Weekend Sales,0,0,-1.0,0,1.0,
2026-02-28 06:00:00,688.65,395.63,22.55,41.02,38.86,21.2,Weekend Sales,Weekend Sales,0,0,-1.0,0,1.0,
2026-02-28 07:00:00,679.85,443.9,26.27,43.84,36.91,23.02,Weekend Sales,Weekend Sales,0,0,-1.0,0,1.0,
2026-02-28 08:00:00,717.85,474.19,27.33,44.66,38.91,19.13,Weekend Sales,Weekend Sales,0,0,-1.0,0,1.0,
2026-02-28 09:00:00,1023.08,591.66,31.29,52.71,41.1,28.8,Weekend Sales,Weekend Sales,0,0,-1.0,0,1.0,
2026-02-28 10:00:00,878.8,551.38,29.17,50.58,38.81,25.97,Weekend Sales,Weekend Sales,0,0,-1.0,0,1.0,
2026-02-28 11:00:00,902.37,546.72,30.64,52.18,38.14,23.93,Weekend Sales,Weekend Sales,0,0,-1.0,0,1.0,
2026-02-28 12:00:00,956.34,592.12,34.23,50.03,36.7,25.74,Weekend Sales,Weekend Sales,0,0,-1.0,0,1.0,
2026-02-28 13:00:00,997.31,616.36,32.63,55.57,40.38,27.71,Weekend Sales,Weekend Sales,0,0,-1.0,0,1.0,
2026-02-28 14:00:00,1045.22,652.91,35.86,57.02,40.18,31.12,Weekend Sales,Weekend Sales,0,0,-1.0,0,1.0,
2026-02-28 15:00:00,1024.78,602.57,33.52,51.19,42.75,31.48,Weekend Sales,Weekend Sales,0,0,-1.0,0,1.0,
2026-02-28 16:00:00,996.26,625.99,30.92,55.27,39.16,26.4,Weekend Sales,Weekend Sales,0,0,-1.0,0,1.0,
2026-02-28 17:00:00,1392.54,881.68,50.51,68.87,45.94,37.22,Weekend Sales,Weekend Sales,0,0,-1.0,0,1.0,
2026-02-28 18:00:00,1418.4,825.36,46.31,63.73,50.09,31.87,Weekend Sales,Weekend Sales,0,0,-1.0,0,1.0,
2026-02-28 19:00:00,1518.18,976.31,51.28,72.66,49.66,39.48,Weekend Sales,Weekend Sales,0,0,-1.0,0,1.0,
2026-02-28 20:00:00,1425.18,868.75,48.74,67.05,48.53,30.62,Weekend Sales,Weekend Sales,0,0,-1.0,0,1.0,
2026-02-28 21:00:00,1273.11,755.63,40.92,62.11,49.47,28.24,Weekend Sales,Weekend Sales,0,0,-1.0,0,1.0,
2026-02-28 22:00:00,1259.89,800.06,44.84,61.62,46.56,30.55,Weekend Sales,Weekend Sales,0,0,-1.0,0,1.0,
2026-02-28 23:00:00,1218.8,731.38,40.0,59.27,42.74,31.77,Weekend Sales,Weekend Sales,0,0,-1.0,0,1.0,
2026-03-01 00:00:00,504.65,343.11,15.31,40.14,37.59,19.67,Weekend Sales,Weekend Sales,0,0,-1.0,0,1.0,
2026-03-01 01:00:00,538.06,327.02,15.24,36.26,35.24,18.5,Weekend Sales,Weekend Sales,0,0,-1.0,0,1.0,
2026-03-01 02:00:00,476.74,310.42,17.08,37.24,32.58,20.72,Weekend Sales,Weekend Sales,0,0,-1.0,0,1.0,
2026-03-01 03:00:00,480.87,303.93,14.86,38.74,30.91,21.86,Weekend Sales,Weekend Sales,0,0,-1.0,0,1.0,
2026-03-01 04:00:00,485.75,306.22,15.85,33.13,28.77,17.54,Weekend Sales,Weekend Sales,0,0,-1.0,0,1.0,
2026-03-01 05:00:00,483.53,305.09,18.8,34.48,30.46,16.74,Weekend Sales,Weekend Sales,0,0,-1.0,0,1.0,
2026-03-01 06:00:00,726.97,485.3,29.22,47.43,37.64,27.53,Weekend Sales,Weekend Sales,0,0,-1.0,0,1.0,
2026-03-01 07:00:00,721.72,463.62,24.86,41.23,34.9,23.57,Weekend Sales,Weekend Sales,0,0,-1.0,0,1.0,
2026-03-01 08:00:00,712.09,489.65,27.09,48.68,35.24,23.62,Weekend Sales,Weekend Sales,0,0,-1.0,0,1.0,
2026-03-01 09:00:00,866.68,518.78,29.59,48.3,40.62,25.33,Weekend Sales,Weekend Sales,0,0,-1.0,0,1.0,
2026-03-01 10:00:00,912.01,619.16,33.87,56.07,38.7,28.9,Weekend Sales,Weekend Sales,0,0,-1.0,0,1.0,
2026-03-01 11:00:00,971.45,607.51,28.7,53.16,42.98,28.24,Weekend Sales,Weekend Sales,0,0,-1.0,0,1.0,
2026-03-01 12:00:00,949.07,545.37,28.55,51.16,40.95,28.06,Weekend Sales,Weekend Sales,0,0,-1.0,0,1.0,
2026-03-01 13:00:00,1030.08,648.79,35.72,52.97,37.0,29.08,Weekend Sales,Weekend Sales,0,0,-1.0,0,1.0,
2026-03-01 14:00:00,1046.62,633.45,31.6,56.45,41.26,28.95,Weekend Sales,Weekend Sales,0,0,-1.0,0,1.0,
2026-03-01 15:00:00,1134.3,649.73,34.34,55.79,46.19,24.97,Weekend Sales,Weekend Sales,0,0,-1.0,0,1.0,
2026-03-01 16:00:00,1138.03,708.97,38.8,58.51,42.47,31.82,Weekend Sales,Weekend Sales,0,0,-1.0,0,1.0,
2026-03-01 17:00:00,1395.7,873.97,47.3,66.59,52.9,34.69,Weekend Sales,Weekend Sales,0,0,-1.0,0,1.0,
2026-03-01 18:00:00,1519.69,970.65,50.54,78.22,44.82,34.73,Weekend Sales,Weekend Sales,0,0,-1.0,0,1.0,
2026-03-01 19:00:00,1440.63,907.74,50.36,69.96,48.47,32.74,Weekend Sales,Weekend Sales,0,0,-1.0,0,1.0,
2026-03-01 20:00:00,1364.09,863.9,48.9,71.75,45.61,34.98,Weekend Sales,Weekend Sales,0,0,-1.0,0,1.0,
2026-03-01 21:00:00,1130.55,730.7,42.23,60.45,42.54,32.19,Weekend Sales,Weekend Sales,0,0,-1.0,0,1.0,
2026-03-01 22:00:00,1183.91,716.91,36.77,59.01,47.16,32.22,Weekend Sales,Weekend Sales,0,0,-1.0,0,1.0,
2026-03-01 23:00:00,1083.03,642.29,37.88,52.73,43.43,26.83,Weekend Sales,Weekend Sales,0,0,-1.0,0,1.0,
2026-03-02 00:00:00,401.9,229.92,14.93,32.02,31.34,13.81,Normal Sales,Normal Sales,0,0,-1.0,0,1.0,
2026-03-02 01:00:00,330.88,199.63,11.47,26.82,27.45,18.11,Normal Sales,Normal Sales,0,0,-1.0,0,1.0,
2026-03-02 02:00:00,382.3,233.58,14.41,28.63,29.79,21.14,Normal Sales,Normal Sales,0,0,-1.0,0,1.0,
2026-03-02 03:00:00,373.11,234.48,17.51,28.04,31.94,21.19,Normal Sales,Normal Sales,0,0,-1.0,0,1.0,
2026-03-02 04:00:00,365.8,248.28,11.69,30.38,30.99,19.8,Normal Sales,Normal Sales,0,0,-1.0,0,1.0,
2026-03-02 05:00:00,392.68,282.7,15.41,36.85,29.99,20.87,Normal Sales,Normal Sales,0,0,-1.0,0,1.0,
2026-03-02 06:00:00,542.67,347.6,19.96,33.97,30.98,20.89,Normal Sales,Normal Sales,0,0,-1.0,0,1.0,
2026-03-02 07:00:00,491.78,325.69,19.66,37.41,30.12,22.9,Normal Sales,Normal Sales,0,0,-1.0,0,1.0,
2026-03-02 08:00:00,591.8,370.6,21.4,39.92,35.12,21.03,Normal Sales,Normal Sales,0,0,-1.0,0,1.0,
2026-03-02 09:00:00,701.14,457.35,29.85,40.69,35.71,21.07,Normal Sales,Normal Sales,0,0,-1.0,0,1.0,
2026-03-02 10:00:00,758.26,455.43,22.16,46.16,40.38,24.71,Normal Sales,Normal Sales,0,0,-1.0,0,1.0,
2026-03-02 11:00:00,709.55,450.15,27.59,41.75,35.84,22.35,Normal Sales,Normal Sales,0,0,-1.0,0,1.0,
2026-03-02 12:00:00,661.34,401.82,24.32,42.79,36.53,22.34,Normal Sales,Normal Sales,0,0,-1.0,0,1.0,
2026-03-02 13:00:00,805.53,479.41,25.75,46.5,38.25,24.63,Normal Sales,Normal Sales,0,0,-1.0,0,1.0,
2026-03-02 14:00:00,779.56,473.89,32.38,47.83,38.08,23.38,Normal Sales,Normal Sales,0,0,-1.0,0,1.0,
2026-03-02 15:00:00,767.28,472.44,26.57,40.7,33.9,22.54,Normal Sales,Normal Sales,0,0,-1.0,0,1.0,
2026-03-02 16:00:00,793.12,485.75,29.67,42.5,35.98,27.18,Normal Sales,Normal Sales,0,0,-1.0,0,1.0,
2026-03-02 17:00:00,1122.82,718.27,43.61,57.57,42.89,29.41,Normal Sales,Normal Sales,0,0,-1.0,0,1.0,
2026-03-02 18:00:00,1006.49,616.26,35.66,55.14,42.35,26.66,Normal Sales,Normal Sales,0,0,-1.0,0,1.0,
2026-03-02 19:00:00,1078.91,700.66,37.54,58.9,42.67,32.44,Normal Sales,Normal Sales,0,0,-1.0,0,1.0,
2026-03-02 20:00:00,1169.69,692.82,35.73,59.98,43.76,28.41,Normal Sales,Normal Sales,0,0,-1.0,0,1.0,
2026-03-02 21:00:00,911.68,569.93,31.45,52.89,38.75,29.39,Normal Sales,Normal Sales,0,0,-1.0,0,1.0,
2026-03-02 22:00:00,833.43,533.15,32.19,45.22,37.48,27.61,Normal Sales,Normal Sales,0,0,-1.0,0,1.0,
2026-03-02 23:00:00,917.82,564.76,29.59,53.15,41.97,23.79,Normal Sales,Normal Sales,0,0,-1.0,0,1.0,
2026-03-03 00:00:00,349.64,222.41,13.49,30.06,31.3,16.14,Normal Sales,Normal Sales,0,0,-1.0,0,1.0,
2026-03-03 01:00:00,332.7,195.67,10.89,28.78,27.34,13.26,Normal Sales,Normal Sales,0,0,-1.0,0,1.0,
2026-03-03 02:00:00,362.47,247.17,16.11,34.99,28.53,15.87,Normal Sales,Normal Sales,0,0,-1.0,0,1.0,
2026-03-03 03:00:00,381.27,252.27,14.67,27.37,28.75,18.25,Normal Sales,Normal Sales,0,0,-1.0,0,1.0,
2026-03-03 04:00:00,381.1,255.46,14.34,33.37,30.65,19.76,Normal Sales,Normal Sales,0,0,-1.0,0,1.0,
2026-03-03 05:00:00,377.85,235.91,12.44,31.84,31.39,18.43,Normal Sales,Normal Sales,0,0,-1.0,0,1.0,
2026-03-03 06:00:00,547.61,373.09,21.05,37.55,35.08,18.59,Normal Sales,Normal Sales,0,0,-1.0,0,1.0,
2026-03-03 07:00:00,508.32,323.56,18.83,33.51,31.88,18.88,Normal Sales,Normal Sales,0,0,-1.0,0,1.0,
2026-03-03 08:00:00,524.3,348.66,20.59,37.84,31.82,18.02,Normal Sales,Normal Sales,0,0,-1.0,0,1.0,
2026-03-03 09:00:00,752.63,481.43,25.07,47.48,36.65,23.46,Normal Sales,Normal Sales,0,0,-1.0,0,1.0,
2026-03-03 10:00:00,718.02,426.64,22.78,43.25,35.21,24.0,Normal Sales,Normal Sales,0,0,-1.0,0,1.0,
2026-03-03 11:00:00,768.4,457.55,21.84,39.73,36.76,22.11,Normal Sales,Normal Sales,0,0,-1.0,0,1.0,
2026-03-03 12:00:00,710.03,443.53,21.19,39.1,36.66,23.36,Normal Sales,Normal Sales,0,0,-1.0,0,1.0,
2026-03-03 13:00:00,768.68,435.15,24.88,46.91,37.62,21.18,Normal Sales,Normal Sales,0,0,-1.0,0,1.0,
2026-03-03 14:00:00,787.15,453.88,27.08,44.93,33.85,22.75,Normal Sales,Normal Sales,0,0,-1.0,0,1.0,
2026-03-03 15:00:00,803.6,489.9,26.39,43.41,38.79,22.95,Normal Sales,Normal Sales,0,0,-1.0,0,1.0,
2026-03-03 16:00:00,700.72,425.16,25.35,41.77,39.39,23.49,Normal Sales,Normal Sales,0,0,-1.0,0,1.0,
2026-03-03 17:00:00,1135.0,700.49,38.39,57.94,42.69,30.57,Normal Sales,Normal Sales,0,0,-1.0,0,1.0,
2026-03-03 18:00:00,1063.87,632.7,32.55,60.1,43.15,28.43,Normal Sales,Normal Sales,0,0,-1.0,0,1.0,
2026-03-03 19:00:00,1057.08,670.98,36.67,57.19,40.02,29.09,Normal Sales,Normal Sales,0,0,-1.0,0,1.0,
2026-03-03 20:00:00,1092.45,658.18,37.67,52.51,43.7,29.82,Normal Sales,Normal Sales,0,0,-1.0,0,1.0,
2026-03-03 21:00:00,829.9,494.03,26.73,47.58,37.8,25.22,Normal Sales,Normal Sales,0,0,-1.0,0,1.0,
2026-03-03 22:00:00,944.6,572.96,28.08,53.4,43.42,27.11,Normal Sales,Normal Sales,0,0,-1.0,0,1.0,
2026-03-03 23:00:00,820.86,505.84,25.58,48.94,35.25,24.05,Normal Sales,Normal Sales,0,0,-1.0,0,1.0,
2026-03-04 00:00:00,353.54,222.36,11.5,31.28,30.05,15.59,Normal Sales,Normal Sales,0,0,-1.0,0,1.0,
2026-03-04 01:00:00,383.9,236.8,11.05,37.33,31.48,17.61,Normal Sales,Normal Sales,0,0,-1.0,0,1.0,
2026-03-04 02:00:00,398.57,293.16,15.83,35.25,28.8,19.03,Normal Sales,Normal Sales,0,0,-1.0,0,1.0,
2026-03-04 03:00:00,368.53,233.11,13.49,32.84,30.74,15.41,Normal Sales,Normal Sales,0,0,-1.0,0,1.0,
2026-03-04 04:00:00,354.76,206.29,10.78,32.75,27.71,16.44,Normal Sales,Normal Sales,0,0,-1.0,0,1.0,
2026-03-04 05:00:00,389.97,234.28,13.81,31.31,31.14,17.4,Normal Sales,Normal Sales,0,0,-1.0,0,1.0,
2026-03-04 06:00:00,555.6,305.84,16.09,36.95,34.51,22.63,Normal Sales,Normal Sales,0,0,-1.0,0,1.0,
2026-03-04 07:00:00,527.15,363.82,18.69,41.91,34.6,19.27,Normal Sales,Normal Sales,0,0,-1.0,0,1.0,
2026-03-04 08:00:00,545.92,337.19,19.8,36.98,32.67,23.17,Normal Sales,Normal Sales,0,0,-1.0,0,1.0,
2026-03-04 09:00:00,699.63,454.43,24.54,48.21,34.54,22.13,Normal Sales,Normal Sales,0,0,-1.0,0,1.0,
2026-03-04 10:00:00,756.7,458.03,28.39,46.89,36.55,19.82,Normal Sales,Normal Sales,0,0,-1.0,0,1.0,
2026-03-04 11:00:00,702.42,438.04,26.43,47.3,34.57,24.55,Normal Sales,Normal Sales,0,0,-1.0,0,1.0,
2026-03-04 12:00:00,730.01,479.44,27.37,40.56,36.1,21.67,Normal Sales,Normal Sales,0,0,-1.0,0,1.0,
2026-03-04 13:00:00,777.86,506.77,28.48,49.9,37.91,22.07,Normal Sales,Normal Sales,0,0,-1.0,0,1.0,
2026-03-04 14:00:00,686.77,429.52,23.2,40.38,32.27,21.27,Normal Sales,Normal Sales,0,0,-1.0,0,1.0,
2026-03-04 15:00:00,778.18,499.12,27.83,50.71,35.16,26.24,Normal Sales,Normal Sales,0,0,-1.0,0,1.0,
2026-03-04 16:00:00,787.68,505.73,26.94,49.74,37.98,23.28,Normal Sales,Normal Sales,0,0,-1.0,0,1.0,
2026-03-04 17:00:00,1116.02,685.94,38.71,54.85,42.91,29.94,Normal Sales,Normal Sales,0,0,-1.0,0,1.0,
2026-03-04 18:00:00,1118.53,727.16,41.54,59.65,43.45,30.77,Normal Sales,Normal Sales,0,0,-1.0,0,1.0,
2026-03-04 19:00:00,1139.21,660.67,35.73,53.13,45.92,28.39,Normal Sales,Normal Sales,0,0,-1.0,0,1.0,
2026-03-04 20:00:00,1105.9,708.08,39.79,55.89,42.66,29.03,Normal Sales,Normal Sales,0,0,-1.0,0,1.0,
2026-03-04 21:00:00,792.78,474.27,25.72,45.4,34.51,26.16,Normal Sales,Normal Sales,0,0,-1.0,0,1.0,
2026-03-04 22:00:00,864.1,536.68,30.32,47.09,39.6,24.68,Normal Sales,Normal Sales,0,0,-1.0,0,1.0,
2026-03-04 23:00:00,829.6,528.69,32.06,50.24,39.95,24.18,Normal Sales,Normal Sales,0,0,-1.0,0,1.0,
2026-03-05 00:00:00,342.68,249.71,17.84,35.84,29.15,15.93,Normal Sales,Normal Sales,0,0,-1.0,0,1.0,
2026-03-05 01:00:00,352.58,176.51,9.49,32.78,29.71,17.02,Normal Sales,Normal Sales,0,0,-1.0,0,1.0,
2026-03-05 02:00:00,398.04,236.68,17.09,36.82,30.5,16.76,Normal Sales,Normal Sales,0,0,-1.0,0,1.0,
2026-03-05 03:00:00,385.41,230.27,10.35,34.65,32.98,18.07,Normal Sales,Normal Sales,0,0,-1.0,0,1.0,
2026-03-05 04:00:00,348.91,185.59,10.42,27.89,29.25,18.68,Normal Sales,Normal Sales,0,0,-1.0,0,1.0,
2026-03-05 05:00:00,386.08,273.82,13.08,32.55,32.08,19.74,Normal Sales,Normal Sales,0,0,-1.0,0,1.0,
2026-03-05 06:00:00,579.17,369.6,24.02,40.62,35.97,20.59,Normal Sales,Normal Sales,0,0,-1.0,0,1.0,
2026-03-05 07:00:00,538.33,356.54,22.84,40.17,32.99,23.67,Normal Sales,Normal Sales,0,0,-1.0,0,1.0,
2026-03-05 08:00:00,478.99,261.42,15.74,33.63,33.35,18.66,Normal Sales,Normal Sales,0,0,-1.0,0,1.0,
2026-03-05 09:00:00,723.56,428.24,24.69,45.55,38.74,26.73,Normal Sales,Normal Sales,0,0,-1.0,0,1.0,
2026-03-05 10:00:00,712.06,448.32,21.61,42.54,35.72,25.31,Normal Sales,Normal Sales,0,0,-1.0,0,1.0,
2026-03-05 11:00:00,681.98,442.74,24.35,42.94,36.09,22.29,Normal Sales,Normal Sales,0,0,-1.0,0,1.0,
2026-03-05 12:00:00,688.38,384.18,20.63,39.6,34.67,22.44,Normal Sales,Normal Sales,0,0,-1.0,0,1.0,
2026-03-05 13:00:00,812.13,509.32,30.0,48.86,37.22,23.81,Normal Sales,Normal Sales,0,0,-1.0,0,1.0,
2026-03-05 14:00:00,798.53,509.43,30.81,50.29,36.49,24.53,Normal Sales,Normal Sales,0,0,-1.0,0,1.0,
2026-03-05 15:00:00,812.61,530.52,31.06,48.21,35.31,23.27,Normal Sales,Normal Sales,0,0,-1.0,0,1.0,
2026-03-05 16:00:00,796.95,502.67,25.45,47.11,38.81,22.26,Normal Sales,Normal Sales,0,0,-1.0,0,1.0,
2026-03-05 17:00:00,1179.01,721.55,42.2,58.57,41.99,29.12,Normal Sales,Normal Sales,0,0,-1.0,0,1.0,
2026-03-05 18:00:00,1111.97,679.71,36.95,58.32,42.56,28.86,Normal Sales,Normal Sales,0,0,-1.0,0,1.0,
2026-03-05 19:00:00,1021.8,643.31,35.2,59.15,39.49,24.47,Normal Sales,Normal Sales,0,0,-1.0,0,1.0,
2026-03-05 20:00:00,1151.81,722.79,37.74,55.92,46.66,32.9,Normal Sales,Normal Sales,0,0,-1.0,0,1.0,
2026-03-05 21:00:00,760.92,460.31,28.65,43.61,35.95,22.94,Normal Sales,Normal Sales,0,0,-1.0,0,1.0,
2026-03-05 22:00:00,820.29,465.96,27.73,40.92,38.44,25.42,Normal Sales,Normal Sales,0,0,-1.0,0,1.0,
2026-03-05 23:00:00,805.94,476.58,28.64,47.23,36.47,26.32,Normal Sales,Normal Sales,0,0,-1.0,0,1.0,
2026-03-06 00:00:00,395.1,251.69,12.04,31.45,31.29,17.92,Normal Sales,Normal Sales,0,0,-1.0,0,1.0,
2026-03-06 01:00:00,390.12,203.63,8.21,30.74,29.65,15.84,Normal Sales,Normal Sales,0,0,-1.0,0,1.0,
2026-03-06 02:00:00,339.68,211.09,11.5,31.85,29.91,17.01,Normal Sales,Normal Sales,0,0,-1.0,0,1.0,
2026-03-06 03:00:00,394.55,211.81,12.72,26.51,29.03,14.87,Normal Sales,Normal Sales,0,0,-1.0,0,1.0,
2026-03-06 04:00:00,387.19,238.42,13.09,29.06,29.98,16.43,Normal Sales,Normal Sales,0,0,-1.0,0,1.0,
2026-03-06 05:00:00,379.77,210.68,14.25,26.33,28.84,20.62,Normal Sales,Normal Sales,0,0,-1.0,0,1.0,
2026-03-06 06:00:00,526.53,293.57,16.58,34.23,31.28,17.15,Normal Sales,Normal Sales,0,0,-1.0,0,1.0,
2026-03-06 07:00:00,612.74,373.61,16.7,43.45,35.64,19.81,Normal Sales,Normal Sales,0,0,-1.0,0,1.0,
2026-03-06 08:00:00,513.12,334.97,17.93,32.36,36.3,19.51,Normal Sales,Normal Sales,0,0,-1.0,0,1.0,
2026-03-06 09:00:00,756.48,500.98,25.55,49.18,35.56,20.79,Normal Sales,Normal Sales,0,0,-1.0,0,1.0,
2026-03-06 10:00:00,688.9,437.06,23.11,42.41,38.0,23.14,Normal Sales,Normal Sales,0,0,-1.0,0,1.0,
2026-03-06 11:00:00,674.17,435.54,24.35,36.69,36.32,23.67,Normal Sales,Normal Sales,0,0,-1.0,0,1.0,
2026-03-06 12:00:00,704.55,459.12,23.91,45.14,32.84,24.29,Normal Sales,Normal Sales,0,0,-1.0,0,1.0,
2026-03-06 13:00:00,863.47,510.48,26.56,46.1,38.94,22.64,Normal Sales,Normal Sales,0,0,-1.0,0,1.0,
2026-03-06 14:00:00,803.22,519.17,29.62,43.37,39.65,26.85,Normal Sales,Normal Sales,0,0,-1.0,0,1.0,
2026-03-06 15:00:00,819.3,517.29,28.89,50.41,41.78,23.03,Normal Sales,Normal Sales,0,0,-1.0,0,1.0,
2026-03-06 16:00:00,829.06,511.86,27.89,43.82,37.52,22.8,Normal Sales,Normal Sales,0,0,-1.0,0,1.0,
2026-03-06 17:00:00,1091.95,649.55,34.83,54.95,42.76,25.01,Normal Sales,Normal Sales,0,0,-1.0,0,1.0,
2026-03-06 18:00:00,1037.08,652.04,34.27,58.32,42.08,29.51,Normal Sales,Normal Sales,0,0,-1.0,0,1.0,
2026-03-06 19:00:00,1196.72,734.23,39.23,62.79,45.36,29.98,Normal Sales,Normal Sales,0,0,-1.0,0,1.0,
2026-03-06 20:00:00,1195.65,736.0,40.55,60.74,42.46,30.56,Normal Sales,Normal Sales,0,0,-1.0,0,1.0,
2026-03-06 21:00:00,930.18,587.84,32.39,51.49,40.47,28.2,Normal Sales,Normal Sales,0,0,-1.0,0,1.0,
2026-03-06 22:00:00,895.94,547.19,30.74,50.99,37.22,26.02,Normal Sales,Normal Sales,0,0,-1.0,0,1.0,
2026-03-06 23:00:00,775.5,492.87,28.43,48.25,36.39,24.94,Normal Sales,Normal Sales,0,0,-1.0,0,1.0,
2026-03-07 00:00:00,528.16,362.8,19.9,38.9,35.2,18.07,Weekend Sales,Weekend Sales,0,0,-1.0,0,1.0,
2026-03-07 01:00:00,485.09,334.15,20.33,37.84,29.23,20.25,Weekend Sales,Weekend Sales,0,0,-1.0,0,1.0,
2026-03-07 02:00:00,478.51,304.95,15.15,32.99,28.01,22.07,Weekend Sales,Weekend Sales,0,0,-1.0,0,1.0,
2026-03-07 03:00:00,483.2,303.51,16.69,32.86,29.7,17.58,Weekend Sales,Weekend Sales,0,0,-1.0,0,1.0,
2026-03-07 04:00:00,475.23,303.81,15.12,39.84,34.13,21.21,Weekend Sales,Weekend Sales,0,0,-1.0,0,1.0,
2026-03-07 05:00:00,490.11,341.72,18.36,37.22,32.67,21.95,Weekend Sales,Weekend Sales,0,0,-1.0,0,1.0,
2026-03-07 06:00:00,734.87,443.74,23.34,45.45,37.92,22.31,Weekend Sales,Weekend Sales,0,0,-1.0,0,1.0,
2026-03-07 07:00:00,655.67,401.34,23.32,45.82,32.75,21.18,Weekend Sales,Weekend Sales,0,0,-1.0,0,1.0,
2026-03-07 08:00:00,698.33,466.86,25.61,42.33,36.99,22.86,Weekend Sales,Weekend Sales,0,0,-1.0,0,1.0,
2026-03-07 09:00:00,874.31,519.76,32.05,49.34,39.08,24.49,Weekend Sales,Weekend Sales,0,0,-1.0,0,1.0,
2026-03-07 10:00:00,944.93,592.87,33.19,52.53,41.8,26.87,Weekend Sales,Weekend Sales,0,0,-1.0,0,1.0,
2026-03-07 11:00:00,885.79,533.88,25.41,54.18,40.78,23.69,Weekend Sales,Weekend Sales,0,0,-1.0,0,1.0,
2026-03-07 12:00:00,918.21,553.37,33.52,46.7,39.84,25.62,Weekend Sales,Weekend Sales,0,0,-1.0,0,1.0,
2026-03-07 13:00:00,1083.93,669.44,33.3,56.17,40.48,28.9,Weekend Sales,Weekend Sales,0,0,-1.0,0,1.0,
2026-03-07 14:00:00,1115.54,648.15,34.05,54.71,42.2,29.68,Weekend Sales,Weekend Sales,0,0,-1.0,0,1.0,
2026-03-07 15:00:00,1031.87,650.15,34.51,56.09,43.1,26.79,Weekend Sales,Weekend Sales,0,0,-1.0,0,1.0,
2026-03-07 16:00:00,1081.56,671.88,39.04,56.38,43.15,28.72,Weekend Sales,Weekend Sales,0,0,-1.0,0,1.0,
2026-03-07 17:00:00,1472.06,919.15,51.63,68.01,51.89,31.26,Weekend Sales,Weekend Sales,0,0,-1.0,0,1.0,
2026-03-07 18:00:00,1428.52,883.33,49.41,73.12,44.57,33.07,Weekend Sales,Weekend Sales,0,0,-1.0,0,1.0,
2026-03-07 19:00:00,1321.87,820.35,45.66,69.47,46.71,34.6,Weekend Sales,Weekend Sales,0,0,-1.0,0,1.0,
2026-03-07 20:00:00,1522.35,932.98,48.5,72.85,46.9,37.91,Weekend Sales,Weekend Sales,0,0,-1.0,0,1.0,
2026-03-07 21:00:00,1141.14,737.39,39.6,60.98,43.82,30.34,Weekend Sales,Weekend Sales,0,0,-1.0,0,1.0,
2026-03-07 22:00:00,1125.58,707.67,37.07,55.83,45.62,31.15,Weekend Sales,Weekend Sales,0,0,-1.0,0,1.0,
2026-03-07 23:00:00,1154.26,757.27,41.11,64.62,43.97,28.88,Weekend Sales,Weekend Sales,0,0,-1.0,0,1.0,
2026-03-08 00:00:00,538.9,358.89,19.5,40.28,32.35,22.63,Weekend Sales,Weekend Sales,0,0,-1.0,0,1.0,
2026-03-08 01:00:00,434.34,243.8,15.37,31.82,31.8,15.4,Weekend Sales,Weekend Sales,0,0,-1.0,0,1.0,
2026-03-08 02:00:00,538.9,363.88,19.61,37.67,35.22,25.06,Weekend Sales,Weekend Sales,0,0,-1.0,0,1.0,
2026-03-08 03:00:00,516.84,374.74,18.77,36.95,30.41,22.25,Weekend Sales,Weekend Sales,0,0,-1.0,0,1.0,
2026-03-08 04:00:00,497.65,304.74,18.38,38.78,29.41,18.42,Weekend Sales,Weekend Sales,0,0,-1.0,0,1.0,
2026-03-08 05:00:00,513.55,306.71,15.27,38.46,30.15,19.06,Weekend Sales,Weekend Sales,0,0,-1.0,0,1.0,
2026-03-08 06:00:00,724.28,434.71,25.48,41.93,39.13,22.62,Weekend Sales,Weekend Sales,0,0,-1.0,0,1.0,
2026-03-08 07:00:00,736.49,475.27,24.88,40.15,37.24,24.03,Weekend Sales,Weekend Sales,0,0,-1.0,0,1.0,
2026-03-08 08:00:00,732.37,448.41,23.8,49.06,33.51,24.68,Weekend Sales,Weekend Sales,0,0,-1.0,0,1.0,
2026-03-08 09:00:00,905.05,552.74,29.77,48.11,40.53,28.6,Weekend Sales,Weekend Sales,0,0,-1.0,0,1.0,
2026-03-08 10:00:00,953.72,593.89,30.69,53.65,44.53,26.09,Weekend Sales,Weekend Sales,0,0,-1.0,0,1.0,
2026-03-08 11:00:00,914.31,552.84,29.43,43.33,40.35,24.13,Weekend Sales,Weekend Sales,0,0,-1.0,0,1.0,
2026-03-08 12:00:00,856.8,550.04,28.09,48.76,41.5,22.93,Weekend Sales,Weekend Sales,0,0,-1.0,0,1.0,
2026-03-08 13:00:00,961.64,602.95,35.46,48.89,41.16,28.24,Weekend Sales,Weekend Sales,0,0,-1.0,0,1.0,
2026-03-08 14:00:00,934.22,599.18,34.71,51.66,42.39,29.25,Weekend Sales,Weekend Sales,0,0,-1.0,0,1.0,
2026-03-08 15:00:00,1046.82,637.74,33.13,54.98,42.94,27.3,Weekend Sales,Weekend Sales,0,0,-1.0,0,1.0,
2026-03-08 16:00:00,927.02,606.47,33.74,51.76,41.47,30.21,Weekend Sales,Weekend Sales,0,0,-1.0,0,1.0,
2026-03-08 17:00:00,1272.62,799.88,41.14,65.42,45.89,33.27,Weekend Sales,Weekend Sales,0,0,-1.0,0,1.0,
2026-03-08 18:00:00,1443.01,847.84,45.73,68.71,50.56,30.85,Weekend Sales,Weekend Sales,0,0,-1.0,0,1.0,
2026-03-08 19:00:00,1555.95,948.49,52.89,71.86,50.82,37.5,Weekend Sales,Weekend Sales,0,0,-1.0,0,1.0,
2026-03-08 20:00:00,1389.16,844.28,46.81,73.11,45.89,37.19,Weekend Sales,Weekend Sales,0,0,-1.0,0,1.0,
2026-03-08 21:00:00,1266.44,782.76,42.46,61.63,45.39,28.76,Weekend Sales,Weekend Sales,0,0,-1.0,0,1.0,
2026-03-08 22:00:00,1146.69,748.37,39.94,60.25,40.09,31.46,Weekend Sales,Weekend Sales,0,0,-1.0,0,1.0,
2026-03-08 23:00:00,1166.3,724.7,39.42,59.21,44.83,30.06,Weekend Sales,Weekend Sales,0,0,-1.0,0,1.0,
2026-03-09 00:00:00,379.09,240.41,15.47,33.54,30.83,21.05,Normal Sales,Normal Sales,0,0,-1.0,0,1.0,
2026-03-09 01:00:00,381.06,268.88,16.0,28.54,33.09,18.99,Normal Sales,Normal Sales,0,0,-1.0,0,1.0,
2026-03-09 02:00:00,372.25,237.83,12.39,32.25,29.14,20.49,Normal Sales,Normal Sales,0,0,-1.0,0,1.0,
2026-03-09 03:00:00,371.1,220.52,10.28,31.56,30.68,18.29,Normal Sales,Normal Sales,0,0,-1.0,0,1.0,
2026-03-09 04:00:00,354.05,179.48,11.12,32.62,27.97,19.67,Normal Sales,Normal Sales,0,0,-1.0,0,1.0,
2026-03-09 05:00:00,378.51,234.5,12.1,28.12,32.41,16.31,Normal Sales,Normal Sales,0,0,-1.0,0,1.0,
2026-03-09 06:00:00,518.07,346.0,15.26,33.91,32.77,21.24,Normal Sales,Normal Sales,0,0,-1.0,0,1.0,
2026-03-09 07:00:00,552.16,334.79,23.47,36.91,32.93,18.78,Normal Sales,Normal Sales,0,0,-1.0,0,1.0,
2026-03-09 08:00:00,542.43,351.68,21.75,34.44,32.73,21.69,Normal Sales,Normal Sales,0,0,-1.0,0,1.0,
2026-03-09 09:00:00,725.66,450.07,25.84,42.04,39.45,25.24,Normal Sales,Normal Sales,0,0,-1.0,0,1.0,
2026-03-09 10:00:00,657.56,380.81,18.85,42.09,32.61,20.86,Normal Sales,Normal Sales,0,0,-1.0,0,1.0,
2026-03-09 11:00:00,720.99,445.36,25.01,41.14,37.45,21.91,Normal Sales,Normal Sales,0,0,-1.0,0,1.0,
2026-03-09 12:00:00,693.52,435.93,24.18,43.22,34.29,22.3,Normal Sales,Normal Sales,0,0,-1.0,0,1.0,
2026-03-09 13:00:00,787.99,454.18,24.05,45.71,34.84,25.67,Normal Sales,Normal Sales,0,0,-1.0,0,1.0,
2026-03-09 14:00:00,837.92,488.38,29.58,46.32,39.08,23.22,Normal Sales,Normal Sales,0,0,-1.0,0,1.0,
2026-03-09 15:00:00,824.26,521.2,27.04,45.13,35.09,25.41,Normal Sales,Normal Sales,0,0,-1.0,0,1.0,
2026-03-09 16:00:00,810.45,518.76,28.3,44.94,36.41,27.27,Normal Sales,Normal Sales,0,0,-1.0,0,1.0,
2026-03-09 17:00:00,1092.52,680.95,35.3,58.22,41.66,31.12,Normal Sales,Normal Sales,0,0,-1.0,0,1.0,
2026-03-09 18:00:00,1162.95,708.64,38.72,57.81,40.93,28.0,Normal Sales,Normal Sales,0,0,-1.0,0,1.0,
2026-03-09 19:00:00,1130.75,709.19,39.3,58.21,45.09,29.86,Normal Sales,Normal Sales,0,0,-1.0,0,1.0,
2026-03-09 20:00:00,1159.02,674.25,29.24,58.32,40.85,28.43,Normal Sales,Normal Sales,0,0,-1.0,0,1.0,
2026-03-09 21:00:00,857.68,571.45,32.23,50.99,40.25,27.02,Normal Sales,Normal Sales,0,0,-1.0,0,1.0,
2026-03-09 22:00:00,850.91,554.35,28.27,50.56,35.37,26.27,Normal Sales,Normal Sales,0,0,-1.0,0,1.0,
2026-03-09 23:00:00,879.24,587.04,29.16,49.95,40.59,27.35,Normal Sales,Normal Sales,0,0,-1.0,0,1.0,
2026-03-10 00:00:00,376.78,209.7,10.35,33.56,30.3,17.99,Normal Sales,Normal Sales,0,0,-1.0,0,1.0,
2026-03-10 01:00:00,371.26,200.61,12.9,31.26,34.92,14.98,Normal Sales,Normal Sales,0,0,-1.0,0,1.0,
2026-03-10 02:00:00,388.77,208.25,11.77,32.92,26.46,16.8,Normal Sales,Normal Sales,0,0,-1.0,0,1.0,
2026-03-10 03:00:00,362.9,207.45,12.18,33.04,29.9,17.6,Normal Sales,Normal Sales,0,0,-1.0,0,1.0,
2026-03-10 04:00:00,375.55,232.88,10.63,34.26,30.97,18.61,Normal Sales,Normal Sales,0,0,-1.0,0,1.0,
2026-03-10 05:00:00,358.36,210.7,11.24,26.51,26.72,16.07,Normal Sales,Normal Sales,0,0,-1.0,0,1.0,
2026-03-10 06:00:00,553.47,326.82,15.94,35.1,32.5,19.46,Normal Sales,Normal Sales,0,0,-1.0,0,1.0,
2026-03-10 07:00:00,597.78,396.99,23.88,43.57,32.16,19.48,Normal Sales,Normal Sales,0,0,-1.0,0,1.0,
2026-03-10 08:00:00,509.52,349.27,18.12,34.66,31.8,20.25,Normal Sales,Normal Sales,0,0,-1.0,0,1.0,
2026-03-10 09:00:00,714.8,449.45,23.06,45.66,34.87,22.92,Normal Sales,Normal Sales,0,0,-1.0,0,1.0,
2026-03-10 10:00:00,729.56,436.28,22.86,44.95,34.69,22.14,Normal Sales,Normal Sales,0,0,-1.0,0,1.0,
2026-03-10 11:00:00,724.94,500.81,28.76,47.52,37.39,22.37,Normal Sales,Normal Sales,0,0,-1.0,0,1.0,
2026-03-10 12:00:00,709.41,439.09,24.79,43.73,36.82,22.35,Normal Sales,Normal Sales,0,0,-1.0,0,1.0,
2026-03-10 13:00:00,790.63,459.49,24.63,48.48,38.08,23.45,Normal Sales,Normal Sales,0,0,-1.0,0,1.0,
2026-03-10 14:00:00,863.06,501.07,25.34,51.73,38.76,24.04,Normal Sales,Normal Sales,0,0,-1.0,0,1.0,
2026-03-10 15:00:00,741.05,470.64,26.97,42.37,36.32,23.1,Normal Sales,Normal Sales,0,0,-1.0,0,1.0,
2026-03-10 16:00:00,798.41,467.03,28.19,47.69,36.85,23.24,Normal Sales,Normal Sales,0,0,-1.0,0,1.0,
2026-03-10 17:00:00,1112.6,670.35,35.98,56.39,46.14,30.65,Normal Sales,Normal Sales,0,0,-1.0,0,1.0,
2026-03-10 18:00:00,1172.59,736.26,38.26,60.41,45.88,27.89,Normal Sales,Normal Sales,0,0,-1.0,0,1.0,
2026-03-10 19:00:00,1155.9,774.72,44.73,65.64,44.09,33.3,Normal Sales,Normal Sales,0,0,-1.0,0,1.0,
2026-03-10 20:00:00,1080.03,689.52,39.23,58.39,44.99,28.16,Normal Sales,Normal Sales,0,0,-1.0,0,1.0,
2026-03-10 21:00:00,863.15,537.54,27.51,49.66,35.24,27.53,Normal Sales,Normal Sales,0,0,-1.0,0,1.0,
2026-03-10 22:00:00,873.33,528.44,27.4,48.18,40.22,26.31,Normal Sales,Normal Sales,0,0,-1.0,0,1.0,
2026-03-10 23:00:00,840.56,500.0,28.81,45.42,38.41,24.75,Normal Sales,Normal Sales,0,0,-1.0,0,1.0,
2026-03-11 00:00:00,379.44,256.71,11.59,27.81,29.32,22.02,Normal Sales,Normal Sales,0,0,-1.0,0,1.0,
2026-03-11 01:00:00,411.39,300.84,16.16,30.37,26.31,18.29,Normal Sales,Normal Sales,0,0,-1.0,0,1.0,
2026-03-11 02:00:00,369.91,261.86,16.14,33.31,28.51,16.62,Normal Sales,Normal Sales,0,0,-1.0,0,1.0,
2026-03-11 03:00:00,378.36,252.01,14.64,29.78,31.73,19.15,Normal Sales,Normal Sales,0,0,-1.0,0,1.0,
2026-03-11 04:00:00,353.61,199.63,12.36,29.23,33.19,17.99,Normal Sales,Normal Sales,0,0,-1.0,0,1.0,
2026-03-11 05:00:00,364.52,225.75,12.54,29.25,28.37,19.05,Normal Sales,Normal Sales,0,0,-1.0,0,1.0,
2026-03-11 06:00:00,562.47,363.82,23.04,37.52,36.91,19.29,Normal Sales,Normal Sales,0,0,-1.0,0,1.0,
2026-03-11 07:00:00,512.33,273.65,14.16,33.15,33.76,19.33,Normal Sales,Normal Sales,0,0,-1.0,0,1.0,
2026-03-11 08:00:00,507.47,304.81,16.02,31.34,30.67,18.08,Normal Sales,Normal Sales,0,0,-1.0,0,1.0,
2026-03-11 09:00:00,756.3,473.69,27.38,41.62,39.25,26.44,Normal Sales,Normal Sales,0,0,-1.0,0,1.0,
2026-03-11 10:00:00,635.2,376.19,21.68,41.62,33.44,20.79,Normal Sales,Normal Sales,0,0,-1.0,0,1.0,
2026-03-11 11:00:00,684.63,427.23,25.89,40.77,37.64,21.12,Normal Sales,Normal Sales,0,0,-1.0,0,1.0,
2026-03-11 12:00:00,675.8,439.46,26.01,45.31,32.86,22.05,Normal Sales,Normal Sales,0,0,-1.0,0,1.0,
2026-03-11 13:00:00,821.19,510.18,25.91,48.67,36.53,28.34,Normal Sales,Normal Sales,0,0,-1.0,0,1.0,
2026-03-11 14:00:00,849.66,541.89,32.53,49.34,39.98,28.5,Normal Sales,Normal Sales,0,0,-1.0,0,1.0,
2026-03-11 15:00:00,798.42,488.64,23.47,46.17,39.22,26.11,Normal Sales,Normal Sales,0,0,-1.0,0,1.0,
2026-03-11 16:00:00,808.62,487.81,22.88,45.18,37.14,23.57,Normal Sales,Normal Sales,0,0,-1.0,0,1.0,
2026-03-11 17:00:00,1155.5,766.05,42.38,61.17,43.13,31.4,Normal Sales,Normal Sales,0,0,-1.0,0,1.0,
2026-03-11 18:00:00,1074.41,669.14,37.7,57.23,43.18,29.6,Normal Sales,Normal Sales,0,0,-1.0,0,1.0,
2026-03-11 19:00:00,1021.53,649.27,34.37,52.65,39.16,29.1,Normal Sales,Normal Sales,0,0,-1.0,0,1.0,
2026-03-11 20:00:00,1108.36,645.13,36.44,52.3,43.12,28.61,Normal Sales,Normal Sales,0,0,-1.0,0,1.0,
2026-03-11 21:00:00,910.36,608.96,30.76,52.56,38.92,28.09,Normal Sales,Normal Sales,0,0,-1.0,0,1.0,
2026-03-11 22:00:00,881.16,537.51,28.68,46.45,40.96,26.36,Normal Sales,Normal Sales,0,0,-1.0,0,1.0,
2026-03-11 23:00:00,911.76,557.53,29.35,47.69,40.22,23.86,Normal Sales,Normal Sales,0,0,-1.0,0,1.0,
2026-03-12 00:00:00,408.36,220.49,12.67,35.11,32.14,17.86,Normal Sales,Normal Sales,0,0,-1.0,0,1.0,
2026-03-12 01:00:00,355.71,185.99,11.77,32.98,29.17,14.37,Normal Sales,Normal Sales,0,0,-1.0,0,1.0,
2026-03-12 02:00:00,327.86,178.76,9.6,32.66,30.92,17.08,Normal Sales,Normal Sales,0,0,-1.0,0,1.0,
2026-03-12 03:00:00,366.33,212.55,14.5,31.0,26.02,15.97,Normal Sales,Normal Sales,0,0,-1.0,0,1.0,
2026-03-12 04:00:00,357.77,208.16,12.57,29.96,29.93,19.83,Normal Sales,Normal Sales,0,0,-1.0,0,1.0,
2026-03-12 05:00:00,360.79,270.3,13.52,33.27,29.57,19.0,Normal Sales,Normal Sales,0,0,-1.0,0,1.0,
2026-03-12 06:00:00,551.95,353.05,17.91,35.5,38.39,19.86,Normal Sales,Normal Sales,0,0,-1.0,0,1.0,
2026-03-12 07:00:00,558.82,306.28,16.29,35.94,34.45,14.21,Normal Sales,Normal Sales,0,0,-1.0,0,1.0,
2026-03-12 08:00:00,544.43,308.8,17.63,33.66,31.54,19.17,Normal Sales,Normal Sales,0,0,-1.0,0,1.0,
2026-03-12 09:00:00,668.93,402.85,19.77,36.9,37.41,19.48,Normal Sales,Normal Sales,0,0,-1.0,0,1.0,
2026-03-12 10:00:00,699.77,452.68,23.67,41.91,36.35,25.55,Normal Sales,Normal Sales,0,0,-1.0,0,1.0,
2026-03-12 11:00:00,664.8,408.42,19.0,40.71,35.37,20.5,Normal Sales,Normal Sales,0,0,-1.0,0,1.0,
2026-03-12 12:00:00,689.95,392.56,21.75,43.82,33.53,20.57,Normal Sales,Normal Sales,0,0,-1.0,0,1.0,
2026-03-12 13:00:00,808.98,531.87,26.27,47.98,38.32,25.09,Normal Sales,Normal Sales,0,0,-1.0,0,1.0,
2026-03-12 14:00:00,691.42,441.21,27.31,43.68,33.69,22.0,Normal Sales,Normal Sales,0,0,-1.0,0,1.0,
2026-03-12 15:00:00,858.99,555.32,31.82,50.75,37.28,25.48,Normal Sales,Normal Sales,0,0,-1.0,0,1.0,
2026-03-12 16:00:00,786.08,501.11,30.58,49.63,34.52,24.98,Normal Sales,Normal Sales,0,0,-1.0,0,1.0,
2026-03-12 17:00:00,1162.74,736.37,39.24,67.72,41.21,28.24,Normal Sales,Normal Sales,0,0,-1.0,0,1.0,
2026-03-12 18:00:00,1134.52,756.32,39.93,60.45,45.44,30.87,Normal Sales,Normal Sales,0,0,-1.0,0,1.0,
2026-03-12 19:00:00,1102.66,697.79,38.92,60.8,45.33,30.06,Normal Sales,Normal Sales,0,0,-1.0,0,1.0,
2026-03-12 20:00:00,1137.78,710.78,40.07,59.23,43.34,32.16,Normal Sales,Normal Sales,0,0,-1.0,0,1.0,
2026-03-12 21:00:00,938.34,544.08,29.94,48.27,39.33,26.41,Normal Sales,Normal Sales,0,0,-1.0,0,1.0,
2026-03-12 22:00:00,901.41,556.07,26.76,47.82,41.12,20.42,Normal Sales,Normal Sales,0,0,-1.0,0,1.0,
2026-03-12 23:00:00,924.0,585.91,34.86,51.26,35.59,27.51,Normal Sales,Normal Sales,0,0,-1.0,0,1.0,
2026-03-13 00:00:00,397.84,269.78,13.51,33.54,29.7,17.11,Normal Sales,Normal Sales,0,0,-1.0,0,1.0,
2026-03-13 01:00:00,391.87,213.02,9.93,27.96,27.68,17.62,Normal Sales,Normal Sales,0,0,-1.0,0,1.0,
2026-03-13 02:00:00,395.73,240.73,10.23,34.1,34.1,16.73,Normal Sales,Normal Sales,0,0,-1.0,0,1.0,
2026-03-13 03:00:00,365.06,239.23,16.4,30.39,27.54,19.24,Normal Sales,Normal Sales,0,0,-1.0,0,1.0,
2026-03-13 04:00:00,388.95,241.3,12.16,34.46,31.67,16.5,Normal Sales,Normal Sales,0,0,-1.0,0,1.0,
2026-03-13 05:00:00,374.92,198.66,12.3,29.28,29.5,16.9,Normal Sales,Normal Sales,0,0,-1.0,0,1.0,
2026-03-13 06:00:00,541.32,357.99,20.87,38.05,34.73,21.75,Normal Sales,Normal Sales,0,0,-1.0,0,1.0,
2026-03-13 07:00:00,528.71,324.68,17.56,38.1,32.25,19.34,Normal Sales,Normal Sales,0,0,-1.0,0,1.0,
2026-03-13 08:00:00,593.41,391.41,20.01,41.79,34.32,22.57,Normal Sales,Normal Sales,0,0,-1.0,0,1.0,
2026-03-13 09:00:00,711.31,470.75,26.58,44.72,38.18,24.24,Normal Sales,Normal Sales,0,0,-1.0,0,1.0,
2026-03-13 10:00:00,710.75,448.51,24.48,43.89,34.91,21.71,Normal Sales,Normal Sales,0,0,-1.0,0,1.0,
2026-03-13 11:00:00,671.18,381.33,19.21,40.09,35.62,20.99,Normal Sales,Normal Sales,0,0,-1.0,0,1.0,
2026-03-13 12:00:00,623.24,425.78,25.59,43.26,38.41,20.69,Normal Sales,Normal Sales,0,0,-1.0,0,1.0,
2026-03-13 13:00:00,864.09,511.6,28.62,44.75,38.72,25.56,Normal Sales,Normal Sales,0,0,-1.0,0,1.0,
2026-03-13 14:00:00,783.46,503.59,27.9,45.62,36.19,26.21,Normal Sales,Normal Sales,0,0,-1.0,0,1.0,
2026-03-13 15:00:00,763.76,496.42,29.75,42.28,39.25,28.53,Normal Sales,Normal Sales,0,0,-1.0,0,1.0,
2026-03-13 16:00:00,799.52,510.68,30.16,46.69,37.96,22.14,Normal Sales,Normal Sales,0,0,-1.0,0,1.0,
2026-03-13 17:00:00,1129.79,712.93,40.24,61.78,41.66,28.76,Normal Sales,Normal Sales,0,0,-1.0,0,1.0,
2026-03-13 18:00:00,1228.36,757.82,42.08,61.76,43.24,34.19,Normal Sales,Normal Sales,0,0,-1.0,0,1.0,
2026-03-13 19:00:00,1092.41,649.11,34.8,50.95,41.27,26.29,Normal Sales,Normal Sales,0,0,-1.0,0,1.0,
2026-03-13 20:00:00,1156.65,700.29,40.29,62.26,45.23,29.08,Normal Sales,Normal Sales,0,0,-1.0,0,1.0,
2026-03-13 21:00:00,878.84,506.75,27.6,45.68,40.33,29.81,Normal Sales,Normal Sales,0,0,-1.0,0,1.0,
2026-03-13 22:00:00,894.49,504.8,27.04,48.18,39.38,23.16,Normal Sales,Normal Sales,0,0,-1.0,0,1.0,
2026-03-13 23:00:00,883.38,516.63,26.53,49.93,36.99,25.99,Normal Sales,Normal Sales,0,0,-1.0,0,1.0,
2026-03-14 00:00:00,461.0,329.94,16.6,35.98,32.5,19.12,Weekend Sales,Weekend Sales,0,0,-1.0,0,1.0,
2026-03-14 01:00:00,498.43,323.41,19.71,38.52,32.13,19.79,Weekend Sales,Weekend Sales,0,0,-1.0,0,1.0,
2026-03-14 02:00:00,553.01,366.61,18.32,39.17,32.73,20.89,Weekend Sales,Weekend Sales,0,0,-1.0,0,1.0,
2026-03-14 03:00:00,464.46,277.67,18.89,35.66,26.91,21.38,Weekend Sales,Weekend Sales,0,0,-1.0,0,1.0,
2026-03-14 04:00:00,521.85,314.56,18.74,34.18,31.93,22.86,Weekend Sales,Weekend Sales,0,0,-1.0,0,1.0,
2026-03-14 05:00:00,488.16,255.92,13.95,33.23,34.7,18.43,Weekend Sales,Weekend Sales,0,0,-1.0,0,1.0,
2026-03-14 06:00:00,699.76,459.98,25.54,42.42,38.21,23.89,Weekend Sales,Weekend Sales,0,0,-1.0,0,1.0,
2026-03-14 07:00:00,714.94,447.71,22.48,42.55,36.16,22.8,Weekend Sales,Weekend Sales,0,0,-1.0,0,1.0,
2026-03-14 08:00:00,760.31,476.83,27.94,45.56,39.04,24.72,Weekend Sales,Weekend Sales,0,0,-1.0,0,1.0,
2026-03-14 09:00:00,935.41,579.62,29.97,52.83,39.82,25.49,Weekend Sales,Weekend Sales,0,0,-1.0,0,1.0,
2026-03-14 10:00:00,986.49,580.37,31.08,54.58,41.4,26.41,Weekend Sales,Weekend Sales,0,0,-1.0,0,1.0,
2026-03-14 11:00:00,946.51,591.32,29.49,51.31,43.32,25.46,Weekend Sales,Weekend Sales,0,0,-1.0,0,1.0,
2026-03-14 12:00:00,919.9,556.8,30.45,48.96,40.61,26.31,Weekend Sales,Weekend Sales,0,0,-1.0,0,1.0,
2026-03-14 13:00:00,1085.16,646.53,34.88,55.21,43.36,26.58,Weekend Sales,Weekend Sales,0,0,-1.0,0,1.0,
2026-03-14 14:00:00,1092.58,707.06,36.91,57.33,41.51,34.94,Weekend Sales,Weekend Sales,0,0,-1.0,0,1.0,
2026-03-14 15:00:00,1022.3,675.76,34.63,54.11,40.01,27.2,Weekend Sales,Weekend Sales,0,0,-1.0,0,1.0,
2026-03-14 16:00:00,1030.76,621.35,32.54,57.1,43.97,29.43,Weekend Sales,Weekend Sales,0,0,-1.0,0,1.0,
2026-03-14 17:00:00,1523.55,946.92,51.09,70.42,50.63,33.33,Weekend Sales,Weekend Sales,0,0,-1.0,0,1.0,
2026-03-14 18:00:00,1410.87,903.56,53.5,70.93,50.2,34.1,Weekend Sales,Weekend Sales,0,0,-1.0,0,1.0,
2026-03-14 19:00:00,1385.35,874.22,49.22,68.6,47.07,35.78,Weekend Sales,Weekend Sales,0,0,-1.0,0,1.0,
2026-03-14 20:00:00,1411.48,855.77,45.05,68.01,45.82,32.03,Weekend Sales,Weekend Sales,0,0,-1.0,0,1.0,
2026-03-14 21:00:00,1113.98,684.15,34.65,57.92,45.43,29.37,Weekend Sales,Weekend Sales,0,0,-1.0,0,1.0,
2026-03-14 22:00:00,1243.72,804.45,45.8,64.34,45.19,33.64,Weekend Sales,Weekend Sales,0,0,-1.0,0,1.0,
2026-03-14 23:00:00,1132.11,654.85,37.0,53.7,41.32,28.37,Weekend Sales,Weekend Sales,0,0,-1.0,0,1.0,
2026-03-15 00:00:00,492.79,270.23,15.19,36.52,30.12,21.3,Weekend Sales,Weekend Sales,0,0,-1.0,0,1.0,
2026-03-15 01:00:00,456.52,335.97,17.66,37.14,27.98,20.28,Weekend Sales,Weekend Sales,0,0,-1.0,0,1.0,
2026-03-15 02:00:00,500.8,308.34,15.83,33.52,34.77,19.77,Weekend Sales,Weekend Sales,0,0,-1.0,0,1.0,
2026-03-15 03:00:00,533.29,317.48,16.59,38.59,29.82,17.51,Weekend Sales,Weekend Sales,0,0,-1.0,0,1.0,
2026-03-15 04:00:00,522.31,294.54,12.56,40.1,30.09,19.73,Weekend Sales,Weekend Sales,0,0,-1.0,0,1.0,
2026-03-15 05:00:00,496.85,237.78,12.54,33.8,33.16,19.75,Weekend Sales,Weekend Sales,0,0,-1.0,0,1.0,
2026-03-15 06:00:00,701.35,452.65,23.52,40.45,33.33,20.39,Weekend Sales,Weekend Sales,0,0,-1.0,0,1.0,
2026-03-15 07:00:00,751.31,427.95,24.09,42.6,36.57,25.43,Weekend Sales,Weekend Sales,0,0,-1.0,0,1.0,
2026-03-15 08:00:00,699.53,449.0,24.77,43.42,40.49,20.34,Weekend Sales,Weekend Sales,0,0,-1.0,0,1.0,
2026-03-15 09:00:00,995.56,633.66,33.89,58.55,37.23,26.8,Weekend Sales,Weekend Sales,0,0,-1.0,0,1.0,
2026-03-15 10:00:00,878.76,555.13,28.31,51.09,38.57,24.92,Weekend Sales,Weekend Sales,0,0,-1.0,0,1.0,
2026-03-15 11:00:00,953.45,584.42,29.97,58.93,39.23,22.18,Weekend Sales,Weekend Sales,0,0,-1.0,0,1.0,
2026-03-15 12:00:00,895.89,523.77,30.46,49.54,40.03,24.35,Weekend Sales,Weekend Sales,0,0,-1.0,0,1.0,
2026-03-15 13:00:00,1030.7,629.76,34.47,56.67,42.19,28.74,Weekend Sales,Weekend Sales,0,0,-1.0,0,1.0,
2026-03-15 14:00:00,1071.41,686.39,38.33,58.36,44.59,27.83,Weekend Sales,Weekend Sales,0,0,-1.0,0,1.0,
2026-03-15 15:00:00,1000.58,590.71,32.85,47.95,41.93,26.55,Weekend Sales,Weekend Sales,0,0,-1.0,0,1.0,
2026-03-15 16:00:00,1104.61,668.06,36.34,59.7,45.54,27.34,Weekend Sales,Weekend Sales,0,0,-1.0,0,1.0,
2026-03-15 17:00:00,1498.93,936.7,52.27,71.49,52.04,31.64,Weekend Sales,Weekend Sales,0,0,-1.0,0,1.0,
2026-03-15 18:00:00,1454.15,912.77,51.12,74.09,51.12,34.25,Weekend Sales,Weekend Sales,0,0,-1.0,0,1.0,
2026-03-15 19:00:00,1581.98,962.97,54.83,78.52,53.32,36.29,Weekend Sales,Weekend Sales,0,0,-1.0,0,1.0,
2026-03-15 20:00:00,1460.79,867.48,48.33,65.93,47.25,31.31,Weekend Sales,Weekend Sales,0,0,-1.0,0,1.0,
2026-03-15 21:00:00,1128.74,699.12,39.0,56.99,45.33,29.06,Weekend Sales,Weekend Sales,0,0,-1.0,0,1.0,
2026-03-15 22:00:00,1109.83,693.75,42.08,58.94,42.14,26.29,Weekend Sales,Weekend Sales,0,0,-1.0,0,1.0,
2026-03-15 23:00:00,1142.66,714.32,38.51,55.12,41.72,32.77,Weekend Sales,Weekend Sales,0,0,-1.0,0,1.0,
2026-03-16 00:00:00,401.46,226.74,13.82,28.47,33.63,18.16,Normal Sales,Normal Sales,0,0,-1.0,0,1.0,
2026-03-16 01:00:00,392.38,200.4,12.38,30.14,32.37,18.84,Normal Sales,Normal Sales,0,0,-1.0,0,1.0,
2026-03-16 02:00:00,375.83,217.99,13.55,30.67,28.64,15.61,Normal Sales,Normal Sales,0,0,-1.0,0,1.0,
2026-03-16 03:00:00,346.93,202.34,13.33,30.33,28.84,18.67,Normal Sales,Normal Sales,0,0,-1.0,0,1.0,
2026-03-16 04:00:00,359.01,224.97,12.01,32.94,26.95,15.92,Normal Sales,Normal Sales,0,0,-1.0,0,1.0,
2026-03-16 05:00:00,343.91,206.74,13.79,28.79,28.83,18.91,Normal Sales,Normal Sales,0,0,-1.0,0,1.0,
2026-03-16 06:00:00,569.99,351.18,20.68,35.67,36.45,25.08,Normal Sales,Normal Sales,0,0,-1.0,0,1.0,
2026-03-16 07:00:00,555.19,292.11,14.95,37.12,32.6,21.85,Normal Sales,Normal Sales,0,0,-1.0,0,1.0,
2026-03-16 08:00:00,557.0,327.68,18.09,34.97,33.1,19.08,Normal Sales,Normal Sales,0,0,-1.0,0,1.0,
2026-03-16 09:00:00,749.13,517.36,25.59,42.47,36.24,21.9,Normal Sales,Normal Sales,0,0,-1.0,0,1.0,
2026-03-16 10:00:00,709.21,458.43,28.2,44.81,35.67,19.5,Normal Sales,Normal Sales,0,0,-1.0,0,1.0,
2026-03-16 11:00:00,708.5,441.05,25.54,41.74,35.17,20.07,Normal Sales,Normal Sales,0,0,-1.0,0,1.0,
2026-03-16 12:00:00,626.51,360.72,16.7,40.09,33.61,19.94,Normal Sales,Normal Sales,0,0,-1.0,0,1.0,
2026-03-16 13:00:00,751.89,385.36,24.21,38.86,35.96,18.72,Normal Sales,Normal Sales,0,0,-1.0,0,1.0,
2026-03-16 14:00:00,829.25,517.72,26.82,46.95,41.45,24.8,Normal Sales,Normal Sales,0,0,-1.0,0,1.0,
2026-03-16 15:00:00,783.63,462.32,21.64,44.67,37.97,25.76,Normal Sales,Normal Sales,0,0,-1.0,0,1.0,
2026-03-16 16:00:00,701.91,407.06,21.23,41.92,35.64,21.93,Normal Sales,Normal Sales,0,0,-1.0,0,1.0,
2026-03-16 17:00:00,1146.72,688.39,39.73,59.23,42.85,32.41,Normal Sales,Normal Sales,0,0,-1.0,0,1.0,
2026-03-16 18:00:00,1211.25,774.3,36.55,66.48,46.18,35.37,Normal Sales,Normal Sales,0,0,-1.0,0,1.0,
2026-03-16 19:00:00,1193.32,779.32,44.62,65.99,48.27,31.92,Normal Sales,Normal Sales,0,0,-1.0,0,1.0,
2026-03-16 20:00:00,1035.45,634.29,35.67,55.01,39.11,24.6,Normal Sales,Normal Sales,0,0,-1.0,0,1.0,
2026-03-16 21:00:00,841.67,542.03,32.97,51.42,40.42,25.39,Normal Sales,Normal Sales,0,0,-1.0,0,1.0,
2026-03-16 22:00:00,797.93,483.33,26.07,44.89,37.67,24.97,Normal Sales,Normal Sales,0,0,-1.0,0,1.0,
2026-03-16 23:00:00,911.34,558.08,26.89,49.2,39.58,28.4,Normal Sales,Normal Sales,0,0,-1.0,0,1.0,
2026-03-17 00:00:00,364.15,238.59,13.7,31.76,32.05,16.64,Normal Sales,Normal Sales,0,0,-1.0,0,1.0,
2026-03-17 01:00:00,364.02,225.39,11.12,32.32,28.76,18.09,Normal Sales,Normal Sales,0,0,-1.0,0,1.0,
2026-03-17 02:00:00,372.92,236.58,12.09,30.78,30.53,18.32,Normal Sales,Normal Sales,0,0,-1.0,0,1.0,
2026-03-17 03:00:00,374.72,274.96,13.14,33.21,27.22,19.62,Normal Sales,Normal Sales,0,0,-1.0,0,1.0,
2026-03-17 04:00:00,353.9,212.46,10.94,31.09,28.91,16.12,Normal Sales,Normal Sales,0,0,-1.0,0,1.0,
2026-03-17 05:00:00,401.7,256.17,12.97,32.11,34.12,17.93,Normal Sales,Normal Sales,0,0,-1.0,0,1.0,
2026-03-17 06:00:00,522.71,306.96,15.78,34.51,30.33,17.43,Normal Sales,Normal Sales,0,0,-1.0,0,1.0,
2026-03-17 07:00:00,518.92,336.52,17.75,36.78,35.36,23.0,Normal Sales,Normal Sales,0,0,-1.0,0,1.0,
2026-03-17 08:00:00,533.73,315.14,15.6,38.18,32.66,19.11,Normal Sales,Normal Sales,0,0,-1.0,0,1.0,
2026-03-17 09:00:00,679.14,401.83,22.74,38.23,37.54,20.98,Normal Sales,Normal Sales,0,0,-1.0,0,1.0,
2026-03-17 10:00:00,702.65,402.22,22.1,40.9,35.84,25.0,Normal Sales,Normal Sales,0,0,-1.0,0,1.0,
2026-03-17 11:00:00,714.24,422.96,21.84,44.23,38.74,23.14,Normal Sales,Normal Sales,0,0,-1.0,0,1.0,
2026-03-17 12:00:00,732.32,469.28,28.65,40.1,37.78,25.7,Normal Sales,Normal Sales,0,0,-1.0,0,1.0,
2026-03-17 13:00:00,738.27,435.59,22.26,41.69,35.59,23.37,Normal Sales,Normal Sales,0,0,-1.0,0,1.0,
2026-03-17 14:00:00,825.48,538.83,27.96,46.74,40.66,26.76,Normal Sales,Normal Sales,0,0,-1.0,0,1.0,
2026-03-17 15:00:00,794.51,504.43,27.68,48.37,36.83,25.15,Normal Sales,Normal Sales,0,0,-1.0,0,1.0,
2026-03-17 16:00:00,731.47,436.32,22.64,42.55,34.58,21.84,Normal Sales,Normal Sales,0,0,-1.0,0,1.0,
2026-03-17 17:00:00,1039.24,658.05,36.03,51.66,40.0,29.12,Normal Sales,Normal Sales,0,0,-1.0,0,1.0,
2026-03-17 18:00:00,1093.86,660.77,36.19,57.34,39.72,29.62,Normal Sales,Normal Sales,0,0,-1.0,0,1.0,
2026-03-17 19:00:00,1079.39,668.77,36.71,55.41,40.3,28.15,Normal Sales,Normal Sales,0,0,-1.0,0,1.0,
2026-03-17 20:00:00,1215.76,719.73,42.97,59.46,44.74,27.82,Normal Sales,Normal Sales,0,0,-1.0,0,1.0,
2026-03-17 21:00:00,840.8,508.72,25.89,47.1,37.48,28.42,Normal Sales,Normal Sales,0,0,-1.0,0,1.0,
2026-03-17 22:00:00,823.54,513.16,28.72,45.0,39.37,24.03,Normal Sales,Normal Sales,0,0,-1.0,0,1.0,
2026-03-17 23:00:00,765.54,491.13,24.78,43.61,38.39,23.58,Normal Sales,Normal Sales,0,0,-1.0,0,1.0,
2026-03-18 00:00:00,392.2,273.42,13.75,35.42,29.16,23.3,Normal Sales,Normal Sales,0,0,-1.0,0,1.0,
2026-03-18 01:00:00,362.0,250.09,15.44,32.94,28.81,17.95,Normal Sales,Normal Sales,0,0,-1.0,0,1.0,
2026-03-18 02:00:00,334.61,213.07,12.42,30.6,23.74,14.8,Normal Sales,Normal Sales,0,0,-1.0,0,1.0,
2026-03-18 03:00:00,360.97,231.09,13.29,30.86,31.41,15.72,Normal Sales,Normal Sales,0,0,-1.0,0,1.0,
2026-03-18 04:00:00,386.43,251.46,14.59,31.95,34.23,19.27,Normal Sales,Normal Sales,0,0,-1.0,0,1.0,
2026-03-18 05:00:00,356.84,227.45,14.01,29.62,32.24,18.45,Normal Sales,Normal Sales,0,0,-1.0,0,1.0,
2026-03-18 06:00:00,478.21,303.98,15.91,36.85,34.02,19.99,Normal Sales,Normal Sales,0,0,-1.0,0,1.0,
2026-03-18 07:00:00,586.75,359.32,21.01,40.88,33.78,22.54,Normal Sales,Normal Sales,0,0,-1.0,0,1.0,
2026-03-18 08:00:00,525.55,315.28,14.72,37.0,33.58,22.24,Normal Sales,Normal Sales,0,0,-1.0,0,1.0,
2026-03-18 09:00:00,736.34,449.41,22.36,45.2,38.74,24.75,Normal Sales,Normal Sales,0,0,-1.0,0,1.0,
2026-03-18 10:00:00,746.73,457.67,24.24,42.73,36.58,23.28,Normal Sales,Normal Sales,0,0,-1.0,0,1.0,
2026-03-18 11:00:00,715.64,440.46,23.96,41.6,38.05,23.16,Normal Sales,Normal Sales,0,0,-1.0,0,1.0,
2026-03-18 12:00:00,702.14,416.64,20.25,45.64,37.05,19.17,Normal Sales,Normal Sales,0,0,-1.0,0,1.0,
2026-03-18 13:00:00,821.86,532.61,29.54,52.54,38.4,22.48,Normal Sales,Normal Sales,0,0,-1.0,0,1.0,
2026-03-18 14:00:00,806.1,505.91,26.62,48.65,34.37,26.63,Normal Sales,Normal Sales,0,0,-1.0,0,1.0,
2026-03-18 15:00:00,756.89,444.65,24.23,45.15,37.19,21.63,Normal Sales,Normal Sales,0,0,-1.0,0,1.0,
2026-03-18 16:00:00,771.62,450.08,24.3,47.11,37.11,24.97,Normal Sales,Normal Sales,0,0,-1.0,0,1.0,
2026-03-18 17:00:00,1206.84,733.54,39.97,66.09,47.4,26.99,Normal Sales,Normal Sales,0,0,-1.0,0,1.0,
2026-03-18 18:00:00,1146.75,711.0,40.76,57.31,41.82,28.42,Normal Sales,Normal Sales,0,0,-1.0,0,1.0,
2026-03-18 19:00:00,1092.81,697.92,36.02,56.59,39.0,31.46,Normal Sales,Normal Sales,0,0,-1.0,0,1.0,
2026-03-18 20:00:00,1196.47,733.63,39.75,61.72,47.29,31.16,Normal Sales,Normal Sales,0,0,-1.0,0,1.0,
2026-03-18 21:00:00,844.46,483.1,24.34,46.68,37.05,24.47,Normal Sales,Normal Sales,0,0,-1.0,0,1.0,
2026-03-18 22:00:00,850.79,501.04,25.2,51.26,40.24,27.99,Normal Sales,Normal Sales,0,0,-1.0,0,1.0,
2026-03-18 23:00:00,898.6,546.38,32.7,49.69,39.72,25.57,Normal Sales,Normal Sales,0,0,-1.0,0,1.0,
2026-03-19 00:00:00,319.91,238.46,14.1,32.11,29.31,18.29,Normal Sales,Normal Sales,0,0,-1.0,0,1.0,
2026-03-19 01:00:00,363.98,241.08,10.65,32.23,31.31,17.63,Normal Sales,Normal Sales,0,0,-1.0,0,1.0,
2026-03-19 02:00:00,382.15,212.15,9.74,31.2,31.85,13.55,Normal Sales,Normal Sales,0,0,-1.0,0,1.0,
2026-03-19 03:00:00,384.98,225.11,12.0,27.86,28.84,19.56,Normal Sales,Normal Sales,0,0,-1.0,0,1.0,
2026-03-19 04:00:00,375.81,223.43,12.06,32.28,31.27,17.44,Normal Sales,Normal Sales,0,0,-1.0,0,1.0,
2026-03-19 05:00:00,395.69,269.59,15.65,33.43,32.04,19.37,Normal Sales,Normal Sales,0,0,-1.0,0,1.0,
2026-03-19 06:00:00,570.68,376.31,18.66,36.78,32.3,23.36,Normal Sales,Normal Sales,0,0,-1.0,0,1.0,
2026-03-19 07:00:00,499.23,319.39,18.29,39.27,32.85,17.3,Normal Sales,Normal Sales,0,0,-1.0,0,1.0,
2026-03-19 08:00:00,515.94,290.34,14.89,34.74,30.44,22.2,Normal Sales,Normal Sales,0,0,-1.0,0,1.0,
2026-03-19 09:00:00,661.73,443.93,26.79,45.52,33.86,23.78,Normal Sales,Normal Sales,0,0,-1.0,0,1.0,
2026-03-19 10:00:00,663.43,434.1,23.73,41.82,32.83,17.9,Normal Sales,Normal Sales,0,0,-1.0,0,1.0,
2026-03-19 11:00:00,671.89,444.39,23.64,42.95,36.73,26.72,Normal Sales,Normal Sales,0,0,-1.0,0,1.0,
2026-03-19 12:00:00,755.64,444.19,20.55,49.93,41.38,23.48,Normal Sales,Normal Sales,0,0,-1.0,0,1.0,
2026-03-19 13:00:00,741.75,483.97,26.4,45.43,38.4,24.77,Normal Sales,Normal Sales,0,0,-1.0,0,1.0,
2026-03-19 14:00:00,745.1,453.85,26.28,45.66,37.19,25.21,Normal Sales,Normal Sales,0,0,-1.0,0,1.0,
2026-03-19 15:00:00,777.74,486.67,20.02,45.0,38.75,23.39,Normal Sales,Normal Sales,0,0,-1.0,0,1.0,
2026-03-19 16:00:00,773.6,453.6,26.95,45.97,38.8,19.89,Normal Sales,Normal Sales,0,0,-1.0,0,1.0,
2026-03-19 17:00:00,1116.54,685.25,37.13,56.23,42.29,30.83,Normal Sales,Normal Sales,0,0,-1.0,0,1.0,
2026-03-19 18:00:00,1017.91,675.54,38.12,56.44,43.12,25.98,Normal Sales,Normal Sales,0,0,-1.0,0,1.0,
2026-03-19 19:00:00,1088.16,671.63,39.67,56.81,43.4,27.61,Normal Sales,Normal Sales,0,0,-1.0,0,1.0,
2026-03-19 20:00:00,1152.97,756.77,43.61,61.07,44.95,32.07,Normal Sales,Normal Sales,0,0,-1.0,0,1.0,
2026-03-19 21:00:00,897.62,584.32,34.35,51.16,40.54,25.84,Normal Sales,Normal Sales,0,0,-1.0,0,1.0,
2026-03-19 22:00:00,835.04,510.99,27.95,43.52,39.92,19.24,Normal Sales,Normal Sales,0,0,-1.0,0,1.0,
2026-03-19 23:00:00,994.27,654.0,35.45,55.41,41.51,27.17,Normal Sales,Normal Sales,0,0,-1.0,0,1.0,
2026-03-20 00:00:00,379.0,231.38,12.54,31.9,27.82,17.86,Normal Sales,Normal Sales,0,0,-1.0,0,1.0,
2026-03-20 01:00:00,378.45,237.86,12.65,34.58,29.73,18.4,Normal Sales,Normal Sales,0,0,-1.0,0,1.0,
2026-03-20 02:00:00,399.74,245.85,13.95,32.02,33.27,17.63,Normal Sales,Normal Sales,0,0,-1.0,0,1.0,
2026-03-20 03:00:00,399.47,245.08,11.76,33.92,30.18,19.37,Normal Sales,Normal Sales,0,0,-1.0,0,1.0,
2026-03-20 04:00:00,324.16,201.11,10.14,26.98,28.4,15.88,Normal Sales,Normal Sales,0,0,-1.0,0,1.0,
2026-03-20 05:00:00,374.49,198.0,11.52,33.32,30.93,18.57,Normal Sales,Normal Sales,0,0,-1.0,0,1.0,
2026-03-20 06:00:00,571.9,385.49,24.94,38.67,32.29,23.2,Normal Sales,Normal Sales,0,0,-1.0,0,1.0,
2026-03-20 07:00:00,561.43,367.48,23.99,39.06,34.4,19.23,Normal Sales,Normal Sales,0,0,-1.0,0,1.0,
2026-03-20 08:00:00,600.12,363.66,19.38,38.3,32.91,19.63,Normal Sales,Normal Sales,0,0,-1.0,0,1.0,
2026-03-20 09:00:00,690.5,393.96,20.1,46.12,37.21,23.7,Normal Sales,Normal Sales,0,0,-1.0,0,1.0,
2026-03-20 10:00:00,750.8,511.35,24.58,43.94,35.16,23.84,Normal Sales,Normal Sales,0,0,-1.0,0,1.0,
2026-03-20 11:00:00,698.41,421.84,23.64,42.66,34.43,18.19,Normal Sales,Normal Sales,0,0,-1.0,0,1.0,
2026-03-20 12:00:00,673.86,404.06,21.73,38.75,34.47,19.84,Normal Sales,Normal Sales,0,0,-1.0,0,1.0,
2026-03-20 13:00:00,787.5,461.42,23.68,41.79,37.08,21.8,Normal Sales,Normal Sales,0,0,-1.0,0,1.0,
2026-03-20 14:00:00,828.41,523.76,28.67,46.2,38.84,26.48,Normal Sales,Normal Sales,0,0,-1.0,0,1.0,
2026-03-20 15:00:00,798.14,534.94,30.34,50.74,37.84,26.72,Normal Sales,Normal Sales,0,0,-1.0,0,1.0,
2026-03-20 16:00:00,760.91,460.3,26.02,45.66,37.95,25.71,Normal Sales,Normal Sales,0,0,-1.0,0,1.0,
2026-03-20 17:00:00,1045.92,624.11,34.79,52.64,48.54,28.63,Normal Sales,Normal Sales,0,0,-1.0,0,1.0,
2026-03-20 18:00:00,1121.75,682.6,36.58,57.77,43.29,28.15,Normal Sales,Normal Sales,0,0,-1.0,0,1.0,
2026-03-20 19:00:00,1110.78,722.29,42.49,60.02,40.2,31.13,Normal Sales,Normal Sales,0,0,-1.0,0,1.0,
2026-03-20 20:00:00,1213.68,786.72,44.74,66.67,44.74,32.92,Normal Sales,Normal Sales,0,0,-1.0,0,1.0,
2026-03-20 21:00:00,846.09,531.88,31.91,47.23,36.66,25.49,Normal Sales,Normal Sales,0,0,-1.0,0,1.0,
2026-03-20 22:00:00,865.97,553.13,29.52,54.11,36.14,28.34,Normal Sales,Normal Sales,0,0,-1.0,0,1.0,
2026-03-20 23:00:00,842.4,477.39,26.73,45.59,36.1,20.57,Normal Sales,Normal Sales,0,0,-1.0,0,1.0,
2026-03-21 00:00:00,496.5,332.23,19.44,37.06,33.4,20.25,Weekend Sales,Weekend Sales,0,0,-1.0,0,1.0,
2026-03-21 01:00:00,461.2,250.42,13.37,32.56,33.54,19.78,Weekend Sales,Weekend Sales,0,0,-1.0,0,1.0,
2026-03-21 02:00:00,511.74,310.27,14.3,37.09,33.75,14.98,Weekend Sales,Weekend Sales,0,0,-1.0,0,1.0,
2026-03-21 03:00:00,475.99,277.84,15.52,32.3,32.02,18.52,Weekend Sales,Weekend Sales,0,0,-1.0,0,1.0,
2026-03-21 04:00:00,492.76,287.6,14.54,32.18,33.14,20.33,Weekend Sales,Weekend Sales,0,0,-1.0,0,1.0,
2026-03-21 05:00:00,477.57,334.11,17.75,40.68,30.83,16.3,Weekend Sales,Weekend Sales,0,0,-1.0,0,1.0,
2026-03-21 06:00:00,731.9,459.99,25.37,42.95,36.37,22.48,Weekend Sales,Weekend Sales,0,0,-1.0,0,1.0,
2026-03-21 07:00:00,706.62,459.15,25.62,45.84,35.55,22.79,Weekend Sales,Weekend Sales,0,0,-1.0,0,1.0,
2026-03-21 08:00:00,676.09,409.92,15.9,40.38,35.33,23.38,Weekend Sales,Weekend Sales,0,0,-1.0,0,1.0,
2026-03-21 09:00:00,925.62,582.58,27.68,51.48,36.38,24.15,Weekend Sales,Weekend Sales,0,0,-1.0,0,1.0,
2026-03-21 10:00:00,929.45,608.16,34.19,52.85,39.76,25.78,Weekend Sales,Weekend Sales,0,0,-1.0,0,1.0,
2026-03-21 11:00:00,912.71,576.56,28.94,52.73,38.74,28.07,Weekend Sales,Weekend Sales,0,0,-1.0,0,1.0,
2026-03-21 12:00:00,983.31,567.83,30.07,49.28,37.09,24.13,Weekend Sales,Weekend Sales,0,0,-1.0,0,1.0,
2026-03-21 13:00:00,1176.6,744.73,44.79,63.0,42.52,29.85,Weekend Sales,Weekend Sales,0,0,-1.0,0,1.0,
2026-03-21 14:00:00,1079.46,680.2,36.26,53.47,48.93,28.72,Weekend Sales,Weekend Sales,0,0,-1.0,0,1.0,
2026-03-21 15:00:00,1031.53,642.38,34.85,55.47,44.11,27.81,Weekend Sales,Weekend Sales,0,0,-1.0,0,1.0,
2026-03-21 16:00:00,987.65,608.3,32.53,56.83,43.13,27.42,Weekend Sales,Weekend Sales,0,0,-1.0,0,1.0,
2026-03-21 17:00:00,1394.85,834.16,45.91,67.54,46.96,31.89,Weekend Sales,Weekend Sales,0,0,-1.0,0,1.0,
2026-03-21 18:00:00,1445.96,895.91,44.51,67.13,47.33,36.81,Weekend Sales,Weekend Sales,0,0,-1.0,0,1.0,
2026-03-21 19:00:00,1429.49,890.8,49.45,72.77,50.83,34.15,Weekend Sales,Weekend Sales,0,0,-1.0,0,1.0,
2026-03-21 20:00:00,1454.7,885.32,48.21,68.39,49.84,34.97,Weekend Sales,Weekend Sales,0,0,-1.0,0,1.0,
2026-03-21 21:00:00,1193.28,771.32,46.15,62.57,46.48,30.58,Weekend Sales,Weekend Sales,0,0,-1.0,0,1.0,
2026-03-21 22:00:00,1227.66,787.69,45.34,63.5,43.53,28.9,Weekend Sales,Weekend Sales,0,0,-1.0,0,1.0,
2026-03-21 23:00:00,1156.67,755.46,40.93,63.21,45.35,30.32,Weekend Sales,Weekend Sales,0,0,-1.0,0,1.0,
2026-03-22 00:00:00,529.68,255.68,11.62,31.45,31.37,19.06,Weekend Sales,Weekend Sales,0,0,-1.0,0,1.0,
2026-03-22 01:00:00,504.18,322.44,18.93,34.17,30.13,20.85,Weekend Sales,Weekend Sales,0,0,-1.0,0,1.0,
2026-03-22 02:00:00,481.31,259.15,16.2,37.0,35.3,18.85,Weekend Sales,Weekend Sales,0,0,-1.0,0,1.0,
2026-03-22 03:00:00,512.52,352.01,18.08,40.72,33.26,22.63,Weekend Sales,Weekend Sales,0,0,-1.0,0,1.0,
2026-03-22 04:00:00,501.59,343.39,19.33,33.76,35.43,18.69,Weekend Sales,Weekend Sales,0,0,-1.0,0,1.0,
2026-03-22 05:00:00,528.11,325.17,20.24,39.69,33.84,21.15,Weekend Sales,Weekend Sales,0,0,-1.0,0,1.0,
2026-03-22 06:00:00,733.01,404.12,22.46,39.26,36.8,19.82,Weekend Sales,Weekend Sales,0,0,-1.0,0,1.0,
2026-03-22 07:00:00,675.32,458.82,27.37,44.04,35.85,22.97,Weekend Sales,Weekend Sales,0,0,-1.0,0,1.0,
2026-03-22 08:00:00,738.3,440.84,26.23,43.11,35.71,23.06,Weekend Sales,Weekend Sales,0,0,-1.0,0,1.0,
2026-03-22 09:00:00,910.98,573.02,30.44,52.25,41.92,24.89,Weekend Sales,Weekend Sales,0,0,-1.0,0,1.0,
2026-03-22 10:00:00,932.59,589.74,31.56,53.16,40.96,28.91,Weekend Sales,Weekend Sales,0,0,-1.0,0,1.0,
2026-03-22 11:00:00,910.28,540.8,29.13,47.2,40.6,23.2,Weekend Sales,Weekend Sales,0,0,-1.0,0,1.0,
2026-03-22 12:00:00,1048.22,682.3,37.55,59.26,38.55,34.1,Weekend Sales,Weekend Sales,0,0,-1.0,0,1.0,
2026-03-22 13:00:00,1018.2,628.27,30.84,55.63,39.1,27.91,Weekend Sales,Weekend Sales,0,0,-1.0,0,1.0,
2026-03-22 14:00:00,1020.61,605.83,31.71,53.99,38.79,25.65,Weekend Sales,Weekend Sales,0,0,-1.0,0,1.0,
2026-03-22 15:00:00,1083.95,737.11,41.5,57.55,41.69,30.49,Weekend Sales,Weekend Sales,0,0,-1.0,0,1.0,
2026-03-22 16:00:00,1030.83,661.69,36.83,58.29,40.9,31.19,Weekend Sales,Weekend Sales,0,0,-1.0,0,1.0,
2026-03-22 17:00:00,1478.5,892.39,53.44,65.42,47.66,33.06,Weekend Sales,Weekend Sales,0,0,-1.0,0,1.0,
2026-03-22 18:00:00,1677.89,1085.47,62.69,79.44,57.38,39.87,Weekend Sales,Weekend Sales,0,0,-1.0,0,1.0,
2026-03-22 19:00:00,1563.76,974.02,53.47,73.71,50.16,37.57,Weekend Sales,Weekend Sales,0,0,-1.0,0,1.0,
2026-03-22 20:00:00,1518.28,940.55,54.75,65.05,50.83,36.95,Weekend Sales,Weekend Sales,0,0,-1.0,0,1.0,
2026-03-22 21:00:00,1226.1,758.56,42.14,64.41,47.83,30.36,Weekend Sales,Weekend Sales,0,0,-1.0,0,1.0,
2026-03-22 22:00:00,1175.08,770.51,38.13,60.35,46.91,33.45,Weekend Sales,Weekend Sales,0,0,-1.0,0,1.0,
2026-03-22 23:00:00,1189.89,726.52,38.19,58.73,47.32,28.91,Weekend Sales,Weekend Sales,0,0,-1.0,0,1.0,
2026-03-23 00:00:00,377.88,215.45,13.54,29.37,30.23,14.02,Normal Sales,Normal Sales,0,0,-1.0,0,1.0,
2026-03-23 01:00:00,345.65,214.49,9.15,35.68,25.75,15.76,Normal Sales,Normal Sales,0,0,-1.0,0,1.0,
2026-03-23 02:00:00,376.29,224.17,10.12,28.7,28.42,17.03,Normal Sales,Normal Sales,0,0,-1.0,0,1.0,
2026-03-23 03:00:00,412.67,257.81,16.55,34.17,33.24,12.85,Normal Sales,Normal Sales,0,0,-1.0,0,1.0,
2026-03-23 04:00:00,370.25,262.24,13.28,37.17,33.26,17.62,Normal Sales,Normal Sales,0,0,-1.0,0,1.0,
2026-03-23 05:00:00,366.52,201.9,9.85,26.94,31.09,14.14,Normal Sales,Normal Sales,0,0,-1.0,0,1.0,
2026-03-23 06:00:00,559.47,362.58,16.62,42.67,34.54,22.56,Normal Sales,Normal Sales,0,0,-1.0,0,1.0,
2026-03-23 07:00:00,522.48,339.5,20.93,37.21,36.89,20.58,Normal Sales,Normal Sales,0,0,-1.0,0,1.0,
2026-03-23 08:00:00,574.06,363.24,21.15,34.76,34.5,19.61,Normal Sales,Normal Sales,0,0,-1.0,0,1.0,
2026-03-23 09:00:00,680.13,465.28,25.16,41.87,34.84,21.03,Normal Sales,Normal Sales,0,0,-1.0,0,1.0,
2026-03-23 10:00:00,761.1,454.49,26.06,47.93,35.94,24.43,Normal Sales,Normal Sales,0,0,-1.0,0,1.0,
2026-03-23 11:00:00,673.6,478.78,28.21,44.45,33.91,23.74,Normal Sales,Normal Sales,0,0,-1.0,0,1.0,
2026-03-23 12:00:00,698.11,481.65,24.04,45.6,35.83,23.81,Normal Sales,Normal Sales,0,0,-1.0,0,1.0,
2026-03-23 13:00:00,789.42,486.54,28.51,47.73,38.26,18.1,Normal Sales,Normal Sales,0,0,-1.0,0,1.0,
2026-03-23 14:00:00,805.63,458.1,26.49,48.75,35.84,22.93,Normal Sales,Normal Sales,0,0,-1.0,0,1.0,
2026-03-23 15:00:00,769.95,508.25,28.14,51.35,37.92,25.19,Normal Sales,Normal Sales,0,0,-1.0,0,1.0,
2026-03-23 16:00:00,796.44,514.24,24.81,47.73,37.4,26.31,Normal Sales,Normal Sales,0,0,-1.0,0,1.0,
2026-03-23 17:00:00,1117.35,666.79,36.69,54.24,39.14,30.12,Normal Sales,Normal Sales,0,0,-1.0,0,1.0,
2026-03-23 18:00:00,1160.59,731.24,42.82,58.53,40.87,30.14,Normal Sales,Normal Sales,0,0,-1.0,0,1.0,
2026-03-23 19:00:00,1108.34,666.11,36.48,55.31,39.17,27.77,Normal Sales,Normal Sales,0,0,-1.0,0,1.0,
2026-03-23 20:00:00,1063.85,665.38,35.28,59.23,45.29,29.99,Normal Sales,Normal Sales,0,0,-1.0,0,1.0,
2026-03-23 21:00:00,809.25,539.36,32.82,48.79,40.4,24.38,Normal Sales,Normal Sales,0,0,-1.0,0,1.0,
2026-03-23 22:00:00,795.42,474.15,29.54,41.97,37.52,23.92,Normal Sales,Normal Sales,0,0,-1.0,0,1.0,
2026-03-23 23:00:00,854.78,518.88,28.68,46.78,35.69,25.4,Normal Sales,Normal Sales,0,0,-1.0,0,1.0,
2026-03-24 00:00:00,396.36,267.49,13.09,30.08,30.17,21.82,Normal Sales,Normal Sales,0,0,-1.0,0,1.0,
2026-03-24 01:00:00,388.32,258.36,15.99,33.78,30.84,19.78,Normal Sales,Normal Sales,0,0,-1.0,0,1.0,
2026-03-24 02:00:00,365.9,191.5,11.98,32.64,27.98,18.43,Normal Sales,Normal Sales,0,0,-1.0,0,1.0,
2026-03-24 03:00:00,407.79,252.77,12.27,32.94,29.83,17.09,Normal Sales,Normal Sales,0,0,-1.0,0,1.0,
2026-03-24 04:00:00,384.32,198.19,8.01,30.04,30.49,17.64,Normal Sales,Normal Sales,0,0,-1.0,0,1.0,
2026-03-24 05:00:00,411.45,257.71,15.37,30.45,32.53,17.39,Normal Sales,Normal Sales,0,0,-1.0,0,1.0,
2026-03-24 06:00:00,545.3,335.37,20.51,34.18,28.7,19.96,Normal Sales,Normal Sales,0,0,-1.0,0,1.0,
2026-03-24 07:00:00,556.09,348.58,21.64,39.23,32.33,16.06,Normal Sales,Normal Sales,0,0,-1.0,0,1.0,
2026-03-24 08:00:00,536.92,358.59,18.94,38.5,33.97,18.93,Normal Sales,Normal Sales,0,0,-1.0,0,1.0,
2026-03-24 09:00:00,732.7,495.2,26.89,43.32,36.32,19.93,Normal Sales,Normal Sales,0,0,-1.0,0,1.0,
2026-03-24 10:00:00,722.52,459.27,28.61,43.96,37.1,21.76,Normal Sales,Normal Sales,0,0,-1.0,0,1.0,
2026-03-24 11:00:00,697.89,394.56,21.31,40.58,36.46,20.62,Normal Sales,Normal Sales,0,0,-1.0,0,1.0,
2026-03-24 12:00:00,713.51,434.04,23.21,43.44,36.21,24.37,Normal Sales,Normal Sales,0,0,-1.0,0,1.0,
2026-03-24 13:00:00,789.36,480.65,26.07,44.16,36.7,28.08,Normal Sales,Normal Sales,0,0,-1.0,0,1.0,
2026-03-24 14:00:00,757.91,462.94,24.69,44.28,36.22,24.13,Normal Sales,Normal Sales,0,0,-1.0,0,1.0,
2026-03-24 15:00:00,726.24,476.2,27.46,42.13,31.81,21.95,Normal Sales,Normal Sales,0,0,-1.0,0,1.0,
2026-03-24 16:00:00,784.51,550.9,31.39,44.55,35.96,25.67,Normal Sales,Normal Sales,0,0,-1.0,0,1.0,
2026-03-24 17:00:00,1142.84,675.69,36.89,55.75,41.22,29.41,Normal Sales,Normal Sales,0,0,-1.0,0,1.0,
2026-03-24 18:00:00,1172.19,747.79,42.28,59.78,45.36,31.31,Normal Sales,Normal Sales,0,0,-1.0,0,1.0,
2026-03-24 19:00:00,1136.08,689.08,36.91,58.28,48.19,29.83,Normal Sales,Normal Sales,0,0,-1.0,0,1.0,
2026-03-24 20:00:00,1094.04,657.49,35.18,61.78,41.8,30.25,Normal Sales,Normal Sales,0,0,-1.0,0,1.0,
2026-03-24 21:00:00,861.24,540.5,31.31,47.78,37.36,28.83,Normal Sales,Normal Sales,0,0,-1.0,0,1.0,
2026-03-24 22:00:00,920.95,590.76,34.07,53.1,43.69,26.86,Normal Sales,Normal Sales,0,0,-1.0,0,1.0,
2026-03-24 23:00:00,903.08,523.63,27.15,45.79,41.9,19.99,Normal Sales,Normal Sales,0,0,-1.0,0,1.0,
2026-03-25 00:00:00,368.8,153.81,6.8,26.64,33.04,16.64,Normal Sales,Normal Sales,0,0,-1.0,0,1.0,
2026-03-25 01:00:00,360.69,250.28,13.8,32.24,27.73,16.28,Normal Sales,Normal Sales,0,0,-1.0,0,1.0,
2026-03-25 02:00:00,360.85,224.89,12.52,34.87,30.9,12.21,Normal Sales,Normal Sales,0,0,-1.0,0,1.0,
2026-03-25 03:00:00,381.32,200.16,9.08,28.03,29.16,14.25,Normal Sales,Normal Sales,0,0,-1.0,0,1.0,
2026-03-25 04:00:00,380.2,200.46,11.74,35.65,27.8,16.44,Normal Sales,Normal Sales,0,0,-1.0,0,1.0,
2026-03-25 05:00:00,328.88,196.39,12.09,31.27,29.75,18.69,Normal Sales,Normal Sales,0,0,-1.0,0,1.0,
2026-03-25 06:00:00,612.86,422.78,22.21,38.3,33.61,20.68,Normal Sales,Normal Sales,0,0,-1.0,0,1.0,
2026-03-25 07:00:00,555.92,315.14,17.19,38.72,33.25,17.99,Normal Sales,Normal Sales,0,0,-1.0,0,1.0,
2026-03-25 08:00:00,575.58,309.89,16.39,36.45,33.82,20.11,Normal Sales,Normal Sales,0,0,-1.0,0,1.0,
2026-03-25 09:00:00,732.62,453.34,24.2,43.24,35.23,24.91,Normal Sales,Normal Sales,0,0,-1.0,0,1.0,
2026-03-25 10:00:00,687.94,447.69,24.66,42.35,36.93,21.74,Normal Sales,Normal Sales,0,0,-1.0,0,1.0,
2026-03-25 11:00:00,733.61,460.16,24.12,45.9,37.56,25.82,Normal Sales,Normal Sales,0,0,-1.0,0,1.0,
2026-03-25 12:00:00,745.27,474.35,23.83,51.43,33.86,25.76,Normal Sales,Normal Sales,0,0,-1.0,0,1.0,
2026-03-25 13:00:00,811.7,473.9,25.82,45.62,40.41,22.42,Normal Sales,Normal Sales,0,0,-1.0,0,1.0,
2026-03-25 14:00:00,784.16,427.78,27.0,40.85,37.98,22.49,Normal Sales,Normal Sales,0,0,-1.0,0,1.0,
2026-03-25 15:00:00,790.67,510.46,31.42,47.92,38.75,25.42,Normal Sales,Normal Sales,0,0,-1.0,0,1.0,
2026-03-25 16:00:00,834.99,506.12,29.99,50.23,40.36,23.33,Normal Sales,Normal Sales,0,0,-1.0,0,1.0,
2026-03-25 17:00:00,1119.61,700.15,35.77,62.45,43.01,30.07,Normal Sales,Normal Sales,0,0,-1.0,0,1.0,
2026-03-25 18:00:00,1096.54,646.68,34.36,56.42,43.99,28.49,Normal Sales,Normal Sales,0,0,-1.0,0,1.0,
2026-03-25 19:00:00,1148.69,703.76,39.7,62.57,44.94,31.21,Normal Sales,Normal Sales,0,0,-1.0,0,1.0,
2026-03-25 20:00:00,1145.72,672.77,34.91,58.58,43.46,29.7,Normal Sales,Normal Sales,0,0,-1.0,0,1.0,
2026-03-25 21:00:00,951.81,608.28,35.97,53.22,38.57,27.09,Normal Sales,Normal Sales,0,0,-1.0,0,1.0,
2026-03-25 22:00:00,842.87,561.53,32.47,51.31,40.8,22.0,Normal Sales,Normal Sales,0,0,-1.0,0,1.0,
2026-03-25 23:00:00,904.03,527.73,29.01,48.2,40.69,25.65,Normal Sales,Normal Sales,0,0,-1.0,0,1.0,
2026-03-26 00:00:00,401.9,234.13,14.3,32.16,27.56,16.02,Normal Sales,Normal Sales,0,0,-1.0,0,1.0,
2026-03-26 01:00:00,373.75,259.53,15.2,29.75,30.07,22.52,Normal Sales,Normal Sales,0,0,-1.0,0,1.0,
2026-03-26 02:00:00,378.66,226.59,13.45,33.13,29.52,18.67,Normal Sales,Normal Sales,0,0,-1.0,0,1.0,
2026-03-26 03:00:00,370.38,247.62,13.96,33.31,28.78,16.55,Normal Sales,Normal Sales,0,0,-1.0,0,1.0,
2026-03-26 04:00:00,394.37,242.53,13.91,31.3,32.5,16.85,Normal Sales,Normal Sales,0,0,-1.0,0,1.0,
2026-03-26 05:00:00,374.02,251.54,16.18,31.0,34.28,18.91,Normal Sales,Normal Sales,0,0,-1.0,0,1.0,
2026-03-26 06:00:00,515.57,328.88,17.32,38.01,32.68,20.37,Normal Sales,Normal Sales,0,0,-1.0,0,1.0,
2026-03-26 07:00:00,519.14,346.62,16.75,34.98,33.56,23.87,Normal Sales,Normal Sales,0,0,-1.0,0,1.0,
2026-03-26 08:00:00,534.34,348.82,21.33,40.01,32.46,18.54,Normal Sales,Normal Sales,0,0,-1.0,0,1.0,
2026-03-26 09:00:00,632.79,385.76,23.57,37.61,36.16,19.74,Normal Sales,Normal Sales,0,0,-1.0,0,1.0,
2026-03-26 10:00:00,715.07,461.04,24.04,44.89,35.33,24.94,Normal Sales,Normal Sales,0,0,-1.0,0,1.0,
2026-03-26 11:00:00,719.67,447.61,27.74,45.56,34.85,23.02,Normal Sales,Normal Sales,0,0,-1.0,0,1.0,
2026-03-26 12:00:00,708.6,441.34,29.32,44.46,31.97,21.95,Normal Sales,Normal Sales,0,0,-1.0,0,1.0,
2026-03-26 13:00:00,718.17,437.02,20.06,41.23,33.17,23.69,Normal Sales,Normal Sales,0,0,-1.0,0,1.0,
2026-03-26 14:00:00,795.0,500.48,27.32,43.4,38.54,28.36,Normal Sales,Normal Sales,0,0,-1.0,0,1.0,
2026-03-26 15:00:00,811.25,492.32,24.22,44.37,38.7,26.45,Normal Sales,Normal Sales,0,0,-1.0,0,1.0,
2026-03-26 16:00:00,805.35,519.31,29.98,49.08,36.37,25.33,Normal Sales,Normal Sales,0,0,-1.0,0,1.0,
2026-03-26 17:00:00,1081.79,671.14,37.57,61.05,39.77,29.74,Normal Sales,Normal Sales,0,0,-1.0,0,1.0,
2026-03-26 18:00:00,1213.38,771.27,44.09,63.88,47.22,29.11,Normal Sales,Normal Sales,0,0,-1.0,0,1.0,
2026-03-26 19:00:00,1051.42,651.73,31.52,58.82,44.32,27.43,Normal Sales,Normal Sales,0,0,-1.0,0,1.0,
2026-03-26 20:00:00,1108.77,685.63,37.81,58.04,43.97,28.8,Normal Sales,Normal Sales,0,0,-1.0,0,1.0,
2026-03-26 21:00:00,920.1,581.61,30.77,54.87,36.93,26.36,Normal Sales,Normal Sales,0,0,-1.0,0,1.0,
2026-03-26 22:00:00,921.14,553.03,31.04,51.61,37.94,25.68,Normal Sales,Normal Sales,0,0,-1.0,0,1.0,
2026-03-26 23:00:00,871.79,526.71,33.57,46.77,40.83,24.38,Normal Sales,Normal Sales,0,0,-1.0,0,1.0,
2026-03-27 00:00:00,356.3,223.47,13.59,33.21,33.18,23.48,Normal Sales,Normal Sales,0,0,-1.0,0,1.0,
2026-03-27 01:00:00,381.49,219.94,13.0,30.28,32.34,14.9,Normal Sales,Normal Sales,0,0,-1.0,0,1.0,
2026-03-27 02:00:00,421.38,282.66,12.18,32.32,32.8,21.42,Normal Sales,Normal Sales,0,0,-1.0,0,1.0,
2026-03-27 03:00:00,352.8,236.56,9.12,31.24,32.22,16.81,Normal Sales,Normal Sales,0,0,-1.0,0,1.0,
2026-03-27 04:00:00,348.38,219.65,10.87,32.25,28.15,15.95,Normal Sales,Normal Sales,0,0,-1.0,0,1.0,
2026-03-27 05:00:00,338.69,214.24,11.46,27.38,30.15,19.41,Normal Sales,Normal Sales,0,0,-1.0,0,1.0,
2026-03-27 06:00:00,538.35,340.48,19.27,34.62,37.27,19.57,Normal Sales,Normal Sales,0,0,-1.0,0,1.0,
2026-03-27 07:00:00,562.07,367.72,19.95,40.56,34.05,18.36,Normal Sales,Normal Sales,0,0,-1.0,0,1.0,
2026-03-27 08:00:00,535.18,316.5,16.48,33.26,35.35,23.12,Normal Sales,Normal Sales,0,0,-1.0,0,1.0,
2026-03-27 09:00:00,746.47,494.58,26.51,44.64,35.13,25.65,Normal Sales,Normal Sales,0,0,-1.0,0,1.0,
2026-03-27 10:00:00,719.75,444.32,27.03,44.76,34.56,21.75,Normal Sales,Normal Sales,0,0,-1.0,0,1.0,
2026-03-27 11:00:00,735.94,482.33,27.63,50.33,39.78,24.94,Normal Sales,Normal Sales,0,0,-1.0,0,1.0,
2026-03-27 12:00:00,681.83,389.99,20.67,42.89,39.24,22.58,Normal Sales,Normal Sales,0,0,-1.0,0,1.0,
2026-03-27 13:00:00,841.88,515.83,29.62,50.01,34.35,24.07,Normal Sales,Normal Sales,0,0,-1.0,0,1.0,
2026-03-27 14:00:00,833.17,523.43,26.4,42.14,37.43,24.94,Normal Sales,Normal Sales,0,0,-1.0,0,1.0,
2026-03-27 15:00:00,760.24,474.93,27.13,47.13,32.21,21.24,Normal Sales,Normal Sales,0,0,-1.0,0,1.0,
2026-03-27 16:00:00,783.28,499.94,28.48,47.94,36.55,23.84,Normal Sales,Normal Sales,0,0,-1.0,0,1.0,
2026-03-27 17:00:00,1089.14,694.47,36.35,60.09,42.93,29.27,Normal Sales,Normal Sales,0,0,-1.0,0,1.0,
2026-03-27 18:00:00,1093.19,643.89,34.12,54.9,37.85,27.7,Normal Sales,Normal Sales,0,0,-1.0,0,1.0,
2026-03-27 19:00:00,1182.54,747.36,40.11,61.21,42.99,30.98,Normal Sales,Normal Sales,0,0,-1.0,0,1.0,
2026-03-27 20:00:00,1217.34,778.96,43.88,61.56,46.19,28.1,Normal Sales,Normal Sales,0,0,-1.0,0,1.0,
2026-03-27 21:00:00,868.03,552.77,31.88,51.49,39.35,25.43,Normal Sales,Normal Sales,0,0,-1.0,0,1.0,
2026-03-27 22:00:00,902.77,535.9,27.78,49.49,39.69,21.75,Normal Sales,Normal Sales,0,0,-1.0,0,1.0,
2026-03-27 23:00:00,899.13,576.78,31.57,57.08,37.92,25.7,Normal Sales,Normal Sales,0,0,-1.0,0,1.0,
2026-03-28 00:00:00,488.69,301.08,15.9,31.94,31.21,19.33,Weekend Sales,Weekend Sales,0,0,-1.0,0,1.0,
2026-03-28 01:00:00,529.16,383.14,23.74,37.54,31.6,21.26,Weekend Sales,Weekend Sales,0,0,-1.0,0,1.0,
2026-03-28 02:00:00,543.02,332.54,15.63,36.06,34.75,21.69,Weekend Sales,Weekend Sales,0,0,-1.0,0,1.0,
2026-03-28 03:00:00,493.54,323.08,13.22,36.75,34.11,18.41,Weekend Sales,Weekend Sales,0,0,-1.0,0,1.0,
2026-03-28 04:00:00,477.69,249.51,16.9,31.25,32.6,19.45,Weekend Sales,Weekend Sales,0,0,-1.0,0,1.0,
2026-03-28 05:00:00,536.23,328.61,16.99,37.51,35.68,19.87,Weekend Sales,Weekend Sales,0,0,-1.0,0,1.0,
2026-03-28 06:00:00,685.73,386.63,18.82,43.05,35.02,20.45,Weekend Sales,Weekend Sales,0,0,-1.0,0,1.0,
2026-03-28 07:00:00,694.33,432.61,23.31,42.34,38.5,25.89,Weekend Sales,Weekend Sales,0,0,-1.0,0,1.0,
2026-03-28 08:00:00,662.14,418.71,21.48,41.52,35.87,22.04,Weekend Sales,Weekend Sales,0,0,-1.0,0,1.0,
2026-03-28 09:00:00,952.53,607.39,34.0,51.34,38.93,24.31,Weekend Sales,Weekend Sales,0,0,-1.0,0,1.0,
2026-03-28 10:00:00,901.47,607.96,31.85,49.59,39.96,26.98,Weekend Sales,Weekend Sales,0,0,-1.0,0,1.0,
2026-03-28 11:00:00,932.47,613.36,34.83,51.74,39.0,26.33,Weekend Sales,Weekend Sales,0,0,-1.0,0,1.0,
2026-03-28 12:00:00,982.86,601.67,29.51,52.82,37.63,31.41,Weekend Sales,Weekend Sales,0,0,-1.0,0,1.0,
2026-03-28 13:00:00,1001.65,616.97,34.45,53.06,40.45,28.27,Weekend Sales,Weekend Sales,0,0,-1.0,0,1.0,
2026-03-28 14:00:00,1132.78,721.51,42.64,56.91,43.89,30.35,Weekend Sales,Weekend Sales,0,0,-1.0,0,1.0,
2026-03-28 15:00:00,1070.94,698.39,37.97,56.98,43.27,25.9,Weekend Sales,Weekend Sales,0,0,-1.0,0,1.0,
2026-03-28 16:00:00,1040.0,641.44,33.44,57.83,39.56,27.76,Weekend Sales,Weekend Sales,0,0,-1.0,0,1.0,
2026-03-28 17:00:00,1517.53,974.7,53.59,76.34,51.2,36.61,Weekend Sales,Weekend Sales,0,0,-1.0,0,1.0,
2026-03-28 18:00:00,1414.13,840.9,46.46,65.8,49.88,34.51,Weekend Sales,Weekend Sales,0,0,-1.0,0,1.0,
2026-03-28 19:00:00,1481.8,889.77,49.96,67.35,47.67,32.29,Weekend Sales,Weekend Sales,0,0,-1.0,0,1.0,
2026-03-28 20:00:00,1485.25,950.11,52.25,71.53,46.2,36.86,Weekend Sales,Weekend Sales,0,0,-1.0,0,1.0,
2026-03-28 21:00:00,1117.86,696.01,37.57,60.36,42.69,29.28,Weekend Sales,Weekend Sales,0,0,-1.0,0,1.0,
2026-03-28 22:00:00,1191.5,791.4,45.3,62.92,44.26,30.74,Weekend Sales,Weekend Sales,0,0,-1.0,0,1.0,
2026-03-28 23:00:00,1108.0,673.14,35.48,58.79,40.69,31.49,Weekend Sales,Weekend Sales,0,0,-1.0,0,1.0,
2026-03-29 00:00:00,517.55,321.39,17.68,35.21,33.34,22.21,Weekend Sales,Weekend Sales,0,0,-1.0,0,1.0,
2026-03-29 01:00:00,481.26,260.05,15.71,34.36,29.94,17.03,Weekend Sales,Weekend Sales,0,0,-1.0,0,1.0,
2026-03-29 02:00:00,477.37,277.86,14.63,33.66,30.81,17.43,Weekend Sales,Weekend Sales,0,0,-1.0,0,1.0,
2026-03-29 03:00:00,493.09,309.91,16.41,38.79,33.4,16.57,Weekend Sales,Weekend Sales,0,0,-1.0,0,1.0,
2026-03-29 04:00:00,511.86,332.49,17.42,33.32,32.72,20.3,Weekend Sales,Weekend Sales,0,0,-1.0,0,1.0,
2026-03-29 05:00:00,470.82,255.63,13.88,32.69,31.17,18.22,Weekend Sales,Weekend Sales,0,0,-1.0,0,1.0,
2026-03-29 06:00:00,680.76,411.2,23.68,41.08,32.23,21.33,Weekend Sales,Weekend Sales,0,0,-1.0,0,1.0,
2026-03-29 07:00:00,681.93,429.48,24.26,38.63,37.11,20.51,Weekend Sales,Weekend Sales,0,0,-1.0,0,1.0,
2026-03-29 08:00:00,776.65,480.3,23.92,42.97,37.9,23.23,Weekend Sales,Weekend Sales,0,0,-1.0,0,1.0,
2026-03-29 09:00:00,937.62,621.64,32.79,53.62,42.78,28.08,Weekend Sales,Weekend Sales,0,0,-1.0,0,1.0,
2026-03-29 10:00:00,866.49,549.86,27.92,53.19,37.08,31.69,Weekend Sales,Weekend Sales,0,0,-1.0,0,1.0,
2026-03-29 11:00:00,1011.3,607.09,33.43,55.29,42.76,28.06,Weekend Sales,Weekend Sales,0,0,-1.0,0,1.0,
2026-03-29 12:00:00,1001.16,617.64,33.24,52.94,42.74,28.17,Weekend Sales,Weekend Sales,0,0,-1.0,0,1.0,
2026-03-29 13:00:00,1068.35,682.26,33.42,58.02,42.6,32.39,Weekend Sales,Weekend Sales,0,0,-1.0,0,1.0,
2026-03-29 14:00:00,972.53,641.9,35.46,55.89,43.88,29.17,Weekend Sales,Weekend Sales,0,0,-1.0,0,1.0,
2026-03-29 15:00:00,1074.09,672.0,35.99,56.76,40.83,28.71,Weekend Sales,Weekend Sales,0,0,-1.0,0,1.0,
2026-03-29 16:00:00,930.03,587.34,32.06,51.03,40.25,23.82,Weekend Sales,Weekend Sales,0,0,-1.0,0,1.0,
2026-03-29 17:00:00,1640.74,1014.69,55.52,74.37,51.94,40.14,Weekend Sales,Weekend Sales,0,0,-1.0,0,1.0,
2026-03-29 18:00:00,1573.9,997.18,55.94,74.57,47.86,36.53,Weekend Sales,Weekend Sales,0,0,-1.0,0,1.0,
2026-03-29 19:00:00,1478.74,943.04,52.49,76.3,51.53,34.66,Weekend Sales,Weekend Sales,0,0,-1.0,0,1.0,
2026-03-29 20:00:00,1362.08,879.13,51.07,65.04,50.17,34.74,Weekend Sales,Weekend Sales,0,0,-1.0,0,1.0,
2026-03-29 21:00:00,1173.21,767.76,44.92,63.56,44.89,32.43,Weekend Sales,Weekend Sales,0,0,-1.0,0,1.0,
2026-03-29 22:00:00,1140.58,705.78,37.01,58.05,42.66,28.37,Weekend Sales,Weekend Sales,0,0,-1.0,0,1.0,
2026-03-29 23:00:00,1171.82,718.43,40.52,55.65,43.69,30.22,Weekend Sales,Weekend Sales,0,0,-1.0,0,1.0,
2026-03-30 00:00:00,371.5,226.02,9.26,32.03,31.61,18.64,Normal Sales,Normal Sales,0,0,-1.0,0,1.0,
2026-03-30 01:00:00,396.96,251.15,14.77,32.87,32.12,15.12,Normal Sales,Normal Sales,0,0,-1.0,0,1.0,
2026-03-30 02:00:00,360.5,263.18,9.55,32.38,32.47,18.39,Normal Sales,Normal Sales,0,0,-1.0,0,1.0,
2026-03-30 03:00:00,369.72,232.46,12.08,31.5,28.92,20.03,Normal Sales,Normal Sales,0,0,-1.0,0,1.0,
2026-03-30 04:00:00,404.21,247.28,10.83,31.05,30.5,19.19,Normal Sales,Normal Sales,0,0,-1.0,0,1.0,
2026-03-30 05:00:00,358.34,202.94,12.18,32.35,28.85,14.41,Normal Sales,Normal Sales,0,0,-1.0,0,1.0,
2026-03-30 06:00:00,634.58,413.02,22.18,43.84,34.54,24.06,Normal Sales,Normal Sales,0,0,-1.0,0,1.0,
2026-03-30 07:00:00,549.42,342.92,18.63,34.21,37.22,18.69,Normal Sales,Normal Sales,0,0,-1.0,0,1.0,
2026-03-30 08:00:00,508.01,309.64,15.11,35.87,34.01,21.73,Normal Sales,Normal Sales,0,0,-1.0,0,1.0,
2026-03-30 09:00:00,741.83,452.29,24.98,45.31,33.1,24.45,Normal Sales,Normal Sales,0,0,-1.0,0,1.0,
2026-03-30 10:00:00,660.85,460.74,24.53,43.56,33.7,22.26,Normal Sales,Normal Sales,0,0,-1.0,0,1.0,
2026-03-30 11:00:00,793.84,515.69,25.26,51.32,39.88,24.33,Normal Sales,Normal Sales,0,0,-1.0,0,1.0,
2026-03-30 12:00:00,723.72,448.33,28.6,41.97,36.6,22.35,Normal Sales,Normal Sales,0,0,-1.0,0,1.0,
2026-03-30 13:00:00,739.57,513.32,25.87,47.57,33.09,24.03,Normal Sales,Normal Sales,0,0,-1.0,0,1.0,
2026-03-30 14:00:00,813.45,483.72,27.78,45.6,40.15,26.82,Normal Sales,Normal Sales,0,0,-1.0,0,1.0,
2026-03-30 15:00:00,773.28,481.35,26.84,47.4,37.17,24.41,Normal Sales,Normal Sales,0,0,-1.0,0,1.0,
2026-03-30 16:00:00,786.95,490.79,29.59,48.0,38.78,25.72,Normal Sales,Normal Sales,0,0,-1.0,0,1.0,
2026-03-30 17:00:00,1123.37,704.46,36.57,61.86,37.53,29.44,Normal Sales,Normal Sales,0,0,-1.0,0,1.0,
2026-03-30 18:00:00,1196.66,707.83,39.73,57.72,43.61,31.59,Normal Sales,Normal Sales,0,0,-1.0,0,1.0,
2026-03-30 19:00:00,1143.29,657.98,34.24,59.19,44.33,31.95,Normal Sales,Normal Sales,0,0,-1.0,0,1.0,
2026-03-30 20:00:00,1227.32,752.38,46.39,61.74,42.94,29.54,Normal Sales,Normal Sales,0,0,-1.0,0,1.0,
2026-03-30 21:00:00,781.15,524.49,32.04,45.31,36.82,25.3,Normal Sales,Normal Sales,0,0,-1.0,0,1.0,
2026-03-30 22:00:00,838.22,475.82,25.75,45.32,37.47,24.34,Normal Sales,Normal Sales,0,0,-1.0,0,1.0,
2026-03-30 23:00:00,943.44,577.35,32.1,53.35,41.15,25.21,Normal Sales,Normal Sales,0,0,-1.0,0,1.0,
2026-03-31 00:00:00,379.38,248.9,11.43,35.39,33.31,16.78,Normal Sales,Normal Sales,0,0,-1.0,0,1.0,
2026-03-31 01:00:00,381.21,252.41,12.79,33.61,30.81,15.37,Normal Sales,Normal Sales,0,0,-1.0,0,1.0,
2026-03-31 02:00:00,386.22,211.96,13.54,28.95,30.24,20.04,Normal Sales,Normal Sales,0,0,-1.0,0,1.0,
2026-03-31 03:00:00,386.93,212.91,9.68,29.18,31.37,18.04,Normal Sales,Normal Sales,0,0,-1.0,0,1.0,
2026-03-31 04:00:00,361.64,195.04,11.29,29.22,34.46,16.95,Normal Sales,Normal Sales,0,0,-1.0,0,1.0,
2026-03-31 05:00:00,411.81,226.06,9.29,28.67,33.38,21.16,Normal Sales,Normal Sales,0,0,-1.0,0,1.0,
2026-03-31 06:00:00,524.03,313.38,14.9,31.77,34.35,20.28,Normal Sales,Normal Sales,0,0,-1.0,0,1.0,
2026-03-31 07:00:00,545.64,303.3,19.96,34.76,34.34,16.67,Normal Sales,Normal Sales,0,0,-1.0,0,1.0,
2026-03-31 08:00:00,540.16,342.19,19.47,38.11,34.17,18.29,Normal Sales,Normal Sales,0,0,-1.0,0,1.0,
2026-03-31 09:00:00,720.2,449.37,25.18,44.16,33.7,20.6,Normal Sales,Normal Sales,0,0,-1.0,0,1.0,
2026-03-31 10:00:00,634.21,413.65,24.41,43.8,35.4,18.07,Normal Sales,Normal Sales,0,0,-1.0,0,1.0,
2026-03-31 11:00:00,676.55,423.72,23.58,41.92,36.24,22.62,Normal Sales,Normal Sales,0,0,-1.0,0,1.0,
2026-03-31 12:00:00,717.47,428.85,25.55,41.96,33.54,21.18,Normal Sales,Normal Sales,0,0,-1.0,0,1.0,
2026-03-31 13:00:00,783.18,510.42,27.99,46.77,34.82,26.33,Normal Sales,Normal Sales,0,0,-1.0,0,1.0,
2026-03-31 14:00:00,771.08,475.57,29.12,46.84,33.85,20.35,Normal Sales,Normal Sales,0,0,-1.0,0,1.0,
2026-03-31 15:00:00,794.5,462.27,26.72,45.26,37.84,22.14,Normal Sales,Normal Sales,0,0,-1.0,0,1.0,
2026-03-31 16:00:00,866.46,608.27,32.9,53.19,38.92,26.69,Normal Sales,Normal Sales,0,0,-1.0,0,1.0,
2026-03-31 17:00:00,1085.55,645.91,33.25,56.76,41.41,22.99,Normal Sales,Normal Sales,0,0,-1.0,0,1.0,
2026-03-31 18:00:00,1157.86,716.92,42.12,60.46,40.73,25.46,Normal Sales,Normal Sales,0,0,-1.0,0,1.0,
2026-03-31 19:00:00,1091.92,661.36,38.26,56.47,44.83,25.88,Normal Sales,Normal Sales,0,0,-1.0,0,1.0,
2026-03-31 20:00:00,1187.33,754.17,37.44,64.74,44.37,31.64,Normal Sales,Normal Sales,0,0,-1.0,0,1.0,
2026-03-31 21:00:00,842.87,554.46,28.12,51.77,39.97,23.91,Normal Sales,Normal Sales,0,0,-1.0,0,1.0,
2026-03-31 22:00:00,968.33,606.15,34.65,49.21,44.7,24.7,Normal Sales,Normal Sales,0,0,-1.0,0,1.0,
2026-03-31 23:00:00,926.11,549.32,28.97,52.1,41.8,23.19,Normal Sales,Normal Sales,0,0,-1.0,0,1.0,
2026-04-01 00:00:00,398.35,273.1,13.14,37.47,27.86,17.58,Normal Sales,Normal Sales,0,0,-1.0,0,1.0,
2026-04-01 01:00:00,386.8,218.48,12.54,31.53,30.2,19.13,Normal Sales,Normal Sales,0,0,-1.0,0,1.0,
2026-04-01 02:00:00,373.44,237.32,15.35,33.64,31.92,15.63,Normal Sales,Normal Sales,0,0,-1.0,0,1.0,
2026-04-01 03:00:00,387.67,218.39,9.45,30.75,28.78,19.04,Normal Sales,Normal Sales,0,0,-1.0,0,1.0,
2026-04-01 04:00:00,393.14,196.18,9.13,26.32,29.76,17.81,Normal Sales,Normal Sales,0,0,-1.0,0,1.0,
2026-04-01 05:00:00,373.18,216.63,14.51,24.97,32.82,16.33,Normal Sales,Normal Sales,0,0,-1.0,0,1.0,
2026-04-01 06:00:00,543.51,323.79,20.89,33.84,33.26,21.15,Normal Sales,Normal Sales,0,0,-1.0,0,1.0,
2026-04-01 07:00:00,501.69,288.05,15.55,32.76,30.9,18.5,Normal Sales,Normal Sales,0,0,-1.0,0,1.0,
2026-04-01 08:00:00,563.37,340.72,20.9,35.34,31.07,24.37,Normal Sales,Normal Sales,0,0,-1.0,0,1.0,
2026-04-01 09:00:00,690.06,395.06,18.24,43.99,35.05,21.37,Normal Sales,Normal Sales,0,0,-1.0,0,1.0,
2026-04-01 10:00:00,707.85,464.19,25.17,50.41,36.3,25.73,Normal Sales,Normal Sales,0,0,-1.0,0,1.0,
2026-04-01 11:00:00,742.26,459.29,24.09,45.44,37.64,22.34,Normal Sales,Normal Sales,0,0,-1.0,0,1.0,
2026-04-01 12:00:00,719.47,476.98,30.37,47.36,39.96,22.67,Normal Sales,Normal Sales,0,0,-1.0,0,1.0,
2026-04-01 13:00:00,825.47,545.25,28.2,47.93,41.51,23.68,Normal Sales,Normal Sales,0,0,-1.0,0,1.0,
2026-04-01 14:00:00,744.0,499.48,29.87,47.51,36.56,23.61,Normal Sales,Normal Sales,0,0,-1.0,0,1.0,
2026-04-01 15:00:00,808.72,540.9,30.23,54.23,35.95,25.48,Normal Sales,Normal Sales,0,0,-1.0,0,1.0,
2026-04-01 16:00:00,782.6,458.09,24.89,45.92,38.35,27.79,Normal Sales,Normal Sales,0,0,-1.0,0,1.0,
2026-04-01 17:00:00,1159.58,747.69,41.26,65.12,48.51,31.75,Normal Sales,Normal Sales,0,0,-1.0,0,1.0,
2026-04-01 18:00:00,1077.01,654.03,36.54,57.19,43.71,29.27,Normal Sales,Normal Sales,0,0,-1.0,0,1.0,
2026-04-01 19:00:00,1133.66,686.96,38.59,62.62,45.31,30.24,Normal Sales,Normal Sales,0,0,-1.0,0,1.0,
2026-04-01 20:00:00,1191.6,729.51,39.11,58.49,44.01,29.39,Normal Sales,Normal Sales,0,0,-1.0,0,1.0,
2026-04-01 21:00:00,934.67,567.62,29.61,55.88,38.99,26.5,Normal Sales,Normal Sales,0,0,-1.0,0,1.0,
2026-04-01 22:00:00,901.32,530.4,31.64,50.67,42.44,23.9,Normal Sales,Normal Sales,0,0,-1.0,0,1.0,
2026-04-01 23:00:00,885.79,550.18,30.79,46.21,39.28,22.9,Normal Sales,Normal Sales,0,0,-1.0,0,1.0,
2026-04-02 00:00:00,384.72,185.31,6.49,31.46,29.45,14.66,Normal Sales,Normal Sales,0,0,-1.0,0,1.0,
2026-04-02 01:00:00,401.97,257.41,15.9,32.38,36.19,17.23,Normal Sales,Normal Sales,0,0,-1.0,0,1.0,
2026-04-02 02:00:00,410.92,253.23,10.62,33.89,31.62,16.23,Normal Sales,Normal Sales,0,0,-1.0,0,1.0,
2026-04-02 03:00:00,360.52,222.91,12.96,24.74,32.24,16.58,Normal Sales,Normal Sales,0,0,-1.0,0,1.0,
2026-04-02 04:00:00,352.78,242.25,13.28,34.76,30.87,18.05,Normal Sales,Normal Sales,0,0,-1.0,0,1.0,
2026-04-02 05:00:00,375.06,244.61,12.63,29.88,31.6,17.83,Normal Sales,Normal Sales,0,0,-1.0,0,1.0,
2026-04-02 06:00:00,546.85,366.28,19.92,38.89,32.1,22.02,Normal Sales,Normal Sales,0,0,-1.0,0,1.0,
2026-04-02 07:00:00,555.48,366.92,19.02,37.81,35.03,21.68,Normal Sales,Normal Sales,0,0,-1.0,0,1.0,
2026-04-02 08:00:00,521.19,355.8,16.17,40.14,30.33,24.67,Normal Sales,Normal Sales,0,0,-1.0,0,1.0,
2026-04-02 09:00:00,658.77,437.24,23.89,42.03,35.57,24.19,Normal Sales,Normal Sales,0,0,-1.0,0,1.0,
2026-04-02 10:00:00,681.62,402.21,23.42,37.28,34.42,28.14,Normal Sales,Normal Sales,0,0,-1.0,0,1.0,
2026-04-02 11:00:00,679.35,449.89,23.57,44.95,36.86,25.51,Normal Sales,Normal Sales,0,0,-1.0,0,1.0,
2026-04-02 12:00:00,706.76,487.91,25.66,46.2,36.51,21.95,Normal Sales,Normal Sales,0,0,-1.0,0,1.0,
2026-04-02 13:00:00,786.49,491.66,26.18,52.52,35.69,26.65,Normal Sales,Normal Sales,0,0,-1.0,0,1.0,
2026-04-02 14:00:00,832.06,515.53,26.62,45.93,37.11,21.32,Normal Sales,Normal Sales,0,0,-1.0,0,1.0,
2026-04-02 15:00:00,757.86,432.81,26.5,45.09,38.46,24.0,Normal Sales,Normal Sales,0,0,-1.0,0,1.0,
2026-04-02 16:00:00,804.56,535.34,28.22,48.79,39.17,22.74,Normal Sales,Normal Sales,0,0,-1.0,0,1.0,
2026-04-02 17:00:00,1309.41,812.55,44.97,68.18,48.09,32.39,Normal Sales,Normal Sales,0,0,-1.0,0,1.0,
2026-04-02 18:00:00,1141.23,669.96,35.73,58.57,44.29,31.19,Normal Sales,Normal Sales,0,0,-1.0,0,1.0,
2026-04-02 19:00:00,1127.02,664.07,38.64,60.49,44.96,28.27,Normal Sales,Normal Sales,0,0,-1.0,0,1.0,
2026-04-02 20:00:00,1193.06,825.42,45.63,61.41,43.11,33.89,Normal Sales,Normal Sales,0,0,-1.0,0,1.0,
2026-04-02 21:00:00,811.12,507.13,28.65,51.15,40.41,26.41,Normal Sales,Normal Sales,0,0,-1.0,0,1.0,
2026-04-02 22:00:00,786.52,510.67,29.5,47.91,33.91,23.21,Normal Sales,Normal Sales,0,0,-1.0,0,1.0,
2026-04-02 23:00:00,830.43,464.49,25.54,43.55,43.37,23.27,Normal Sales,Normal Sales,0,0,-1.0,0,1.0,
2026-04-03 00:00:00,402.61,210.39,10.51,30.93,29.03,16.42,Normal Sales,Normal Sales,0,0,-1.0,0,1.0,
2026-04-03 01:00:00,374.03,226.05,16.14,32.11,31.32,18.73,Normal Sales,Normal Sales,0,0,-1.0,0,1.0,
2026-04-03 02:00:00,389.73,239.56,12.53,32.32,32.94,20.24,Normal Sales,Normal Sales,0,0,-1.0,0,1.0,
2026-04-03 03:00:00,373.6,250.83,13.41,32.36,29.4,17.91,Normal Sales,Normal Sales,0,0,-1.0,0,1.0,
2026-04-03 04:00:00,403.51,252.49,14.16,28.97,30.24,17.83,Normal Sales,Normal Sales,0,0,-1.0,0,1.0,
2026-04-03 05:00:00,362.47,225.27,11.53,31.24,30.41,15.72,Normal Sales,Normal Sales,0,0,-1.0,0,1.0,
2026-04-03 06:00:00,535.32,333.84,20.73,37.95,31.78,21.14,Normal Sales,Normal Sales,0,0,-1.0,0,1.0,
2026-04-03 07:00:00,592.85,390.48,22.57,42.13,36.96,23.91,Normal Sales,Normal Sales,0,0,-1.0,0,1.0,
2026-04-03 08:00:00,561.69,374.97,18.46,35.61,33.86,21.51,Normal Sales,Normal Sales,0,0,-1.0,0,1.0,
2026-04-03 09:00:00,694.85,451.46,21.1,42.54,34.84,20.01,Normal Sales,Normal Sales,0,0,-1.0,0,1.0,
2026-04-03 10:00:00,767.66,441.97,23.13,46.3,38.34,20.83,Normal Sales,Normal Sales,0,0,-1.0,0,1.0,
2026-04-03 11:00:00,738.65,465.21,30.25,45.85,36.27,21.92,Normal Sales,Normal Sales,0,0,-1.0,0,1.0,
2026-04-03 12:00:00,687.7,405.73,25.06,41.8,36.82,25.17,Normal Sales,Normal Sales,0,0,-1.0,0,1.0,
2026-04-03 13:00:00,704.17,468.56,25.88,45.81,34.31,22.2,Normal Sales,Normal Sales,0,0,-1.0,0,1.0,
2026-04-03 14:00:00,817.82,566.67,33.17,53.21,37.52,24.97,Normal Sales,Normal Sales,0,0,-1.0,0,1.0,
2026-04-03 15:00:00,767.15,463.42,21.38,43.18,35.92,23.23,Normal Sales,Normal Sales,0,0,-1.0,0,1.0,
2026-04-03 16:00:00,803.57,507.28,27.87,45.8,33.73,23.53,Normal Sales,Normal Sales,0,0,-1.0,0,1.0,
2026-04-03 17:00:00,1079.28,680.81,39.26,59.62,43.86,28.75,Normal Sales,Normal Sales,0,0,-1.0,0,1.0,
2026-04-03 18:00:00,1104.84,666.32,33.63,59.3,42.43,26.17,Normal Sales,Normal Sales,0,0,-1.0,0,1.0,
2026-04-03 19:00:00,1087.56,652.61,35.98,58.74,41.79,23.81,Normal Sales,Normal Sales,0,0,-1.0,0,1.0,
2026-04-03 20:00:00,1123.71,692.8,37.65,56.6,43.54,29.45,Normal Sales,Normal Sales,0,0,-1.0,0,1.0,
2026-04-03 21:00:00,881.25,556.69,29.76,48.88,41.74,27.04,Normal Sales,Normal Sales,0,0,-1.0,0,1.0,
2026-04-03 22:00:00,918.83,600.33,34.07,54.69,36.46,27.42,Normal Sales,Normal Sales,0,0,-1.0,0,1.0,
2026-04-03 23:00:00,874.28,584.0,33.98,49.7,39.61,26.94,Normal Sales,Normal Sales,0,0,-1.0,0,1.0,
2026-04-04 00:00:00,511.73,291.8,16.77,34.65,33.26,17.85,Weekend Sales,Weekend Sales,0,0,-1.0,0,1.0,
2026-04-04 01:00:00,485.72,330.5,16.07,34.31,32.15,18.72,Weekend Sales,Weekend Sales,0,0,-1.0,0,1.0,
2026-04-04 02:00:00,478.22,299.12,13.44,32.77,36.24,20.4,Weekend Sales,Weekend Sales,0,0,-1.0,0,1.0,
2026-04-04 03:00:00,481.68,309.1,18.14,38.25,31.93,21.68,Weekend Sales,Weekend Sales,0,0,-1.0,0,1.0,
2026-04-04 04:00:00,449.36,252.2,14.2,33.77,29.82,18.82,Weekend Sales,Weekend Sales,0,0,-1.0,0,1.0,
2026-04-04 05:00:00,484.75,293.62,18.2,37.36,30.25,17.23,Weekend Sales,Weekend Sales,0,0,-1.0,0,1.0,
2026-04-04 06:00:00,707.89,438.22,22.79,45.98,36.73,23.77,Weekend Sales,Weekend Sales,0,0,-1.0,0,1.0,
2026-04-04 07:00:00,676.98,448.91,19.05,45.7,37.38,22.36,Weekend Sales,Weekend Sales,0,0,-1.0,0,1.0,
2026-04-04 08:00:00,768.74,475.04,26.25,46.38,43.44,26.56,Weekend Sales,Weekend Sales,0,0,-1.0,0,1.0,
2026-04-04 09:00:00,978.26,583.7,32.39,50.06,42.27,26.87,Weekend Sales,Weekend Sales,0,0,-1.0,0,1.0,
2026-04-04 10:00:00,891.99,555.06,28.83,50.49,37.45,25.93,Weekend Sales,Weekend Sales,0,0,-1.0,0,1.0,
2026-04-04 11:00:00,980.59,606.64,32.58,53.65,42.06,24.95,Weekend Sales,Weekend Sales,0,0,-1.0,0,1.0,
2026-04-04 12:00:00,957.45,626.55,35.61,54.0,41.56,28.57,Weekend Sales,Weekend Sales,0,0,-1.0,0,1.0,
2026-04-04 13:00:00,1096.12,629.0,31.49,57.59,39.62,28.53,Weekend Sales,Weekend Sales,0,0,-1.0,0,1.0,
2026-04-04 14:00:00,1037.72,618.48,34.72,54.64,45.86,26.21,Weekend Sales,Weekend Sales,0,0,-1.0,0,1.0,
2026-04-04 15:00:00,1132.38,710.89,37.78,61.05,44.38,29.84,Weekend Sales,Weekend Sales,0,0,-1.0,0,1.0,
2026-04-04 16:00:00,1070.38,648.71,34.03,57.65,41.75,28.06,Weekend Sales,Weekend Sales,0,0,-1.0,0,1.0,
2026-04-04 17:00:00,1522.09,950.33,49.41,76.16,50.12,35.35,Weekend Sales,Weekend Sales,0,0,-1.0,0,1.0,
2026-04-04 18:00:00,1533.42,956.63,54.15,74.66,51.5,38.62,Weekend Sales,Weekend Sales,0,0,-1.0,0,1.0,
2026-04-04 19:00:00,1567.4,967.78,50.98,78.26,50.17,35.25,Weekend Sales,Weekend Sales,0,0,-1.0,0,1.0,
2026-04-04 20:00:00,1370.74,858.32,47.51,63.8,48.21,32.46,Weekend Sales,Weekend Sales,0,0,-1.0,0,1.0,
2026-04-04 21:00:00,1324.56,806.99,43.51,62.72,49.07,31.43,Weekend Sales,Weekend Sales,0,0,-1.0,0,1.0,
2026-04-04 22:00:00,1125.19,715.29,36.58,60.75,46.69,31.02,Weekend Sales,Weekend Sales,0,0,-1.0,0,1.0,
2026-04-04 23:00:00,1204.75,768.7,45.7,65.25,45.36,33.03,Weekend Sales,Weekend Sales,0,0,-1.0,0,1.0,
2026-04-05 00:00:00,478.45,316.04,15.37,35.13,25.97,20.7,Weekend Sales,Weekend Sales,0,0,-1.0,0,1.0,
2026-04-05 01:00:00,484.51,328.17,18.83,39.45,30.07,22.28,Weekend Sales,Weekend Sales,0,0,-1.0,0,1.0,
2026-04-05 02:00:00,553.33,362.17,21.5,39.15,32.36,22.58,Weekend Sales,Weekend Sales,0,0,-1.0,0,1.0,
2026-04-05 03:00:00,462.92,276.57,11.67,32.39,33.15,19.93,Weekend Sales,Weekend Sales,0,0,-1.0,0,1.0,
2026-04-05 04:00:00,501.9,315.44,13.58,35.28,31.17,18.57,Weekend Sales,Weekend Sales,0,0,-1.0,0,1.0,
2026-04-05 05:00:00,515.63,298.18,15.19,30.33,32.18,17.28,Weekend Sales,Weekend Sales,0,0,-1.0,0,1.0,
2026-04-05 06:00:00,725.98,426.33,23.66,42.63,39.69,23.65,Weekend Sales,Weekend Sales,0,0,-1.0,0,1.0,
2026-04-05 07:00:00,656.61,375.47,20.76,37.82,29.23,24.09,Weekend Sales,Weekend Sales,0,0,-1.0,0,1.0,
2026-04-05 08:00:00,749.16,477.5,25.05,46.55,35.33,24.35,Weekend Sales,Weekend Sales,0,0,-1.0,0,1.0,
2026-04-05 09:00:00,902.09,597.21,29.71,55.17,39.41,25.95,Weekend Sales,Weekend Sales,0,0,-1.0,0,1.0,
2026-04-05 10:00:00,953.52,609.51,36.26,53.84,38.43,27.35,Weekend Sales,Weekend Sales,0,0,-1.0,0,1.0,
2026-04-05 11:00:00,1031.52,673.23,38.85,58.54,42.93,31.15,Weekend Sales,Weekend Sales,0,0,-1.0,0,1.0,
2026-04-05 12:00:00,924.03,539.02,29.78,47.6,37.6,24.03,Weekend Sales,Weekend Sales,0,0,-1.0,0,1.0,
2026-04-05 13:00:00,1188.2,740.09,41.43,57.75,40.51,28.86,Weekend Sales,Weekend Sales,0,0,-1.0,0,1.0,
2026-04-05 14:00:00,1132.87,710.74,40.29,60.89,42.08,32.54,Weekend Sales,Weekend Sales,0,0,-1.0,0,1.0,
2026-04-05 15:00:00,1023.43,669.68,37.72,51.85,39.9,25.17,Weekend Sales,Weekend Sales,0,0,-1.0,0,1.0,
2026-04-05 16:00:00,1118.34,692.75,33.64,59.06,41.94,26.35,Weekend Sales,Weekend Sales,0,0,-1.0,0,1.0,
2026-04-05 17:00:00,1627.87,1011.96,55.07,75.56,48.65,34.69,Weekend Sales,Weekend Sales,0,0,-1.0,0,1.0,
2026-04-05 18:00:00,1598.36,979.13,53.9,69.74,48.54,37.7,Weekend Sales,Weekend Sales,0,0,-1.0,0,1.0,
2026-04-05 19:00:00,1530.23,992.58,57.28,74.33,50.96,36.18,Weekend Sales,Weekend Sales,0,0,-1.0,0,1.0,
2026-04-05 20:00:00,1656.17,1055.55,58.39,79.25,55.04,39.55,Weekend Sales,Weekend Sales,0,0,-1.0,0,1.0,
2026-04-05 21:00:00,1259.15,725.83,40.84,59.45,48.92,33.24,Weekend Sales,Weekend Sales,0,0,-1.0,0,1.0,
2026-04-05 22:00:00,1170.04,763.81,45.58,61.92,48.83,31.03,Weekend Sales,Weekend Sales,0,0,-1.0,0,1.0,
2026-04-05 23:00:00,1155.59,738.11,39.89,60.67,46.46,30.49,Weekend Sales,Weekend Sales,0,0,-1.0,0,1.0,
2026-04-06 00:00:00,346.64,224.1,10.93,33.02,31.29,20.55,Normal Sales,Normal Sales,0,0,-1.0,0,1.0,
2026-04-06 01:00:00,395.93,272.73,13.66,35.45,34.67,17.44,Normal Sales,Normal Sales,0,0,-1.0,0,1.0,
2026-04-06 02:00:00,412.82,242.22,11.62,32.94,32.45,19.88,Normal Sales,Normal Sales,0,0,-1.0,0,1.0,
2026-04-06 03:00:00,360.53,234.39,11.52,27.71,28.27,16.36,Normal Sales,Normal Sales,0,0,-1.0,0,1.0,
2026-04-06 04:00:00,388.62,269.75,11.89,34.13,28.25,20.0,Normal Sales,Normal Sales,0,0,-1.0,0,1.0,
2026-04-06 05:00:00,366.95,201.22,12.67,28.52,29.61,12.59,Normal Sales,Normal Sales,0,0,-1.0,0,1.0,
2026-04-06 06:00:00,572.96,375.76,20.68,35.67,36.16,20.06,Normal Sales,Normal Sales,0,0,-1.0,0,1.0,
2026-04-06 07:00:00,534.67,389.3,20.0,41.65,34.21,22.51,Normal Sales,Normal Sales,0,0,-1.0,0,1.0,
2026-04-06 08:00:00,554.78,353.37,19.98,38.21,36.45,18.21,Normal Sales,Normal Sales,0,0,-1.0,0,1.0,
2026-04-06 09:00:00,751.93,486.76,28.17,48.71,36.6,20.43,Normal Sales,Normal Sales,0,0,-1.0,0,1.0,
2026-04-06 10:00:00,712.81,417.16,21.48,39.37,35.16,21.24,Normal Sales,Normal Sales,0,0,-1.0,0,1.0,
2026-04-06 11:00:00,630.35,408.32,26.9,42.93,34.31,22.1,Normal Sales,Normal Sales,0,0,-1.0,0,1.0,
2026-04-06 12:00:00,700.34,436.46,23.93,41.14,39.27,19.94,Normal Sales,Normal Sales,0,0,-1.0,0,1.0,
2026-04-06 13:00:00,828.28,511.0,31.91,48.47,37.36,24.28,Normal Sales,Normal Sales,0,0,-1.0,0,1.0,
2026-04-06 14:00:00,801.16,468.15,24.21,41.01,35.77,23.89,Normal Sales,Normal Sales,0,0,-1.0,0,1.0,
2026-04-06 15:00:00,811.56,453.69,24.68,46.32,37.47,22.07,Normal Sales,Normal Sales,0,0,-1.0,0,1.0,
2026-04-06 16:00:00,783.08,471.99,24.69,45.94,41.93,22.31,Normal Sales,Normal Sales,0,0,-1.0,0,1.0,
2026-04-06 17:00:00,1118.15,691.96,36.68,60.83,38.27,28.24,Normal Sales,Normal Sales,0,0,-1.0,0,1.0,
2026-04-06 18:00:00,1182.71,725.93,38.28,61.23,45.92,30.57,Normal Sales,Normal Sales,0,0,-1.0,0,1.0,
2026-04-06 19:00:00,1090.7,687.64,37.02,59.53,45.51,23.98,Normal Sales,Normal Sales,0,0,-1.0,0,1.0,
2026-04-06 20:00:00,1142.53,664.97,41.46,55.89,44.92,28.55,Normal Sales,Normal Sales,0,0,-1.0,0,1.0,
2026-04-06 21:00:00,848.24,502.86,30.83,49.8,42.31,24.68,Normal Sales,Normal Sales,0,0,-1.0,0,1.0,
2026-04-06 22:00:00,896.45,549.12,29.63,47.28,39.41,24.15,Normal Sales,Normal Sales,0,0,-1.0,0,1.0,
2026-04-06 23:00:00,903.25,564.27,31.61,54.81,39.28,27.62,Normal Sales,Normal Sales,0,0,-1.0,0,1.0,
2026-04-07 00:00:00,417.81,291.71,18.35,33.7,31.56,16.66,Normal Sales,Normal Sales,0,0,-1.0,0,1.0,
2026-04-07 01:00:00,388.39,247.66,13.67,34.82,28.19,21.46,Normal Sales,Normal Sales,0,0,-1.0,0,1.0,
2026-04-07 02:00:00,396.02,243.77,13.11,33.34,33.77,18.3,Normal Sales,Normal Sales,0,0,-1.0,0,1.0,
2026-04-07 03:00:00,381.67,237.09,16.6,30.8,30.43,20.85,Normal Sales,Normal Sales,0,0,-1.0,0,1.0,
2026-04-07 04:00:00,381.72,265.09,12.76,32.47,33.46,17.27,Normal Sales,Normal Sales,0,0,-1.0,0,1.0,
2026-04-07 05:00:00,376.07,239.58,11.2,30.76,30.62,18.08,Normal Sales,Normal Sales,0,0,-1.0,0,1.0,
2026-04-07 06:00:00,582.39,399.62,20.27,40.92,35.25,25.02,Normal Sales,Normal Sales,0,0,-1.0,0,1.0,
2026-04-07 07:00:00,567.02,358.82,21.07,40.37,31.78,21.36,Normal Sales,Normal Sales,0,0,-1.0,0,1.0,
2026-04-07 08:00:00,587.29,358.93,20.0,38.24,29.36,21.01,Normal Sales,Normal Sales,0,0,-1.0,0,1.0,
2026-04-07 09:00:00,726.57,437.66,21.76,41.31,37.88,26.89,Normal Sales,Normal Sales,0,0,-1.0,0,1.0,
2026-04-07 10:00:00,765.25,440.84,25.96,42.3,35.84,22.1,Normal Sales,Normal Sales,0,0,-1.0,0,1.0,
2026-04-07 11:00:00,741.04,483.43,26.39,45.48,37.53,25.22,Normal Sales,Normal Sales,0,0,-1.0,0,1.0,
2026-04-07 12:00:00,757.87,437.77,24.12,41.09,36.78,22.49,Normal Sales,Normal Sales,0,0,-1.0,0,1.0,
2026-04-07 13:00:00,798.11,474.83,23.14,40.52,37.31,23.01,Normal Sales,Normal Sales,0,0,-1.0,0,1.0,
2026-04-07 14:00:00,772.94,512.29,26.46,50.78,40.39,20.91,Normal Sales,Normal Sales,0,0,-1.0,0,1.0,
2026-04-07 15:00:00,803.67,488.28,21.03,42.79,39.21,28.25,Normal Sales,Normal Sales,0,0,-1.0,0,1.0,
2026-04-07 16:00:00,836.08,526.46,28.91,52.59,42.51,23.99,Normal Sales,Normal Sales,0,0,-1.0,0,1.0,
2026-04-07 17:00:00,1023.13,581.89,34.65,52.25,41.76,22.97,Normal Sales,Normal Sales,0,0,-1.0,0,1.0,
2026-04-07 18:00:00,1094.0,670.89,37.31,55.95,40.52,27.2,Normal Sales,Normal Sales,0,0,-1.0,0,1.0,
2026-04-07 19:00:00,1205.49,753.53,42.67,59.31,38.59,29.79,Normal Sales,Normal Sales,0,0,-1.0,0,1.0,
2026-04-07 20:00:00,1087.55,683.01,44.14,59.17,47.96,30.21,Normal Sales,Normal Sales,0,0,-1.0,0,1.0,
2026-04-07 21:00:00,856.34,539.63,33.24,53.71,37.41,26.0,Normal Sales,Normal Sales,0,0,-1.0,0,1.0,
2026-04-07 22:00:00,821.0,529.64,32.24,48.5,36.62,25.96,Normal Sales,Normal Sales,0,0,-1.0,0,1.0,
2026-04-07 23:00:00,902.64,561.67,31.25,50.06,41.34,27.51,Normal Sales,Normal Sales,0,0,-1.0,0,1.0,
2026-04-08 00:00:00,360.5,198.24,10.39,31.65,30.42,15.67,Normal Sales,Normal Sales,0,0,-1.0,0,1.0,
2026-04-08 01:00:00,384.09,229.87,14.4,32.25,29.9,18.21,Normal Sales,Normal Sales,0,0,-1.0,0,1.0,
2026-04-08 02:00:00,404.06,236.28,13.8,31.69,31.72,16.6,Normal Sales,Normal Sales,0,0,-1.0,0,1.0,
2026-04-08 03:00:00,381.23,264.06,12.65,29.61,27.9,16.26,Normal Sales,Normal Sales,0,0,-1.0,0,1.0,
2026-04-08 04:00:00,390.42,206.91,10.78,31.98,31.47,16.4,Normal Sales,Normal Sales,0,0,-1.0,0,1.0,
2026-04-08 05:00:00,382.75,239.99,12.75,31.33,34.98,19.62,Normal Sales,Normal Sales,0,0,-1.0,0,1.0,
2026-04-08 06:00:00,615.56,369.23,20.14,36.21,32.85,25.03,Normal Sales,Normal Sales,0,0,-1.0,0,1.0,
2026-04-08 07:00:00,533.34,378.66,18.34,36.67,32.38,21.34,Normal Sales,Normal Sales,0,0,-1.0,0,1.0,
2026-04-08 08:00:00,572.91,366.48,19.32,38.74,33.1,19.33,Normal Sales,Normal Sales,0,0,-1.0,0,1.0,
2026-04-08 09:00:00,684.35,449.99,21.09,47.77,34.95,21.7,Normal Sales,Normal Sales,0,0,-1.0,0,1.0,
2026-04-08 10:00:00,742.63,497.56,29.6,47.59,38.8,21.01,Normal Sales,Normal Sales,0,0,-1.0,0,1.0,
2026-04-08 11:00:00,697.46,409.64,24.98,41.05,37.55,23.31,Normal Sales,Normal Sales,0,0,-1.0,0,1.0,
2026-04-08 12:00:00,685.27,410.19,25.15,40.0,35.9,20.69,Normal Sales,Normal Sales,0,0,-1.0,0,1.0,
2026-04-08 13:00:00,787.83,487.3,25.24,43.83,37.97,22.49,Normal Sales,Normal Sales,0,0,-1.0,0,1.0,
2026-04-08 14:00:00,767.95,452.65,24.74,46.87,40.07,21.86,Normal Sales,Normal Sales,0,0,-1.0,0,1.0,
2026-04-08 15:00:00,886.45,524.48,31.01,46.89,37.33,23.62,Normal Sales,Normal Sales,0,0,-1.0,0,1.0,
2026-04-08 16:00:00,798.3,509.44,29.36,44.95,35.59,22.9,Normal Sales,Normal Sales,0,0,-1.0,0,1.0,
2026-04-08 17:00:00,1131.07,696.01,36.38,59.04,47.75,28.39,Normal Sales,Normal Sales,0,0,-1.0,0,1.0,
2026-04-08 18:00:00,1112.75,703.9,37.6,60.25,41.48,33.26,Normal Sales,Normal Sales,0,0,-1.0,0,1.0,
2026-04-08 19:00:00,1157.01,701.85,37.42,57.55,46.41,27.01,Normal Sales,Normal Sales,0,0,-1.0,0,1.0,
2026-04-08 20:00:00,1099.42,667.6,36.69,56.16,39.71,27.89,Normal Sales,Normal Sales,0,0,-1.0,0,1.0,
2026-04-08 21:00:00,880.24,530.05,30.53,51.19,38.81,25.71,Normal Sales,Normal Sales,0,0,-1.0,0,1.0,
2026-04-08 22:00:00,789.06,478.69,28.34,44.79,35.94,28.52,Normal Sales,Normal Sales,0,0,-1.0,0,1.0,
2026-04-08 23:00:00,965.11,610.06,35.83,47.61,38.83,26.31,Normal Sales,Normal Sales,0,0,-1.0,0,1.0,
2026-04-09 00:00:00,374.86,220.16,7.01,31.87,31.46,20.71,Normal Sales,Normal Sales,0,0,-1.0,0,1.0,
2026-04-09 01:00:00,364.38,204.16,5.87,29.37,32.0,15.88,Normal Sales,Normal Sales,0,0,-1.0,0,1.0,
2026-04-09 02:00:00,419.99,253.98,14.26,29.38,31.71,14.39,Normal Sales,Normal Sales,0,0,-1.0,0,1.0,
2026-04-09 03:00:00,392.49,261.45,17.1,30.36,30.99,19.66,Normal Sales,Normal Sales,0,0,-1.0,0,1.0,
2026-04-09 04:00:00,387.72,218.75,7.25,31.81,30.29,16.34,Normal Sales,Normal Sales,0,0,-1.0,0,1.0,
2026-04-09 05:00:00,393.82,243.05,10.73,27.26,28.44,22.86,Normal Sales,Normal Sales,0,0,-1.0,0,1.0,
2026-04-09 06:00:00,567.72,356.7,19.26,37.98,35.99,19.94,Normal Sales,Normal Sales,0,0,-1.0,0,1.0,
2026-04-09 07:00:00,563.73,340.8,22.62,39.7,36.07,19.35,Normal Sales,Normal Sales,0,0,-1.0,0,1.0,
2026-04-09 08:00:00,576.91,349.87,19.46,42.45,31.72,21.15,Normal Sales,Normal Sales,0,0,-1.0,0,1.0,
2026-04-09 09:00:00,732.21,466.97,24.78,50.09,33.86,26.59,Normal Sales,Normal Sales,0,0,-1.0,0,1.0,
2026-04-09 10:00:00,760.05,518.75,25.35,45.25,39.9,21.21,Normal Sales,Normal Sales,0,0,-1.0,0,1.0,
2026-04-09 11:00:00,658.96,396.35,22.18,45.09,34.83,20.69,Normal Sales,Normal Sales,0,0,-1.0,0,1.0,
2026-04-09 12:00:00,727.67,462.9,26.34,44.21,32.46,21.74,Normal Sales,Normal Sales,0,0,-1.0,0,1.0,
2026-04-09 13:00:00,857.68,536.44,28.86,51.8,36.32,24.96,Normal Sales,Normal Sales,0,0,-1.0,0,1.0,
2026-04-09 14:00:00,806.33,488.89,27.09,45.98,34.91,24.59,Normal Sales,Normal Sales,0,0,-1.0,0,1.0,
2026-04-09 15:00:00,747.62,467.67,28.47,44.32,34.37,23.44,Normal Sales,Normal Sales,0,0,-1.0,0,1.0,
2026-04-09 16:00:00,767.5,490.71,26.69,50.5,39.37,23.96,Normal Sales,Normal Sales,0,0,-1.0,0,1.0,
2026-04-09 17:00:00,1178.71,720.97,39.72,58.97,45.57,32.89,Normal Sales,Normal Sales,0,0,-1.0,0,1.0,
2026-04-09 18:00:00,1183.44,756.78,43.47,62.9,41.84,34.32,Normal Sales,Normal Sales,0,0,-1.0,0,1.0,
2026-04-09 19:00:00,1240.67,763.37,41.24,63.81,46.19,30.68,Normal Sales,Normal Sales,0,0,-1.0,0,1.0,
2026-04-09 20:00:00,1066.87,669.1,37.9,58.46,42.84,28.19,Normal Sales,Normal Sales,0,0,-1.0,0,1.0,
2026-04-09 21:00:00,929.1,577.69,30.84,50.98,36.3,26.08,Normal Sales,Normal Sales,0,0,-1.0,0,1.0,
2026-04-09 22:00:00,915.57,576.15,34.73,50.59,40.54,27.99,Normal Sales,Normal Sales,0,0,-1.0,0,1.0,
2026-04-09 23:00:00,988.79,616.67,31.83,55.78,44.54,26.77,Normal Sales,Normal Sales,0,0,-1.0,0,1.0,
2026-04-10 00:00:00,395.49,275.92,17.21,33.89,29.33,18.74,Normal Sales,Normal Sales,0,0,-1.0,0,1.0,
2026-04-10 01:00:00,388.23,263.41,15.16,32.01,31.71,20.31,Normal Sales,Normal Sales,0,0,-1.0,0,1.0,
2026-04-10 02:00:00,386.73,218.87,11.68,33.31,27.81,13.29,Normal Sales,Normal Sales,0,0,-1.0,0,1.0,
2026-04-10 03:00:00,408.15,265.84,15.83,30.54,32.41,19.2,Normal Sales,Normal Sales,0,0,-1.0,0,1.0,
2026-04-10 04:00:00,349.46,252.27,14.19,31.16,29.18,14.28,Normal Sales,Normal Sales,0,0,-1.0,0,1.0,
2026-04-10 05:00:00,390.79,248.84,13.3,35.52,27.88,17.03,Normal Sales,Normal Sales,0,0,-1.0,0,1.0,
2026-04-10 06:00:00,524.91,318.47,17.65,37.61,32.23,18.21,Normal Sales,Normal Sales,0,0,-1.0,0,1.0,
2026-04-10 07:00:00,594.42,428.83,23.87,40.16,37.06,19.83,Normal Sales,Normal Sales,0,0,-1.0,0,1.0,
2026-04-10 08:00:00,539.03,316.8,15.1,35.87,31.44,19.95,Normal Sales,Normal Sales,0,0,-1.0,0,1.0,
2026-04-10 09:00:00,717.86,429.54,22.88,42.5,37.82,22.44,Normal Sales,Normal Sales,0,0,-1.0,0,1.0,
2026-04-10 10:00:00,746.45,477.44,27.4,48.93,34.45,22.99,Normal Sales,Normal Sales,0,0,-1.0,0,1.0,
2026-04-10 11:00:00,780.09,477.22,20.62,45.21,37.53,18.7,Normal Sales,Normal Sales,0,0,-1.0,0,1.0,
2026-04-10 12:00:00,764.7,456.27,25.75,44.08,34.42,21.27,Normal Sales,Normal Sales,0,0,-1.0,0,1.0,
2026-04-10 13:00:00,763.77,500.68,27.24,45.34,35.11,26.91,Normal Sales,Normal Sales,0,0,-1.0,0,1.0,
2026-04-10 14:00:00,859.89,562.75,31.94,50.93,36.19,25.58,Normal Sales,Normal Sales,0,0,-1.0,0,1.0,
2026-04-10 15:00:00,773.83,434.14,25.99,41.99,39.55,24.62,Normal Sales,Normal Sales,0,0,-1.0,0,1.0,
2026-04-10 16:00:00,823.53,525.91,27.69,52.9,38.09,25.75,Normal Sales,Normal Sales,0,0,-1.0,0,1.0,
2026-04-10 17:00:00,1101.63,659.73,37.24,57.04,41.15,25.62,Normal Sales,Normal Sales,0,0,-1.0,0,1.0,
2026-04-10 18:00:00,1066.29,691.0,36.78,56.78,45.03,27.03,Normal Sales,Normal Sales,0,0,-1.0,0,1.0,
2026-04-10 19:00:00,1097.2,661.04,39.59,61.51,44.16,30.09,Normal Sales,Normal Sales,0,0,-1.0,0,1.0,
2026-04-10 20:00:00,1105.55,734.12,40.91,62.01,42.58,29.82,Normal Sales,Normal Sales,0,0,-1.0,0,1.0,
2026-04-10 21:00:00,959.2,608.2,36.35,53.68,38.61,26.04,Normal Sales,Normal Sales,0,0,-1.0,0,1.0,
2026-04-10 22:00:00,890.13,536.22,27.28,52.25,38.04,25.68,Normal Sales,Normal Sales,0,0,-1.0,0,1.0,
2026-04-10 23:00:00,898.68,542.48,32.74,46.81,39.8,26.05,Normal Sales,Normal Sales,0,0,-1.0,0,1.0,
2026-04-11 00:00:00,500.83,278.09,17.04,36.38,31.16,20.37,Weekend Sales,Weekend Sales,0,0,-1.0,0,1.0,
2026-04-11 01:00:00,511.6,285.18,13.98,37.77,33.32,18.0,Weekend Sales,Weekend Sales,0,0,-1.0,0,1.0,
2026-04-11 02:00:00,480.63,285.11,14.79,32.56,28.69,21.41,Weekend Sales,Weekend Sales,0,0,-1.0,0,1.0,
2026-04-11 03:00:00,526.56,294.64,16.48,33.22,32.43,18.68,Weekend Sales,Weekend Sales,0,0,-1.0,0,1.0,
2026-04-11 04:00:00,491.45,354.77,18.63,35.88,30.83,22.96,Weekend Sales,Weekend Sales,0,0,-1.0,0,1.0,
2026-04-11 05:00:00,460.7,266.57,17.56,34.29,32.22,22.93,Weekend Sales,Weekend Sales,0,0,-1.0,0,1.0,
2026-04-11 06:00:00,734.32,437.57,23.5,40.73,39.0,24.09,Weekend Sales,Weekend Sales,0,0,-1.0,0,1.0,
2026-04-11 07:00:00,766.16,505.35,26.97,44.51,36.92,22.89,Weekend Sales,Weekend Sales,0,0,-1.0,0,1.0,
2026-04-11 08:00:00,731.37,481.75,26.16,45.9,36.25,25.65,Weekend Sales,Weekend Sales,0,0,-1.0,0,1.0,
2026-04-11 09:00:00,916.9,513.57,29.19,50.92,40.48,23.56,Weekend Sales,Weekend Sales,0,0,-1.0,0,1.0,
2026-04-11 10:00:00,894.74,567.1,31.47,50.36,42.86,24.28,Weekend Sales,Weekend Sales,0,0,-1.0,0,1.0,
2026-04-11 11:00:00,1032.76,641.11,31.59,54.66,43.48,27.3,Weekend Sales,Weekend Sales,0,0,-1.0,0,1.0,
2026-04-11 12:00:00,878.63,540.64,28.02,50.59,40.48,23.4,Weekend Sales,Weekend Sales,0,0,-1.0,0,1.0,
2026-04-11 13:00:00,1022.76,653.03,34.2,52.86,39.03,29.03,Weekend Sales,Weekend Sales,0,0,-1.0,0,1.0,
2026-04-11 14:00:00,1076.56,650.37,35.78,59.7,40.35,24.36,Weekend Sales,Weekend Sales,0,0,-1.0,0,1.0,
2026-04-11 15:00:00,1084.3,669.5,35.4,58.43,44.11,24.32,Weekend Sales,Weekend Sales,0,0,-1.0,0,1.0,
2026-04-11 16:00:00,1025.58,693.8,39.33,59.12,43.78,29.38,Weekend Sales,Weekend Sales,0,0,-1.0,0,1.0,
2026-04-11 17:00:00,1566.58,989.23,55.49,74.24,50.98,35.55,Weekend Sales,Weekend Sales,0,0,-1.0,0,1.0,
2026-04-11 18:00:00,1507.53,905.46,48.22,70.1,47.74,33.63,Weekend Sales,Weekend Sales,0,0,-1.0,0,1.0,
2026-04-11 19:00:00,1494.21,936.47,53.4,70.94,52.07,37.29,Weekend Sales,Weekend Sales,0,0,-1.0,0,1.0,
2026-04-11 20:00:00,1544.54,961.45,53.52,76.59,52.7,38.71,Weekend Sales,Weekend Sales,0,0,-1.0,0,1.0,
2026-04-11 21:00:00,1174.19,741.87,43.49,59.22,43.32,30.58,Weekend Sales,Weekend Sales,0,0,-1.0,0,1.0,
2026-04-11 22:00:00,1224.48,782.06,42.55,59.22,45.31,29.71,Weekend Sales,Weekend Sales,0,0,-1.0,0,1.0,
2026-04-11 23:00:00,1084.48,640.78,35.9,58.91,42.51,28.44,Weekend Sales,Weekend Sales,0,0,-1.0,0,1.0,
2026-04-12 00:00:00,532.17,291.33,17.06,35.34,34.18,18.32,Weekend Sales,Weekend Sales,0,0,-1.0,0,1.0,
2026-04-12 01:00:00,481.9,302.29,19.92,37.61,31.18,16.88,Weekend Sales,Weekend Sales,0,0,-1.0,0,1.0,
2026-04-12 02:00:00,460.19,318.22,15.59,35.19,34.47,16.73,Weekend Sales,Weekend Sales,0,0,-1.0,0,1.0,
2026-04-12 03:00:00,539.94,328.42,15.77,36.48,31.73,21.09,Weekend Sales,Weekend Sales,0,0,-1.0,0,1.0,
2026-04-12 04:00:00,486.17,253.63,13.51,29.91,32.67,15.97,Weekend Sales,Weekend Sales,0,0,-1.0,0,1.0,
2026-04-12 05:00:00,490.19,308.48,16.54,36.43,33.69,17.4,Weekend Sales,Weekend Sales,0,0,-1.0,0,1.0,
2026-04-12 06:00:00,723.42,365.28,20.59,39.47,34.33,21.76,Weekend Sales,Weekend Sales,0,0,-1.0,0,1.0,
2026-04-12 07:00:00,768.31,464.45,23.66,45.46,34.39,22.29,Weekend Sales,Weekend Sales,0,0,-1.0,0,1.0,
2026-04-12 08:00:00,770.12,479.03,22.59,41.22,37.42,25.7,Weekend Sales,Weekend Sales,0,0,-1.0,0,1.0,
2026-04-12 09:00:00,872.31,552.07,33.02,54.54,39.49,26.82,Weekend Sales,Weekend Sales,0,0,-1.0,0,1.0,
2026-04-12 10:00:00,847.84,578.16,30.65,48.47,37.9,29.48,Weekend Sales,Weekend Sales,0,0,-1.0,0,1.0,
2026-04-12 11:00:00,1053.85,656.52,38.1,56.08,39.84,31.37,Weekend Sales,Weekend Sales,0,0,-1.0,0,1.0,
2026-04-12 12:00:00,919.55,608.51,36.07,54.27,43.29,31.68,Weekend Sales,Weekend Sales,0,0,-1.0,0,1.0,
2026-04-12 13:00:00,1051.43,631.67,31.01,60.45,40.99,30.06,Weekend Sales,Weekend Sales,0,0,-1.0,0,1.0,
2026-04-12 14:00:00,1021.41,671.73,35.55,53.42,40.95,27.73,Weekend Sales,Weekend Sales,0,0,-1.0,0,1.0,
2026-04-12 15:00:00,1092.35,675.97,38.43,56.43,41.24,27.73,Weekend Sales,Weekend Sales,0,0,-1.0,0,1.0,
2026-04-12 16:00:00,1169.18,730.52,36.21,58.93,44.07,33.95,Weekend Sales,Weekend Sales,0,0,-1.0,0,1.0,
2026-04-12 17:00:00,1584.88,959.58,57.61,73.78,53.44,33.68,Weekend Sales,Weekend Sales,0,0,-1.0,0,1.0,
2026-04-12 18:00:00,1326.6,787.28,36.8,69.32,46.98,29.83,Weekend Sales,Weekend Sales,0,0,-1.0,0,1.0,
2026-04-12 19:00:00,1541.46,960.44,54.07,76.58,49.62,34.25,Weekend Sales,Weekend Sales,0,0,-1.0,0,1.0,
2026-04-12 20:00:00,1569.73,993.29,54.83,80.7,49.81,35.03,Weekend Sales,Weekend Sales,0,0,-1.0,0,1.0,
2026-04-12 21:00:00,1196.89,725.2,40.88,58.13,43.55,33.91,Weekend Sales,Weekend Sales,0,0,-1.0,0,1.0,
2026-04-12 22:00:00,1148.6,692.16,40.41,55.71,42.14,30.46,Weekend Sales,Weekend Sales,0,0,-1.0,0,1.0,
2026-04-12 23:00:00,1227.39,791.49,42.04,64.93,43.93,30.58,Weekend Sales,Weekend Sales,0,0,-1.0,0,1.0,
2026-04-13 00:00:00,402.99,236.11,13.54,32.24,28.71,19.84,Normal Sales,Normal Sales,0,0,-1.0,0,1.0,
2026-04-13 01:00:00,390.77,192.62,11.15,27.86,32.84,13.92,Normal Sales,Normal Sales,0,0,-1.0,0,1.0,
2026-04-13 02:00:00,373.35,240.52,13.34,33.72,27.31,21.32,Normal Sales,Normal Sales,0,0,-1.0,0,1.0,
2026-04-13 03:00:00,390.1,275.86,16.92,33.51,28.06,17.77,Normal Sales,Normal Sales,0,0,-1.0,0,1.0,
2026-04-13 04:00:00,410.33,289.04,14.66,27.24,30.55,18.65,Normal Sales,Normal Sales,0,0,-1.0,0,1.0,
2026-04-13 05:00:00,375.37,245.94,15.28,34.55,31.27,14.55,Normal Sales,Normal Sales,0,0,-1.0,0,1.0,
2026-04-13 06:00:00,539.7,392.21,22.32,40.89,33.89,22.64,Normal Sales,Normal Sales,0,0,-1.0,0,1.0,
2026-04-13 07:00:00,483.64,293.87,16.09,38.3,32.32,16.05,Normal Sales,Normal Sales,0,0,-1.0,0,1.0,
2026-04-13 08:00:00,560.87,327.64,15.59,35.15,34.62,22.71,Normal Sales,Normal Sales,0,0,-1.0,0,1.0,
2026-04-13 09:00:00,735.34,471.71,26.89,45.36,37.89,18.96,Normal Sales,Normal Sales,0,0,-1.0,0,1.0,
2026-04-13 10:00:00,721.99,421.51,25.51,42.38,36.34,19.53,Normal Sales,Normal Sales,0,0,-1.0,0,1.0,
2026-04-13 11:00:00,754.51,483.48,27.71,43.76,35.28,24.53,Normal Sales,Normal Sales,0,0,-1.0,0,1.0,
2026-04-13 12:00:00,693.07,440.58,19.91,42.15,39.38,23.89,Normal Sales,Normal Sales,0,0,-1.0,0,1.0,
2026-04-13 13:00:00,809.17,551.32,25.65,47.24,36.95,27.5,Normal Sales,Normal Sales,0,0,-1.0,0,1.0,
2026-04-13 14:00:00,837.61,497.67,29.37,46.09,40.66,22.38,Normal Sales,Normal Sales,0,0,-1.0,0,1.0,
2026-04-13 15:00:00,797.53,482.21,28.63,44.77,37.47,25.07,Normal Sales,Normal Sales,0,0,-1.0,0,1.0,
2026-04-13 16:00:00,824.35,533.27,29.75,47.55,37.31,25.38,Normal Sales,Normal Sales,0,0,-1.0,0,1.0,
2026-04-13 17:00:00,1154.59,712.17,39.21,55.49,44.96,30.17,Normal Sales,Normal Sales,0,0,-1.0,0,1.0,
2026-04-13 18:00:00,1197.49,742.45,37.36,60.09,43.96,32.05,Normal Sales,Normal Sales,0,0,-1.0,0,1.0,
2026-04-13 19:00:00,1022.32,634.87,35.95,53.09,41.53,26.62,Normal Sales,Normal Sales,0,0,-1.0,0,1.0,
2026-04-13 20:00:00,1098.76,671.02,35.48,58.7,41.21,26.97,Normal Sales,Normal Sales,0,0,-1.0,0,1.0,
2026-04-13 21:00:00,965.35,622.54,30.52,51.83,40.9,28.21,Normal Sales,Normal Sales,0,0,-1.0,0,1.0,
2026-04-13 22:00:00,820.85,537.89,31.23,49.98,40.67,26.35,Normal Sales,Normal Sales,0,0,-1.0,0,1.0,
2026-04-13 23:00:00,906.84,601.18,35.27,50.2,40.68,25.7,Normal Sales,Normal Sales,0,0,-1.0,0,1.0,
2026-04-14 00:00:00,389.9,253.66,11.18,32.23,31.16,17.47,Normal Sales,Normal Sales,0,0,-1.0,0,1.0,
2026-04-14 01:00:00,386.3,259.65,14.22,33.34,33.33,19.44,Normal Sales,Normal Sales,0,0,-1.0,0,1.0,
2026-04-14 02:00:00,384.14,214.21,13.12,31.54,33.1,17.45,Normal Sales,Normal Sales,0,0,-1.0,0,1.0,
2026-04-14 03:00:00,345.78,171.88,10.92,27.08,30.75,16.53,Normal Sales,Normal Sales,0,0,-1.0,0,1.0,
2026-04-14 04:00:00,377.15,231.42,11.0,31.39,29.24,17.04,Normal Sales,Normal Sales,0,0,-1.0,0,1.0,
2026-04-14 05:00:00,374.16,226.31,14.29,30.85,32.41,20.73,Normal Sales,Normal Sales,0,0,-1.0,0,1.0,
2026-04-14 06:00:00,572.83,368.52,20.92,41.33,33.92,23.18,Normal Sales,Normal Sales,0,0,-1.0,0,1.0,
2026-04-14 07:00:00,566.22,342.06,20.6,38.15,33.41,19.6,Normal Sales,Normal Sales,0,0,-1.0,0,1.0,
2026-04-14 08:00:00,553.91,368.33,22.04,39.89,34.62,23.75,Normal Sales,Normal Sales,0,0,-1.0,0,1.0,
2026-04-14 09:00:00,712.99,414.17,25.38,41.02,34.74,18.76,Normal Sales,Normal Sales,0,0,-1.0,0,1.0,
2026-04-14 10:00:00,738.9,417.58,21.47,44.17,38.01,21.14,Normal Sales,Normal Sales,0,0,-1.0,0,1.0,
2026-04-14 11:00:00,713.56,420.59,22.04,43.3,35.13,22.03,Normal Sales,Normal Sales,0,0,-1.0,0,1.0,
2026-04-14 12:00:00,665.77,441.1,25.28,45.16,37.9,21.38,Normal Sales,Normal Sales,0,0,-1.0,0,1.0,
2026-04-14 13:00:00,788.51,441.5,30.56,43.8,39.48,20.56,Normal Sales,Normal Sales,0,0,-1.0,0,1.0,
2026-04-14 14:00:00,842.89,569.03,31.18,47.82,38.05,21.77,Normal Sales,Normal Sales,0,0,-1.0,0,1.0,
2026-04-14 15:00:00,801.37,517.37,28.38,46.98,38.68,26.14,Normal Sales,Normal Sales,0,0,-1.0,0,1.0,
2026-04-14 16:00:00,736.26,458.7,30.1,41.19,36.35,27.35,Normal Sales,Normal Sales,0,0,-1.0,0,1.0,
2026-04-14 17:00:00,1203.94,733.61,40.76,60.64,42.97,30.19,Normal Sales,Normal Sales,0,0,-1.0,0,1.0,
2026-04-14 18:00:00,1124.98,700.31,37.02,55.32,43.04,32.94,Normal Sales,Normal Sales,0,0,-1.0,0,1.0,
2026-04-14 19:00:00,1145.64,702.01,40.12,58.36,47.21,29.54,Normal Sales,Normal Sales,0,0,-1.0,0,1.0,
2026-04-14 20:00:00,1180.92,713.3,40.24,60.23,43.96,28.83,Normal Sales,Normal Sales,0,0,-1.0,0,1.0,
2026-04-14 21:00:00,859.1,539.7,30.94,48.84,39.18,25.42,Normal Sales,Normal Sales,0,0,-1.0,0,1.0,
2026-04-14 22:00:00,891.78,547.89,30.17,56.53,39.78,26.99,Normal Sales,Normal Sales,0,0,-1.0,0,1.0,
2026-04-14 23:00:00,906.84,555.67,33.15,49.53,41.53,25.22,Normal Sales,Normal Sales,0,0,-1.0,0,1.0,
2026-04-15 00:00:00,362.25,233.73,10.65,32.75,27.77,17.21,Normal Sales,Normal Sales,0,0,-1.0,0,1.0,
2026-04-15 01:00:00,353.28,289.63,12.62,33.88,32.29,21.31,Normal Sales,Normal Sales,0,0,-1.0,0,1.0,
2026-04-15 02:00:00,396.71,238.03,15.79,34.17,31.17,18.43,Normal Sales,Normal Sales,0,0,-1.0,0,1.0,
2026-04-15 03:00:00,374.73,209.59,14.0,33.71,28.6,16.93,Normal Sales,Normal Sales,0,0,-1.0,0,1.0,
2026-04-15 04:00:00,377.79,233.41,12.97,33.89,28.93,16.14,Normal Sales,Normal Sales,0,0,-1.0,0,1.0,
2026-04-15 05:00:00,404.04,238.94,10.62,30.77,30.21,21.08,Normal Sales,Normal Sales,0,0,-1.0,0,1.0,
2026-04-15 06:00:00,575.05,385.22,22.83,42.3,32.4,21.23,Normal Sales,Normal Sales,0,0,-1.0,0,1.0,
2026-04-15 07:00:00,522.43,318.64,18.89,36.85,35.5,17.68,Normal Sales,Normal Sales,0,0,-1.0,0,1.0,
2026-04-15 08:00:00,563.38,318.09,17.68,38.67,33.15,21.05,Normal Sales,Normal Sales,0,0,-1.0,0,1.0,
2026-04-15 09:00:00,684.26,382.65,22.16,45.05,33.64,24.01,Normal Sales,Normal Sales,0,0,-1.0,0,1.0,
2026-04-15 10:00:00,720.31,413.2,20.46,42.4,35.44,19.7,Normal Sales,Normal Sales,0,0,-1.0,0,1.0,
2026-04-15 11:00:00,657.87,386.71,21.66,40.65,34.18,22.07,Normal Sales,Normal Sales,0,0,-1.0,0,1.0,
2026-04-15 12:00:00,756.13,478.65,26.08,47.91,34.93,23.52,Normal Sales,Normal Sales,0,0,-1.0,0,1.0,
2026-04-15 13:00:00,795.23,462.12,24.58,39.97,41.34,21.68,Normal Sales,Normal Sales,0,0,-1.0,0,1.0,
2026-04-15 14:00:00,867.02,538.5,30.75,47.95,39.16,26.76,Normal Sales,Normal Sales,0,0,-1.0,0,1.0,
2026-04-15 15:00:00,830.0,533.97,28.63,47.47,34.92,26.4,Normal Sales,Normal Sales,0,0,-1.0,0,1.0,
2026-04-15 16:00:00,846.78,565.41,31.71,48.3,35.0,28.22,Normal Sales,Normal Sales,0,0,-1.0,0,1.0,
2026-04-15 17:00:00,1039.02,635.68,34.51,54.74,41.73,28.17,Normal Sales,Normal Sales,0,0,-1.0,0,1.0,
2026-04-15 18:00:00,1003.68,622.65,29.79,55.88,39.95,23.25,Normal Sales,Normal Sales,0,0,-1.0,0,1.0,
2026-04-15 19:00:00,1095.07,664.69,38.94,57.16,43.31,30.98,Normal Sales,Normal Sales,0,0,-1.0,0,1.0,
2026-04-15 20:00:00,1136.06,723.21,41.14,56.42,46.26,27.24,Normal Sales,Normal Sales,0,0,-1.0,0,1.0,
2026-04-15 21:00:00,928.59,537.8,30.78,54.28,39.36,24.93,Normal Sales,Normal Sales,0,0,-1.0,0,1.0,
2026-04-15 22:00:00,914.97,559.05,34.38,50.96,38.91,24.9,Normal Sales,Normal Sales,0,0,-1.0,0,1.0,
2026-04-15 23:00:00,846.45,509.11,27.3,46.46,37.07,28.93,Normal Sales,Normal Sales,0,0,-1.0,0,1.0,
2026-04-16 00:00:00,361.1,227.55,13.7,32.7,30.02,17.21,Normal Sales,Normal Sales,0,0,-1.0,0,1.0,
2026-04-16 01:00:00,389.31,248.03,13.12,28.37,29.68,15.91,Normal Sales,Normal Sales,0,0,-1.0,0,1.0,
2026-04-16 02:00:00,368.01,229.0,13.31,35.7,29.18,19.27,Normal Sales,Normal Sales,0,0,-1.0,0,1.0,
2026-04-16 03:00:00,386.54,272.05,16.12,30.81,27.13,19.42,Normal Sales,Normal Sales,0,0,-1.0,0,1.0,
2026-04-16 04:00:00,370.65,205.3,8.76,30.61,33.32,16.32,Normal Sales,Normal Sales,0,0,-1.0,0,1.0,
2026-04-16 05:00:00,391.95,240.45,10.65,33.79,28.47,18.05,Normal Sales,Normal Sales,0,0,-1.0,0,1.0,
2026-04-16 06:00:00,540.53,357.45,17.54,39.39,31.51,19.91,Normal Sales,Normal Sales,0,0,-1.0,0,1.0,
2026-04-16 07:00:00,449.96,331.28,19.32,34.59,29.4,19.29,Normal Sales,Normal Sales,0,0,-1.0,0,1.0,
2026-04-16 08:00:00,569.63,305.87,16.54,40.75,31.42,19.81,Normal Sales,Normal Sales,0,0,-1.0,0,1.0,
2026-04-16 09:00:00,798.35,510.78,28.34,48.64,36.77,27.37,Normal Sales,Normal Sales,0,0,-1.0,0,1.0,
2026-04-16 10:00:00,704.76,387.97,20.56,38.68,35.42,21.18,Normal Sales,Normal Sales,0,0,-1.0,0,1.0,
2026-04-16 11:00:00,762.18,489.93,27.47,46.14,34.84,19.89,Normal Sales,Normal Sales,0,0,-1.0,0,1.0,
2026-04-16 12:00:00,723.19,468.25,25.54,43.52,37.22,23.54,Normal Sales,Normal Sales,0,0,-1.0,0,1.0,
2026-04-16 13:00:00,871.47,571.13,33.33,52.57,36.23,27.6,Normal Sales,Normal Sales,0,0,-1.0,0,1.0,
2026-04-16 14:00:00,818.85,522.85,29.74,49.21,43.32,24.92,Normal Sales,Normal Sales,0,0,-1.0,0,1.0,
2026-04-16 15:00:00,841.35,509.86,29.62,50.02,39.03,28.09,Normal Sales,Normal Sales,0,0,-1.0,0,1.0,
2026-04-16 16:00:00,768.19,464.1,25.95,47.23,37.42,26.17,Normal Sales,Normal Sales,0,0,-1.0,0,1.0,
2026-04-16 17:00:00,1104.35,656.18,36.71,56.17,43.86,28.35,Normal Sales,Normal Sales,0,0,-1.0,0,1.0,
2026-04-16 18:00:00,1122.72,694.21,38.24,57.46,42.68,28.55,Normal Sales,Normal Sales,0,0,-1.0,0,1.0,
2026-04-16 19:00:00,1191.06,743.31,45.4,61.38,43.15,35.92,Normal Sales,Normal Sales,0,0,-1.0,0,1.0,
2026-04-16 20:00:00,1165.76,747.52,42.3,62.52,44.89,28.48,Normal Sales,Normal Sales,0,0,-1.0,0,1.0,
2026-04-16 21:00:00,904.65,527.76,28.68,47.17,40.09,25.86,Normal Sales,Normal Sales,0,0,-1.0,0,1.0,
2026-04-16 22:00:00,909.7,571.2,30.2,50.33,41.31,28.42,Normal Sales,Normal Sales,0,0,-1.0,0,1.0,
2026-04-16 23:00:00,837.39,480.91,25.0,48.95,40.67,22.17,Normal Sales,Normal Sales,0,0,-1.0,0,1.0,
2026-04-17 00:00:00,386.76,285.65,16.54,37.5,32.57,17.32,Normal Sales,Normal Sales,0,0,-1.0,0,1.0,
2026-04-17 01:00:00,377.29,234.79,13.12,33.87,31.23,12.0,Normal Sales,Normal Sales,0,0,-1.0,0,1.0,
2026-04-17 02:00:00,355.91,165.98,9.48,28.92,30.62,14.23,Normal Sales,Normal Sales,0,0,-1.0,0,1.0,
2026-04-17 03:00:00,393.75,262.03,11.9,29.28,30.69,22.13,Normal Sales,Normal Sales,0,0,-1.0,0,1.0,
2026-04-17 04:00:00,413.28,270.32,13.41,35.69,30.12,17.22,Normal Sales,Normal Sales,0,0,-1.0,0,1.0,
2026-04-17 05:00:00,340.08,213.41,10.48,30.57,25.18,17.67,Normal Sales,Normal Sales,0,0,-1.0,0,1.0,
2026-04-17 06:00:00,483.32,326.86,19.02,35.88,33.34,18.22,Normal Sales,Normal Sales,0,0,-1.0,0,1.0,
2026-04-17 07:00:00,552.19,362.23,13.73,37.6,33.34,20.66,Normal Sales,Normal Sales,0,0,-1.0,0,1.0,
2026-04-17 08:00:00,590.29,337.88,17.34,33.14,37.06,19.95,Normal Sales,Normal Sales,0,0,-1.0,0,1.0,
2026-04-17 09:00:00,703.72,435.0,25.2,44.07,41.26,23.78,Normal Sales,Normal Sales,0,0,-1.0,0,1.0,
2026-04-17 10:00:00,702.76,421.68,22.41,38.84,36.03,24.11,Normal Sales,Normal Sales,0,0,-1.0,0,1.0,
2026-04-17 11:00:00,697.43,412.22,25.7,38.56,31.72,20.0,Normal Sales,Normal Sales,0,0,-1.0,0,1.0,
2026-04-17 12:00:00,664.08,421.38,22.45,41.73,37.6,21.15,Normal Sales,Normal Sales,0,0,-1.0,0,1.0,
2026-04-17 13:00:00,835.31,555.67,29.65,51.53,37.72,27.74,Normal Sales,Normal Sales,0,0,-1.0,0,1.0,
2026-04-17 14:00:00,740.96,418.26,22.22,40.53,35.56,22.02,Normal Sales,Normal Sales,0,0,-1.0,0,1.0,
2026-04-17 15:00:00,833.09,506.33,26.2,46.57,36.62,22.79,Normal Sales,Normal Sales,0,0,-1.0,0,1.0,
2026-04-17 16:00:00,739.29,460.1,24.17,47.03,33.67,22.42,Normal Sales,Normal Sales,0,0,-1.0,0,1.0,
2026-04-17 17:00:00,1246.31,749.22,40.73,58.65,42.49,33.83,Normal Sales,Normal Sales,0,0,-1.0,0,1.0,
2026-04-17 18:00:00,1152.5,717.89,36.09,60.42,45.91,32.25,Normal Sales,Normal Sales,0,0,-1.0,0,1.0,
2026-04-17 19:00:00,1180.91,703.93,39.34,60.79,40.49,27.36,Normal Sales,Normal Sales,0,0,-1.0,0,1.0,
2026-04-17 20:00:00,1193.47,761.86,38.8,63.82,44.48,32.61,Normal Sales,Normal Sales,0,0,-1.0,0,1.0,
2026-04-17 21:00:00,860.59,549.7,31.92,48.74,38.67,24.45,Normal Sales,Normal Sales,0,0,-1.0,0,1.0,
2026-04-17 22:00:00,962.19,593.55,30.8,50.62,40.61,28.35,Normal Sales,Normal Sales,0,0,-1.0,0,1.0,
2026-04-17 23:00:00,829.43,560.44,31.44,51.02,37.91,26.05,Normal Sales,Normal Sales,0,0,-1.0,0,1.0,
2026-04-18 00:00:00,500.28,335.62,18.44,39.02,31.64,20.78,Weekend Sales,Weekend Sales,0,0,-1.0,0,1.0,
2026-04-18 01:00:00,483.75,330.34,16.5,35.92,31.59,19.55,Weekend Sales,Weekend Sales,0,0,-1.0,0,1.0,
2026-04-18 02:00:00,522.22,315.86,20.16,34.35,33.22,18.34,Weekend Sales,Weekend Sales,0,0,-1.0,0,1.0,
2026-04-18 03:00:00,514.62,318.67,17.22,39.43,31.44,21.14,Weekend Sales,Weekend Sales,0,0,-1.0,0,1.0,
2026-04-18 04:00:00,484.64,303.29,14.29,33.87,32.07,23.21,Weekend Sales,Weekend Sales,0,0,-1.0,0,1.0,
2026-04-18 05:00:00,506.55,355.43,19.99,37.08,35.69,21.76,Weekend Sales,Weekend Sales,0,0,-1.0,0,1.0,
2026-04-18 06:00:00,704.62,448.63,24.09,38.85,37.85,25.41,Weekend Sales,Weekend Sales,0,0,-1.0,0,1.0,
2026-04-18 07:00:00,794.92,503.41,27.19,49.1,39.21,27.86,Weekend Sales,Weekend Sales,0,0,-1.0,0,1.0,
2026-04-18 08:00:00,726.4,446.23,23.11,45.23,33.25,24.71,Weekend Sales,Weekend Sales,0,0,-1.0,0,1.0,
2026-04-18 09:00:00,980.01,622.23,34.5,57.67,42.4,26.34,Weekend Sales,Weekend Sales,0,0,-1.0,0,1.0,
2026-04-18 10:00:00,923.98,550.88,31.4,47.68,41.87,28.42,Weekend Sales,Weekend Sales,0,0,-1.0,0,1.0,
2026-04-18 11:00:00,910.18,559.68,30.82,52.68,42.69,22.62,Weekend Sales,Weekend Sales,0,0,-1.0,0,1.0,
2026-04-18 12:00:00,936.88,574.22,28.78,50.12,40.78,25.8,Weekend Sales,Weekend Sales,0,0,-1.0,0,1.0,
2026-04-18 13:00:00,981.85,680.6,37.97,56.76,38.5,29.54,Weekend Sales,Weekend Sales,0,0,-1.0,0,1.0,
2026-04-18 14:00:00,1055.29,607.07,31.25,55.75,45.83,27.91,Weekend Sales,Weekend Sales,0,0,-1.0,0,1.0,
2026-04-18 15:00:00,1122.71,692.19,37.9,60.86,46.41,31.91,Weekend Sales,Weekend Sales,0,0,-1.0,0,1.0,
2026-04-18 16:00:00,1007.3,622.85,34.81,53.44,41.9,29.21,Weekend Sales,Weekend Sales,0,0,-1.0,0,1.0,
2026-04-18 17:00:00,1587.86,1026.62,55.81,73.49,51.71,41.43,Weekend Sales,Weekend Sales,0,0,-1.0,0,1.0,
2026-04-18 18:00:00,1475.98,932.28,52.67,72.24,49.11,33.46,Weekend Sales,Weekend Sales,0,0,-1.0,0,1.0,
2026-04-18 19:00:00,1339.54,802.72,43.37,67.58,46.57,31.03,Weekend Sales,Weekend Sales,0,0,-1.0,0,1.0,
2026-04-18 20:00:00,1444.68,912.12,52.88,73.26,49.77,31.85,Weekend Sales,Weekend Sales,0,0,-1.0,0,1.0,
2026-04-18 21:00:00,1155.35,765.0,44.32,57.82,43.53,31.85,Weekend Sales,Weekend Sales,0,0,-1.0,0,1.0,
2026-04-18 22:00:00,1131.22,643.62,35.6,54.04,41.66,27.38,Weekend Sales,Weekend Sales,0,0,-1.0,0,1.0,
2026-04-18 23:00:00,1168.17,724.04,38.05,59.38,40.34,30.72,Weekend Sales,Weekend Sales,0,0,-1.0,0,1.0,
2026-04-19 00:00:00,432.26,260.76,16.18,30.54,32.78,20.83,Weekend Sales,Weekend Sales,0,0,-1.0,0,1.0,
2026-04-19 01:00:00,420.87,257.16,8.39,32.64,31.14,13.46,Weekend Sales,Weekend Sales,0,0,-1.0,0,1.0,
2026-04-19 02:00:00,552.81,349.89,17.55,41.83,29.81,18.29,Weekend Sales,Weekend Sales,0,0,-1.0,0,1.0,
2026-04-19 03:00:00,446.3,321.73,18.36,37.7,32.19,21.19,Weekend Sales,Weekend Sales,0,0,-1.0,0,1.0,
2026-04-19 04:00:00,506.24,320.64,17.85,34.96,32.51,20.56,Weekend Sales,Weekend Sales,0,0,-1.0,0,1.0,
2026-04-19 05:00:00,507.06,277.43,12.57,37.25,32.01,20.11,Weekend Sales,Weekend Sales,0,0,-1.0,0,1.0,
2026-04-19 06:00:00,688.62,390.12,19.77,40.51,34.38,24.34,Weekend Sales,Weekend Sales,0,0,-1.0,0,1.0,
2026-04-19 07:00:00,734.93,501.88,28.41,40.43,38.61,21.53,Weekend Sales,Weekend Sales,0,0,-1.0,0,1.0,
2026-04-19 08:00:00,736.79,437.44,28.34,47.18,35.04,22.68,Weekend Sales,Weekend Sales,0,0,-1.0,0,1.0,
2026-04-19 09:00:00,964.17,619.37,34.12,51.02,38.96,27.48,Weekend Sales,Weekend Sales,0,0,-1.0,0,1.0,
2026-04-19 10:00:00,1011.31,637.71,33.53,56.41,40.42,29.72,Weekend Sales,Weekend Sales,0,0,-1.0,0,1.0,
2026-04-19 11:00:00,1072.87,656.21,37.69,54.25,42.01,28.46,Weekend Sales,Weekend Sales,0,0,-1.0,0,1.0,
2026-04-19 12:00:00,943.29,646.42,34.94,56.1,36.18,29.02,Weekend Sales,Weekend Sales,0,0,-1.0,0,1.0,
2026-04-19 13:00:00,1125.37,684.54,32.63,57.71,43.17,30.56,Weekend Sales,Weekend Sales,0,0,-1.0,0,1.0,
2026-04-19 14:00:00,1171.62,716.9,37.72,56.72,44.31,30.88,Weekend Sales,Weekend Sales,0,0,-1.0,0,1.0,
2026-04-19 15:00:00,1035.54,661.5,37.31,56.16,39.8,27.57,Weekend Sales,Weekend Sales,0,0,-1.0,0,1.0,
2026-04-19 16:00:00,935.25,585.75,32.27,52.31,40.91,27.42,Weekend Sales,Weekend Sales,0,0,-1.0,0,1.0,
2026-04-19 17:00:00,1504.47,933.99,48.56,70.61,49.68,33.88,Weekend Sales,Weekend Sales,0,0,-1.0,0,1.0,
2026-04-19 18:00:00,1577.89,961.82,53.33,74.2,52.32,37.85,Weekend Sales,Weekend Sales,0,0,-1.0,0,1.0,
2026-04-19 19:00:00,1565.32,917.85,52.87,75.64,49.65,35.42,Weekend Sales,Weekend Sales,0,0,-1.0,0,1.0,
2026-04-19 20:00:00,1445.44,847.46,45.13,66.35,47.86,31.27,Weekend Sales,Weekend Sales,0,0,-1.0,0,1.0,
2026-04-19 21:00:00,1133.49,702.49,37.1,60.04,44.63,34.32,Weekend Sales,Weekend Sales,0,0,-1.0,0,1.0,
2026-04-19 22:00:00,1242.87,776.66,41.48,63.63,45.78,30.39,Weekend Sales,Weekend Sales,0,0,-1.0,0,1.0,
2026-04-19 23:00:00,1222.75,723.15,39.28,61.71,44.21,29.67,Weekend Sales,Weekend Sales,0,0,-1.0,0,1.0,
2026-04-20 00:00:00,378.87,214.01,14.12,28.12,31.08,18.18,Normal Sales,Normal Sales,0,0,-1.0,0,1.0,
2026-04-20 01:00:00,363.41,227.14,10.67,34.61,27.9,16.37,Normal Sales,Normal Sales,0,0,-1.0,0,1.0,
2026-04-20 02:00:00,358.15,188.11,13.53,30.69,30.37,15.39,Normal Sales,Normal Sales,0,0,-1.0,0,1.0,
2026-04-20 03:00:00,398.81,226.66,14.05,29.21,29.49,19.18,Normal Sales,Normal Sales,0,0,-1.0,0,1.0,
2026-04-20 04:00:00,397.98,261.68,12.29,31.84,31.08,16.84,Normal Sales,Normal Sales,0,0,-1.0,0,1.0,
2026-04-20 05:00:00,407.65,192.7,9.04,28.66,25.24,14.02,Normal Sales,Normal Sales,0,0,-1.0,0,1.0,
2026-04-20 06:00:00,568.29,353.09,22.57,42.3,34.53,21.45,Normal Sales,Normal Sales,0,0,-1.0,0,1.0,
2026-04-20 07:00:00,552.87,276.4,12.41,35.11,34.63,19.49,Normal Sales,Normal Sales,0,0,-1.0,0,1.0,
2026-04-20 08:00:00,526.47,349.85,22.21,40.3,34.93,19.63,Normal Sales,Normal Sales,0,0,-1.0,0,1.0,
2026-04-20 09:00:00,759.38,474.46,27.12,46.34,36.67,22.14,Normal Sales,Normal Sales,0,0,-1.0,0,1.0,
2026-04-20 10:00:00,717.65,469.61,24.95,47.11,37.67,23.14,Normal Sales,Normal Sales,0,0,-1.0,0,1.0,
2026-04-20 11:00:00,770.65,468.92,28.81,46.35,37.07,21.95,Normal Sales,Normal Sales,0,0,-1.0,0,1.0,
2026-04-20 12:00:00,717.43,439.71,21.67,42.98,34.59,24.16,Normal Sales,Normal Sales,0,0,-1.0,0,1.0,
2026-04-20 13:00:00,858.0,501.28,31.0,47.1,36.64,26.05,Normal Sales,Normal Sales,0,0,-1.0,0,1.0,
2026-04-20 14:00:00,787.41,486.15,25.93,44.13,38.83,23.58,Normal Sales,Normal Sales,0,0,-1.0,0,1.0,
2026-04-20 15:00:00,747.54,477.25,23.84,42.57,39.09,21.54,Normal Sales,Normal Sales,0,0,-1.0,0,1.0,
2026-04-20 16:00:00,712.11,457.08,24.53,43.72,35.48,23.89,Normal Sales,Normal Sales,0,0,-1.0,0,1.0,
2026-04-20 17:00:00,1101.43,719.79,36.64,60.31,44.01,28.48,Normal Sales,Normal Sales,0,0,-1.0,0,1.0,
2026-04-20 18:00:00,1085.92,698.7,36.45,56.61,44.24,29.54,Normal Sales,Normal Sales,0,0,-1.0,0,1.0,
2026-04-20 19:00:00,1041.66,689.51,36.86,56.35,42.22,30.49,Normal Sales,Normal Sales,0,0,-1.0,0,1.0,
2026-04-20 20:00:00,1256.73,737.67,42.22,63.11,45.09,32.02,Normal Sales,Normal Sales,0,0,-1.0,0,1.0,
2026-04-20 21:00:00,931.75,543.14,33.37,46.0,37.57,25.05,Normal Sales,Normal Sales,0,0,-1.0,0,1.0,
2026-04-20 22:00:00,975.85,597.32,32.79,56.27,39.99,24.58,Normal Sales,Normal Sales,0,0,-1.0,0,1.0,
2026-04-20 23:00:00,871.6,574.66,31.75,55.66,40.29,25.08,Normal Sales,Normal Sales,0,0,-1.0,0,1.0,
2026-04-21 00:00:00,382.67,215.93,10.54,41.98,32.54,19.12,Normal Sales,Normal Sales,0,0,-1.0,0,1.0,
2026-04-21 01:00:00,369.81,268.52,16.97,37.75,33.95,15.75,Normal Sales,Normal Sales,0,0,-1.0,0,1.0,
2026-04-21 02:00:00,360.52,198.43,9.03,30.62,29.0,21.11,Normal Sales,Normal Sales,0,0,-1.0,0,1.0,
2026-04-21 03:00:00,418.05,259.03,18.16,36.72,30.21,14.46,Normal Sales,Normal Sales,0,0,-1.0,0,1.0,
2026-04-21 04:00:00,377.54,217.96,12.4,31.05,30.54,18.5,Normal Sales,Normal Sales,0,0,-1.0,0,1.0,
2026-04-21 05:00:00,358.56,232.59,11.91,31.83,32.01,15.37,Normal Sales,Normal Sales,0,0,-1.0,0,1.0,
2026-04-21 06:00:00,543.59,334.06,17.34,39.63,31.8,19.24,Normal Sales,Normal Sales,0,0,-1.0,0,1.0,
2026-04-21 07:00:00,531.77,357.0,18.65,39.47,36.99,20.78,Normal Sales,Normal Sales,0,0,-1.0,0,1.0,
2026-04-21 08:00:00,582.0,402.62,24.2,40.73,35.18,19.49,Normal Sales,Normal Sales,0,0,-1.0,0,1.0,
2026-04-21 09:00:00,692.87,414.46,27.28,40.16,34.12,20.27,Normal Sales,Normal Sales,0,0,-1.0,0,1.0,
2026-04-21 10:00:00,741.17,463.09,27.64,46.45,33.84,21.96,Normal Sales,Normal Sales,0,0,-1.0,0,1.0,
2026-04-21 11:00:00,770.21,472.44,28.36,45.05,35.16,23.2,Normal Sales,Normal Sales,0,0,-1.0,0,1.0,
2026-04-21 12:00:00,686.09,411.24,23.02,43.27,32.48,22.25,Normal Sales,Normal Sales,0,0,-1.0,0,1.0,
2026-04-21 13:00:00,782.17,468.74,26.05,43.97,40.06,26.09,Normal Sales,Normal Sales,0,0,-1.0,0,1.0,
2026-04-21 14:00:00,853.42,516.75,26.5,48.29,38.21,23.7,Normal Sales,Normal Sales,0,0,-1.0,0,1.0,
2026-04-21 15:00:00,758.44,469.19,25.0,46.9,38.22,25.93,Normal Sales,Normal Sales,0,0,-1.0,0,1.0,
2026-04-21 16:00:00,755.07,478.17,24.84,42.51,35.98,26.09,Normal Sales,Normal Sales,0,0,-1.0,0,1.0,
2026-04-21 17:00:00,1123.78,735.88,41.57,59.12,45.42,31.29,Normal Sales,Normal Sales,0,0,-1.0,0,1.0,
2026-04-21 18:00:00,1091.7,723.33,40.3,59.33,40.85,32.44,Normal Sales,Normal Sales,0,0,-1.0,0,1.0,
2026-04-21 19:00:00,1174.71,744.05,39.91,62.97,45.79,29.26,Normal Sales,Normal Sales,0,0,-1.0,0,1.0,
2026-04-21 20:00:00,1063.97,674.19,33.93,57.23,41.19,31.29,Normal Sales,Normal Sales,0,0,-1.0,0,1.0,
2026-04-21 21:00:00,873.14,569.03,30.27,53.09,42.96,24.09,Normal Sales,Normal Sales,0,0,-1.0,0,1.0,
2026-04-21 22:00:00,903.63,628.97,34.73,53.69,40.94,27.81,Normal Sales,Normal Sales,0,0,-1.0,0,1.0,
2026-04-21 23:00:00,814.6,533.36,25.33,47.48,40.26,24.62,Normal Sales,Normal Sales,0,0,-1.0,0,1.0,
2026-04-22 00:00:00,368.65,250.54,12.08,29.17,30.82,17.9,Normal Sales,Normal Sales,0,0,-1.0,0,1.0,
2026-04-22 01:00:00,358.15,237.98,14.02,30.67,29.51,18.89,Normal Sales,Normal Sales,0,0,-1.0,0,1.0,
2026-04-22 02:00:00,404.63,243.8,14.72,33.62,32.64,18.17,Normal Sales,Normal Sales,0,0,-1.0,0,1.0,
2026-04-22 03:00:00,364.48,214.41,12.48,35.11,29.23,18.97,Normal Sales,Normal Sales,0,0,-1.0,0,1.0,
2026-04-22 04:00:00,375.63,235.65,15.99,33.52,27.9,16.75,Normal Sales,Normal Sales,0,0,-1.0,0,1.0,
2026-04-22 05:00:00,405.88,255.19,11.74,30.68,32.31,20.37,Normal Sales,Normal Sales,0,0,-1.0,0,1.0,
2026-04-22 06:00:00,552.12,404.2,23.88,40.0,31.75,20.16,Normal Sales,Normal Sales,0,0,-1.0,0,1.0,
2026-04-22 07:00:00,560.88,335.53,21.8,41.25,34.8,18.03,Normal Sales,Normal Sales,0,0,-1.0,0,1.0,
2026-04-22 08:00:00,533.09,361.91,18.78,41.36,34.01,21.15,Normal Sales,Normal Sales,0,0,-1.0,0,1.0,
2026-04-22 09:00:00,696.01,429.17,23.98,45.46,34.06,22.2,Normal Sales,Normal Sales,0,0,-1.0,0,1.0,
2026-04-22 10:00:00,722.98,464.81,23.75,41.41,37.64,20.58,Normal Sales,Normal Sales,0,0,-1.0,0,1.0,
2026-04-22 11:00:00,767.71,472.08,22.87,44.18,37.81,22.74,Normal Sales,Normal Sales,0,0,-1.0,0,1.0,
2026-04-22 12:00:00,722.08,466.19,25.24,42.41,35.68,26.48,Normal Sales,Normal Sales,0,0,-1.0,0,1.0,
2026-04-22 13:00:00,874.15,491.48,29.21,47.73,40.71,23.19,Normal Sales,Normal Sales,0,0,-1.0,0,1.0,
2026-04-22 14:00:00,734.94,470.28,23.98,41.57,33.86,24.96,Normal Sales,Normal Sales,0,0,-1.0,0,1.0,
2026-04-22 15:00:00,811.85,522.91,30.1,46.97,37.66,24.05,Normal Sales,Normal Sales,0,0,-1.0,0,1.0,
2026-04-22 16:00:00,797.75,470.42,26.65,48.24,35.93,26.32,Normal Sales,Normal Sales,0,0,-1.0,0,1.0,
2026-04-22 17:00:00,1152.19,720.39,36.22,55.12,43.88,31.59,Normal Sales,Normal Sales,0,0,-1.0,0,1.0,
2026-04-22 18:00:00,1107.23,728.23,41.52,57.36,42.88,35.16,Normal Sales,Normal Sales,0,0,-1.0,0,1.0,
2026-04-22 19:00:00,1074.51,679.4,36.72,58.94,44.8,28.21,Normal Sales,Normal Sales,0,0,-1.0,0,1.0,
2026-04-22 20:00:00,1209.78,805.6,44.44,65.89,43.39,32.18,Normal Sales,Normal Sales,0,0,-1.0,0,1.0,
2026-04-22 21:00:00,883.22,567.52,33.62,50.33,42.08,29.25,Normal Sales,Normal Sales,0,0,-1.0,0,1.0,
2026-04-22 22:00:00,928.82,562.97,29.74,48.73,41.69,23.65,Normal Sales,Normal Sales,0,0,-1.0,0,1.0,
2026-04-22 23:00:00,921.25,544.15,31.58,49.9,42.33,27.89,Normal Sales,Normal Sales,0,0,-1.0,0,1.0,
2026-04-23 00:00:00,409.51,290.42,16.26,31.45,28.86,15.09,Normal Sales,Normal Sales,0,0,-1.0,0,1.0,
2026-04-23 01:00:00,361.39,225.78,11.3,30.6,31.13,17.04,Normal Sales,Normal Sales,0,0,-1.0,0,1.0,
2026-04-23 02:00:00,360.66,222.28,10.43,30.21,32.82,17.02,Normal Sales,Normal Sales,0,0,-1.0,0,1.0,
2026-04-23 03:00:00,415.93,293.67,14.99,31.76,30.97,21.65,Normal Sales,Normal Sales,0,0,-1.0,0,1.0,
2026-04-23 04:00:00,372.73,253.79,16.38,30.47,28.98,19.77,Normal Sales,Normal Sales,0,0,-1.0,0,1.0,
2026-04-23 05:00:00,384.99,221.54,11.48,30.87,27.42,19.07,Normal Sales,Normal Sales,0,0,-1.0,0,1.0,
2026-04-23 06:00:00,538.7,264.4,14.49,32.35,36.54,17.44,Normal Sales,Normal Sales,0,0,-1.0,0,1.0,
2026-04-23 07:00:00,521.62,336.1,17.16,35.35,33.89,18.32,Normal Sales,Normal Sales,0,0,-1.0,0,1.0,
2026-04-23 08:00:00,511.7,360.4,20.98,37.65,32.69,22.02,Normal Sales,Normal Sales,0,0,-1.0,0,1.0,
2026-04-23 09:00:00,756.86,450.35,25.5,43.05,36.49,23.58,Normal Sales,Normal Sales,0,0,-1.0,0,1.0,
2026-04-23 10:00:00,721.49,465.71,26.59,40.96,33.55,22.9,Normal Sales,Normal Sales,0,0,-1.0,0,1.0,
2026-04-23 11:00:00,787.72,467.1,25.27,43.98,36.28,24.03,Normal Sales,Normal Sales,0,0,-1.0,0,1.0,
2026-04-23 12:00:00,772.28,490.21,25.35,53.12,37.29,23.1,Normal Sales,Normal Sales,0,0,-1.0,0,1.0,
2026-04-23 13:00:00,863.59,523.7,32.13,46.3,41.54,25.49,Normal Sales,Normal Sales,0,0,-1.0,0,1.0,
2026-04-23 14:00:00,858.71,579.95,29.63,54.16,35.78,24.4,Normal Sales,Normal Sales,0,0,-1.0,0,1.0,
2026-04-23 15:00:00,774.24,492.62,27.16,45.94,37.45,25.5,Normal Sales,Normal Sales,0,0,-1.0,0,1.0,
2026-04-23 16:00:00,833.59,544.18,33.57,49.1,37.13,26.83,Normal Sales,Normal Sales,0,0,-1.0,0,1.0,
2026-04-23 17:00:00,1080.7,653.06,37.92,55.72,39.96,25.35,Normal Sales,Normal Sales,0,0,-1.0,0,1.0,
2026-04-23 18:00:00,1149.07,740.97,43.01,60.81,47.55,30.31,Normal Sales,Normal Sales,0,0,-1.0,0,1.0,
2026-04-23 19:00:00,1138.34,641.58,34.39,58.11,46.48,26.38,Normal Sales,Normal Sales,0,0,-1.0,0,1.0,
2026-04-23 20:00:00,1172.77,753.29,41.45,55.57,44.43,32.36,Normal Sales,Normal Sales,0,0,-1.0,0,1.0,
2026-04-23 21:00:00,849.32,520.22,26.3,41.78,40.49,25.0,Normal Sales,Normal Sales,0,0,-1.0,0,1.0,
2026-04-23 22:00:00,962.77,618.35,33.3,53.32,41.5,29.39,Normal Sales,Normal Sales,0,0,-1.0,0,1.0,
2026-04-23 23:00:00,905.93,589.32,31.82,49.27,39.27,27.14,Normal Sales,Normal Sales,0,0,-1.0,0,1.0,
2026-04-24 00:00:00,359.32,189.36,11.31,28.38,29.78,16.01,Normal Sales,Normal Sales,0,1,168.0,744,1.3,Summer Sale
2026-04-24 01:00:00,411.36,286.58,13.29,32.86,32.69,20.37,Normal Sales,Normal Sales,0,1,167.0,744,1.3,Summer Sale
2026-04-24 02:00:00,381.5,208.09,10.08,29.12,31.04,20.61,Normal Sales,Normal Sales,0,1,166.0,744,1.3,Summer Sale
2026-04-24 03:00:00,369.16,203.23,10.96,32.68,27.38,19.99,Normal Sales,Normal Sales,0,1,165.0,744,1.3,Summer Sale
2026-04-24 04:00:00,379.0,216.62,8.71,32.55,30.1,17.76,Normal Sales,Normal Sales,0,1,164.0,744,1.3,Summer Sale
2026-04-24 05:00:00,365.07,218.37,11.04,30.5,28.87,14.39,Normal Sales,Normal Sales,0,1,163.0,744,1.3,Summer Sale
2026-04-24 06:00:00,627.53,354.98,19.89,34.56,30.67,21.07,Normal Sales,Normal Sales,0,1,162.0,744,1.3,Summer Sale
2026-04-24 07:00:00,557.01,376.88,21.53,39.04,31.57,24.42,Normal Sales,Normal Sales,0,1,161.0,744,1.3,Summer Sale
2026-04-24 08:00:00,577.84,327.1,18.07,37.7,33.13,21.72,Normal Sales,Normal Sales,0,1,160.0,744,1.3,Summer Sale
2026-04-24 09:00:00,752.13,461.56,24.82,48.53,38.65,23.68,Normal Sales,Normal Sales,0,1,159.0,744,1.3,Summer Sale
2026-04-24 10:00:00,663.28,419.83,24.49,35.31,35.78,21.66,Normal Sales,Normal Sales,0,1,158.0,744,1.3,Summer Sale
2026-04-24 11:00:00,714.13,420.08,22.81,46.1,35.25,24.43,Normal Sales,Normal Sales,0,1,157.0,744,1.3,Summer Sale
2026-04-24 12:00:00,692.99,448.62,24.68,44.61,35.8,24.5,Normal Sales,Normal Sales,0,1,156.0,744,1.3,Summer Sale
2026-04-24 13:00:00,703.45,400.64,22.87,36.55,34.9,21.91,Normal Sales,Normal Sales,0,1,155.0,744,1.3,Summer Sale
2026-04-24 14:00:00,773.64,462.37,25.97,47.52,35.23,22.41,Normal Sales,Normal Sales,0,1,154.0,744,1.3,Summer Sale
2026-04-24 15:00:00,777.55,421.55,23.47,45.53,39.25,20.8,Normal Sales,Normal Sales,0,1,153.0,744,1.3,Summer Sale
2026-04-24 16:00:00,756.55,469.6,27.49,45.57,37.44,26.02,Normal Sales,Normal Sales,0,1,152.0,744,1.3,Summer Sale
2026-04-24 17:00:00,1104.49,679.28,40.63,56.91,40.24,27.64,Normal Sales,Normal Sales,0,1,151.0,744,1.3,Summer Sale
2026-04-24 18:00:00,1093.07,686.63,35.97,58.32,41.11,24.92,Normal Sales,Normal Sales,0,1,150.0,744,1.3,Summer Sale
2026-04-24 19:00:00,1164.45,725.67,40.95,58.29,42.24,30.94,Normal Sales,Normal Sales,0,1,149.0,744,1.3,Summer Sale
2026-04-24 20:00:00,1233.98,765.35,42.94,61.51,41.89,33.07,Normal Sales,Normal Sales,0,1,148.0,744,1.3,Summer Sale
2026-04-24 21:00:00,932.53,595.94,32.41,53.77,41.64,30.14,Normal Sales,Normal Sales,0,1,147.0,744,1.3,Summer Sale
2026-04-24 22:00:00,936.1,581.98,29.39,52.07,40.43,27.97,Normal Sales,Normal Sales,0,1,146.0,744,1.3,Summer Sale
2026-04-24 23:00:00,952.4,588.11,36.55,47.69,41.03,25.11,Normal Sales,Normal Sales,0,1,145.0,744,1.3,Summer Sale
2026-04-25 00:00:00,457.6,278.67,12.41,33.8,31.85,21.2,Weekend Sales,Weekend Sales,0,1,144.0,744,1.3,Summer Sale
2026-04-25 01:00:00,467.71,312.69,17.39,38.38,31.09,17.15,Weekend Sales,Weekend Sales,0,1,143.0,744,1.3,Summer Sale
2026-04-25 02:00:00,475.05,262.23,15.38,37.29,30.95,19.81,Weekend Sales,Weekend Sales,0,1,142.0,744,1.3,Summer Sale
2026-04-25 03:00:00,467.31,294.24,17.52,31.36,31.54,20.79,Weekend Sales,Weekend Sales,0,1,141.0,744,1.3,Summer Sale
2026-04-25 04:00:00,431.64,301.0,17.26,36.79,30.51,16.08,Weekend Sales,Weekend Sales,0,1,140.0,744,1.3,Summer Sale
2026-04-25 05:00:00,519.35,319.93,17.66,39.27,34.35,23.84,Weekend Sales,Weekend Sales,0,1,139.0,744,1.3,Summer Sale
2026-04-25 06:00:00,736.28,439.21,23.78,44.69,38.55,20.05,Weekend Sales,Weekend Sales,0,1,138.0,744,1.3,Summer Sale
2026-04-25 07:00:00,730.97,493.44,26.66,48.38,37.41,26.25,Weekend Sales,Weekend Sales,0,1,137.0,744,1.3,Summer Sale
2026-04-25 08:00:00,701.07,414.53,22.84,38.43,35.38,22.87,Weekend Sales,Weekend Sales,0,1,136.0,744,1.3,Summer Sale
2026-04-25 09:00:00,1040.73,655.32,37.29,58.73,39.76,28.05,Weekend Sales,Weekend Sales,0,1,135.0,744,1.3,Summer Sale
2026-04-25 10:00:00,1071.35,662.26,38.66,58.78,39.26,29.18,Weekend Sales,Weekend Sales,0,1,134.0,744,1.3,Summer Sale
2026-04-25 11:00:00,962.49,604.99,31.77,50.13,39.41,26.93,Weekend Sales,Weekend Sales,0,1,133.0,744,1.3,Summer Sale
2026-04-25 12:00:00,1012.09,672.93,39.8,58.53,39.2,28.01,Weekend Sales,Weekend Sales,0,1,132.0,744,1.3,Summer Sale
2026-04-25 13:00:00,1079.09,653.23,37.08,57.83,43.42,30.38,Weekend Sales,Weekend Sales,0,1,131.0,744,1.3,Summer Sale
2026-04-25 14:00:00,1019.58,655.46,34.66,53.3,42.4,30.82,Weekend Sales,Weekend Sales,0,1,130.0,744,1.3,Summer Sale
2026-04-25 15:00:00,1093.94,678.76,37.95,57.64,40.35,26.48,Weekend Sales,Weekend Sales,0,1,129.0,744,1.3,Summer Sale
2026-04-25 16:00:00,1063.68,661.48,36.4,57.97,41.65,29.66,Weekend Sales,Weekend Sales,0,1,128.0,744,1.3,Summer Sale
2026-04-25 17:00:00,1506.55,979.64,54.04,79.99,50.32,36.06,Weekend Sales,Weekend Sales,0,1,127.0,744,1.3,Summer Sale
2026-04-25 18:00:00,1449.27,862.48,45.45,66.21,49.43,32.51,Weekend Sales,Weekend Sales,0,1,126.0,744,1.3,Summer Sale
2026-04-25 19:00:00,1531.7,981.71,53.82,79.63,47.69,36.24,Weekend Sales,Weekend Sales,0,1,125.0,744,1.3,Summer Sale
2026-04-25 20:00:00,1476.6,938.9,47.16,68.46,48.89,38.58,Weekend Sales,Weekend Sales,0,1,124.0,744,1.3,Summer Sale
2026-04-25 21:00:00,1193.62,706.26,36.45,63.51,43.05,27.77,Weekend Sales,Weekend Sales,0,1,123.0,744,1.3,Summer Sale
2026-04-25 22:00:00,1267.48,811.11,47.16,62.26,42.5,32.54,Weekend Sales,Weekend Sales,0,1,122.0,744,1.3,Summer Sale
2026-04-25 23:00:00,1200.07,753.16,44.38,57.16,46.12,28.64,Weekend Sales,Weekend Sales,0,1,121.0,744,1.3,Summer Sale
2026-04-26 00:00:00,527.76,315.33,15.72,34.89,30.08,19.96,Weekend Sales,Weekend Sales,0,1,120.0,744,1.3,Summer Sale
2026-04-26 01:00:00,486.55,321.32,18.95,40.57,33.0,21.07,Weekend Sales,Weekend Sales,0,1,119.0,744,1.3,Summer Sale
2026-04-26 02:00:00,541.53,320.06,14.63,37.24,30.36,24.91,Weekend Sales,Weekend Sales,0,1,118.0,744,1.3,Summer Sale
2026-04-26 03:00:00,542.93,390.72,21.61,41.3,32.31,23.53,Weekend Sales,Weekend Sales,0,1,117.0,744,1.3,Summer Sale
2026-04-26 04:00:00,475.34,231.13,11.13,28.57,35.04,21.41,Weekend Sales,Weekend Sales,0,1,116.0,744,1.3,Summer Sale
2026-04-26 05:00:00,470.6,324.06,19.73,32.42,31.22,18.94,Weekend Sales,Weekend Sales,0,1,115.0,744,1.3,Summer Sale
2026-04-26 06:00:00,758.38,439.47,23.97,42.13,37.84,22.55,Weekend Sales,Weekend Sales,0,1,114.0,744,1.3,Summer Sale
2026-04-26 07:00:00,711.47,435.78,28.04,42.26,34.01,24.06,Weekend Sales,Weekend Sales,0,1,113.0,744,1.3,Summer Sale
2026-04-26 08:00:00,725.79,414.61,27.27,41.58,35.58,22.68,Weekend Sales,Weekend Sales,0,1,112.0,744,1.3,Summer Sale
2026-04-26 09:00:00,1038.67,601.98,33.66,58.62,41.91,24.58,Weekend Sales,Weekend Sales,0,1,111.0,744,1.3,Summer Sale
2026-04-26 10:00:00,926.41,579.55,34.54,50.64,41.4,23.62,Weekend Sales,Weekend Sales,0,1,110.0,744,1.3,Summer Sale
2026-04-26 11:00:00,886.96,537.85,32.46,49.47,39.66,26.0,Weekend Sales,Weekend Sales,0,1,109.0,744,1.3,Summer Sale
2026-04-26 12:00:00,1008.99,610.32,34.94,51.46,45.12,25.66,Weekend Sales,Weekend Sales,0,1,108.0,744,1.3,Summer Sale
2026-04-26 13:00:00,1021.3,646.95,35.74,56.1,41.82,25.99,Weekend Sales,Weekend Sales,0,1,107.0,744,1.3,Summer Sale
2026-04-26 14:00:00,1154.62,738.21,43.32,59.14,44.46,30.85,Weekend Sales,Weekend Sales,0,1,106.0,744,1.3,Summer Sale
2026-04-26 15:00:00,1128.69,728.8,40.47,56.03,46.75,31.33,Weekend Sales,Weekend Sales,0,1,105.0,744,1.3,Summer Sale
2026-04-26 16:00:00,1035.93,652.44,32.86,58.29,38.67,27.87,Weekend Sales,Weekend Sales,0,1,104.0,744,1.3,Summer Sale
2026-04-26 17:00:00,1536.86,978.82,54.05,75.93,50.07,36.41,Weekend Sales,Weekend Sales,0,1,103.0,744,1.3,Summer Sale
2026-04-26 18:00:00,1524.79,940.64,48.36,70.61,50.41,35.02,Weekend Sales,Weekend Sales,0,1,102.0,744,1.3,Summer Sale
2026-04-26 19:00:00,1506.47,925.93,49.2,70.49,49.0,35.16,Weekend Sales,Weekend Sales,0,1,101.0,744,1.3,Summer Sale
2026-04-26 20:00:00,1548.17,955.35,50.48,69.88,55.51,33.62,Weekend Sales,Weekend Sales,0,1,100.0,744,1.3,Summer Sale
2026-04-26 21:00:00,1150.28,726.1,40.66,61.18,42.67,30.63,Weekend Sales,Weekend Sales,0,1,99.0,744,1.3,Summer Sale
2026-04-26 22:00:00,1184.52,726.6,40.45,62.81,44.09,30.13,Weekend Sales,Weekend Sales,0,1,98.0,744,1.3,Summer Sale
2026-04-26 23:00:00,1243.97,795.3,46.91,59.35,46.96,33.09,Weekend Sales,Weekend Sales,0,1,97.0,744,1.3,Summer Sale
2026-04-27 00:00:00,365.93,233.16,14.93,29.35,31.11,19.57,Normal Sales,Normal Sales,0,1,96.0,744,1.3,Summer Sale
2026-04-27 01:00:00,362.38,221.12,12.76,28.86,28.4,17.26,Normal Sales,Normal Sales,0,1,95.0,744,1.3,Summer Sale
2026-04-27 02:00:00,398.23,263.0,12.74,34.65,29.1,15.35,Normal Sales,Normal Sales,0,1,94.0,744,1.3,Summer Sale
2026-04-27 03:00:00,375.85,261.1,15.67,32.75,29.56,17.75,Normal Sales,Normal Sales,0,1,93.0,744,1.3,Summer Sale
2026-04-27 04:00:00,384.96,211.97,10.96,30.08,27.84,15.62,Normal Sales,Normal Sales,0,1,92.0,744,1.3,Summer Sale
2026-04-27 05:00:00,390.74,242.5,12.72,29.76,33.8,16.39,Normal Sales,Normal Sales,0,1,91.0,744,1.3,Summer Sale
2026-04-27 06:00:00,560.01,335.01,18.5,38.7,30.78,20.36,Normal Sales,Normal Sales,0,1,90.0,744,1.3,Summer Sale
2026-04-27 07:00:00,585.98,407.34,22.14,41.12,38.38,24.45,Normal Sales,Normal Sales,0,1,89.0,744,1.3,Summer Sale
2026-04-27 08:00:00,535.98,316.83,19.34,34.02,35.29,20.59,Normal Sales,Normal Sales,0,1,88.0,744,1.3,Summer Sale
2026-04-27 09:00:00,741.94,453.59,23.69,48.0,36.12,22.52,Normal Sales,Normal Sales,0,1,87.0,744,1.3,Summer Sale
2026-04-27 10:00:00,720.32,451.43,22.77,42.66,35.01,24.98,Normal Sales,Normal Sales,0,1,86.0,744,1.3,Summer Sale
2026-04-27 11:00:00,691.18,384.64,17.22,37.16,38.47,21.65,Normal Sales,Normal Sales,0,1,85.0,744,1.3,Summer Sale
2026-04-27 12:00:00,741.35,473.05,26.13,45.03,38.69,24.12,Normal Sales,Normal Sales,0,1,84.0,744,1.3,Summer Sale
2026-04-27 13:00:00,864.85,551.73,29.11,48.5,37.25,28.23,Normal Sales,Normal Sales,0,1,83.0,744,1.3,Summer Sale
2026-04-27 14:00:00,791.94,471.04,26.55,45.29,38.05,27.56,Normal Sales,Normal Sales,0,1,82.0,744,1.3,Summer Sale
2026-04-27 15:00:00,845.21,524.7,26.04,47.12,39.79,22.78,Normal Sales,Normal Sales,0,1,81.0,744,1.3,Summer Sale
2026-04-27 16:00:00,894.83,555.16,30.63,48.47,40.21,23.56,Normal Sales,Normal Sales,0,1,80.0,744,1.3,Summer Sale
2026-04-27 17:00:00,1272.98,822.18,47.19,61.71,46.05,34.97,Normal Sales,Normal Sales,0,1,79.0,744,1.3,Summer Sale
2026-04-27 18:00:00,1182.71,708.23,37.65,58.2,42.9,32.76,Normal Sales,Normal Sales,0,1,78.0,744,1.3,Summer Sale
2026-04-27 19:00:00,1038.32,660.16,33.72,53.61,37.63,27.41,Normal Sales,Normal Sales,0,1,77.0,744,1.3,Summer Sale
2026-04-27 20:00:00,1235.41,772.58,40.09,65.19,47.46,31.52,Normal Sales,Normal Sales,0,1,76.0,744,1.3,Summer Sale
2026-04-27 21:00:00,984.28,630.79,36.06,52.25,41.99,28.2,Normal Sales,Normal Sales,0,1,75.0,744,1.3,Summer Sale
2026-04-27 22:00:00,916.61,551.19,30.57,48.09,35.29,27.78,Normal Sales,Normal Sales,0,1,74.0,744,1.3,Summer Sale
2026-04-27 23:00:00,826.28,514.97,28.99,48.6,37.48,25.42,Normal Sales,Normal Sales,0,1,73.0,744,1.3,Summer Sale
2026-04-28 00:00:00,392.1,261.48,17.85,33.49,30.79,16.72,Normal Sales,Normal Sales,0,1,72.0,744,1.3,Summer Sale
2026-04-28 01:00:00,391.43,259.37,13.88,34.16,30.07,19.83,Normal Sales,Normal Sales,0,1,71.0,744,1.3,Summer Sale
2026-04-28 02:00:00,400.56,270.81,15.13,30.79,29.59,19.96,Normal Sales,Normal Sales,0,1,70.0,744,1.3,Summer Sale
2026-04-28 03:00:00,429.98,258.07,15.11,31.66,29.36,17.1,Normal Sales,Normal Sales,0,1,69.0,744,1.3,Summer Sale
2026-04-28 04:00:00,343.19,246.61,9.1,31.18,27.48,16.4,Normal Sales,Normal Sales,0,1,68.0,744,1.3,Summer Sale
2026-04-28 05:00:00,409.45,258.88,12.31,31.45,29.43,18.38,Normal Sales,Normal Sales,0,1,67.0,744,1.3,Summer Sale
2026-04-28 06:00:00,558.12,393.42,17.81,40.08,32.86,23.73,Normal Sales,Normal Sales,0,1,66.0,744,1.3,Summer Sale
2026-04-28 07:00:00,563.15,363.91,20.71,36.55,36.0,22.69,Normal Sales,Normal Sales,0,1,65.0,744,1.3,Summer Sale
2026-04-28 08:00:00,578.67,390.37,22.31,43.9,34.59,21.32,Normal Sales,Normal Sales,0,1,64.0,744,1.3,Summer Sale
2026-04-28 09:00:00,723.36,447.88,23.59,48.02,36.89,23.39,Normal Sales,Normal Sales,0,1,63.0,744,1.3,Summer Sale
2026-04-28 10:00:00,737.64,531.83,26.99,45.72,33.78,24.83,Normal Sales,Normal Sales,0,1,62.0,744,1.3,Summer Sale
2026-04-28 11:00:00,732.48,442.5,23.26,44.13,35.45,23.68,Normal Sales,Normal Sales,0,1,61.0,744,1.3,Summer Sale
2026-04-28 12:00:00,763.91,490.55,28.74,48.9,37.55,23.95,Normal Sales,Normal Sales,0,1,60.0,744,1.3,Summer Sale
2026-04-28 13:00:00,777.5,472.27,24.93,47.3,37.91,25.2,Normal Sales,Normal Sales,0,1,59.0,744,1.3,Summer Sale
2026-04-28 14:00:00,761.8,508.11,27.09,44.21,36.07,29.67,Normal Sales,Normal Sales,0,1,58.0,744,1.3,Summer Sale
2026-04-28 15:00:00,793.05,483.56,26.21,45.73,35.92,24.38,Normal Sales,Normal Sales,0,1,57.0,744,1.3,Summer Sale
2026-04-28 16:00:00,852.22,536.23,27.27,48.09,37.38,25.51,Normal Sales,Normal Sales,0,1,56.0,744,1.3,Summer Sale
2026-04-28 17:00:00,1225.69,756.2,41.41,66.28,46.59,32.05,Normal Sales,Normal Sales,0,1,55.0,744,1.3,Summer Sale
2026-04-28 18:00:00,1261.76,794.53,39.73,65.93,42.27,32.77,Normal Sales,Normal Sales,0,1,54.0,744,1.3,Summer Sale
2026-04-28 19:00:00,1050.76,639.8,34.46,53.27,41.17,30.06,Normal Sales,Normal Sales,0,1,53.0,744,1.3,Summer Sale
2026-04-28 20:00:00,1108.21,700.72,36.61,57.92,43.49,27.52,Normal Sales,Normal Sales,0,1,52.0,744,1.3,Summer Sale
2026-04-28 21:00:00,835.23,530.14,31.4,48.34,37.28,25.56,Normal Sales,Normal Sales,0,1,51.0,744,1.3,Summer Sale
2026-04-28 22:00:00,896.33,561.8,25.84,47.78,37.55,26.35,Normal Sales,Normal Sales,0,1,50.0,744,1.3,Summer Sale
2026-04-28 23:00:00,902.16,575.24,32.15,47.85,42.23,28.92,Normal Sales,Normal Sales,0,1,49.0,744,1.3,Summer Sale
2026-04-29 00:00:00,359.16,231.0,11.51,31.62,32.21,22.04,Normal Sales,Normal Sales,0,1,48.0,744,1.3,Summer Sale
2026-04-29 01:00:00,397.67,253.93,13.29,33.06,33.48,18.26,Normal Sales,Normal Sales,0,1,47.0,744,1.3,Summer Sale
2026-04-29 02:00:00,366.3,186.61,11.29,29.95,28.94,18.72,Normal Sales,Normal Sales,0,1,46.0,744,1.3,Summer Sale
2026-04-29 03:00:00,375.19,229.25,12.58,30.44,30.85,20.03,Normal Sales,Normal Sales,0,1,45.0,744,1.3,Summer Sale
2026-04-29 04:00:00,361.38,236.27,13.34,31.91,31.89,18.01,Normal Sales,Normal Sales,0,1,44.0,744,1.3,Summer Sale
2026-04-29 05:00:00,392.48,261.23,13.36,33.64,30.17,18.27,Normal Sales,Normal Sales,0,1,43.0,744,1.3,Summer Sale
2026-04-29 06:00:00,544.71,349.5,19.39,39.07,33.22,17.53,Normal Sales,Normal Sales,0,1,42.0,744,1.3,Summer Sale
2026-04-29 07:00:00,554.49,345.37,19.48,36.49,31.04,21.88,Normal Sales,Normal Sales,0,1,41.0,744,1.3,Summer Sale
2026-04-29 08:00:00,546.05,342.83,18.29,37.78,32.38,18.63,Normal Sales,Normal Sales,0,1,40.0,744,1.3,Summer Sale
2026-04-29 09:00:00,741.12,444.41,24.77,44.95,35.43,20.7,Normal Sales,Normal Sales,0,1,39.0,744,1.3,Summer Sale
2026-04-29 10:00:00,811.79,490.11,28.2,51.4,39.38,23.65,Normal Sales,Normal Sales,0,1,38.0,744,1.3,Summer Sale
2026-04-29 11:00:00,721.54,426.54,25.22,44.38,35.24,20.58,Normal Sales,Normal Sales,0,1,37.0,744,1.3,Summer Sale
2026-04-29 12:00:00,676.14,443.87,24.65,43.92,33.85,20.17,Normal Sales,Normal Sales,0,1,36.0,744,1.3,Summer Sale
2026-04-29 13:00:00,848.08,526.86,30.79,47.53,37.94,26.6,Normal Sales,Normal Sales,0,1,35.0,744,1.3,Summer Sale
2026-04-29 14:00:00,838.77,539.98,29.11,50.55,40.48,25.29,Normal Sales,Normal Sales,0,1,34.0,744,1.3,Summer Sale
2026-04-29 15:00:00,788.37,522.36,27.42,49.39,37.29,21.38,Normal Sales,Normal Sales,0,1,33.0,744,1.3,Summer Sale
2026-04-29 16:00:00,854.8,461.03,21.39,46.9,39.59,22.25,Normal Sales,Normal Sales,0,1,32.0,744,1.3,Summer Sale
2026-04-29 17:00:00,1158.33,654.88,37.43,57.36,43.6,28.41,Normal Sales,Normal Sales,0,1,31.0,744,1.3,Summer Sale
2026-04-29 18:00:00,1178.19,729.75,36.39,65.76,46.43,27.67,Normal Sales,Normal Sales,0,1,30.0,744,1.3,Summer Sale
2026-04-29 19:00:00,1129.99,694.69,40.37,52.9,42.21,25.85,Normal Sales,Normal Sales,0,1,29.0,744,1.3,Summer Sale
2026-04-29 20:00:00,1133.44,690.92,38.16,56.65,41.77,30.51,Normal Sales,Normal Sales,0,1,28.0,744,1.3,Summer Sale
2026-04-29 21:00:00,914.64,580.86,31.59,50.03,39.31,27.52,Normal Sales,Normal Sales,0,1,27.0,744,1.3,Summer Sale
2026-04-29 22:00:00,796.98,503.98,28.34,47.21,37.25,19.47,Normal Sales,Normal Sales,0,1,26.0,744,1.3,Summer Sale
2026-04-29 23:00:00,874.64,587.02,32.31,50.64,38.9,27.38,Normal Sales,Normal Sales,0,1,25.0,744,1.3,Summer Sale
2026-04-30 00:00:00,396.11,239.86,14.04,36.15,32.75,22.68,Normal Sales,Normal Sales,0,1,24.0,744,1.3,Summer Sale
2026-04-30 01:00:00,370.88,271.85,13.37,34.08,31.77,17.77,Normal Sales,Normal Sales,0,1,23.0,744,1.3,Summer Sale
2026-04-30 02:00:00,385.16,261.56,12.97,37.02,27.78,22.42,Normal Sales,Normal Sales,0,1,22.0,744,1.3,Summer Sale
2026-04-30 03:00:00,402.67,247.41,12.8,31.09,30.57,18.09,Normal Sales,Normal Sales,0,1,21.0,744,1.3,Summer Sale
2026-04-30 04:00:00,407.54,301.89,17.0,32.73,29.84,19.18,Normal Sales,Normal Sales,0,1,20.0,744,1.3,Summer Sale
2026-04-30 05:00:00,363.72,196.03,14.98,30.49,28.52,18.53,Normal Sales,Normal Sales,0,1,19.0,744,1.3,Summer Sale
2026-04-30 06:00:00,521.27,295.79,14.66,39.62,32.36,14.51,Normal Sales,Normal Sales,0,1,18.0,744,1.3,Summer Sale
2026-04-30 07:00:00,587.42,356.54,15.91,37.95,35.03,21.72,Normal Sales,Normal Sales,0,1,17.0,744,1.3,Summer Sale
2026-04-30 08:00:00,603.71,352.98,19.51,36.97,31.18,22.6,Normal Sales,Normal Sales,0,1,16.0,744,1.3,Summer Sale
2026-04-30 09:00:00,741.12,466.59,26.52,43.21,34.59,23.74,Normal Sales,Normal Sales,0,1,15.0,744,1.3,Summer Sale
2026-04-30 10:00:00,766.4,515.37,29.94,47.4,37.57,24.91,Normal Sales,Normal Sales,0,1,14.0,744,1.3,Summer Sale
2026-04-30 11:00:00,687.18,426.67,20.8,42.39,38.95,24.31,Normal Sales,Normal Sales,0,1,13.0,744,1.3,Summer Sale
2026-04-30 12:00:00,690.91,426.55,21.79,42.57,37.83,23.97,Normal Sales,Normal Sales,0,1,12.0,744,1.3,Summer Sale
2026-04-30 13:00:00,910.11,594.08,33.08,53.71,39.07,24.6,Normal Sales,Normal Sales,0,1,11.0,744,1.3,Summer Sale
2026-04-30 14:00:00,862.41,559.92,30.31,50.78,41.14,27.69,Normal Sales,Normal Sales,0,1,10.0,744,1.3,Summer Sale
2026-04-30 15:00:00,750.33,471.3,25.59,47.99,38.82,26.42,Normal Sales,Normal Sales,0,1,9.0,744,1.3,Summer Sale
2026-04-30 16:00:00,764.31,454.27,27.21,43.08,33.95,24.42,Normal Sales,Normal Sales,0,1,8.0,744,1.3,Summer Sale
2026-04-30 17:00:00,1118.95,738.49,41.21,60.58,42.28,33.64,Normal Sales,Normal Sales,0,1,7.0,744,1.3,Summer Sale
2026-04-30 18:00:00,1171.05,715.84,37.78,59.4,41.95,31.95,Normal Sales,Normal Sales,0,1,6.0,744,1.3,Summer Sale
2026-04-30 19:00:00,1046.4,645.28,36.71,56.26,40.35,29.45,Normal Sales,Normal Sales,0,1,5.0,744,1.3,Summer Sale
2026-04-30 20:00:00,1099.46,681.1,38.76,58.6,41.34,31.42,Normal Sales,Normal Sales,0,1,4.0,744,1.3,Summer Sale
2026-04-30 21:00:00,898.65,575.74,34.72,53.89,41.52,26.78,Normal Sales,Normal Sales,0,1,3.0,744,1.3,Summer Sale
2026-04-30 22:00:00,930.29,582.12,29.6,52.39,40.33,27.72,Normal Sales,Normal Sales,0,1,2.0,744,1.3,Summer Sale
2026-04-30 23:00:00,889.05,532.17,30.58,45.78,42.03,24.84,Normal Sales,Normal Sales,0,1,1.0,744,1.3,Summer Sale
2026-05-01 00:00:00,504.9,327.0,19.17,33.23,34.23,20.78,Summer Sale,Summer Sale,1,0,-1.0,0,1.3,
2026-05-01 01:00:00,482.93,280.67,14.77,31.25,35.65,21.99,Summer Sale,Summer Sale,1,0,-1.0,0,1.3,
2026-05-01 02:00:00,510.04,310.64,16.69,37.95,36.19,18.63,Summer Sale,Summer Sale,1,0,-1.0,0,1.3,
2026-05-01 03:00:00,470.9,330.65,14.61,34.13,31.51,17.15,Summer Sale,Summer Sale,1,0,-1.0,0,1.3,
2026-05-01 04:00:00,526.51,347.86,17.98,41.06,35.85,20.47,Summer Sale,Summer Sale,1,0,-1.0,0,1.3,
2026-05-01 05:00:00,487.53,358.76,21.17,38.69,35.02,21.57,Summer Sale,Summer Sale,1,0,-1.0,0,1.3,
2026-05-01 06:00:00,702.24,437.39,26.13,38.32,35.36,25.7,Summer Sale,Summer Sale,1,0,-1.0,0,1.3,
2026-05-01 07:00:00,702.01,473.9,28.89,44.78,34.8,23.27,Summer Sale,Summer Sale,1,0,-1.0,0,1.3,
2026-05-01 08:00:00,816.44,553.05,30.67,47.9,38.11,26.31,Summer Sale,Summer Sale,1,0,-1.0,0,1.3,
2026-05-01 09:00:00,883.56,549.81,32.88,45.31,40.67,28.49,Summer Sale,Summer Sale,1,0,-1.0,0,1.3,
2026-05-01 10:00:00,915.72,610.1,32.17,53.88,38.95,26.64,Summer Sale,Summer Sale,1,0,-1.0,0,1.3,
2026-05-01 11:00:00,913.05,583.55,33.79,51.4,36.8,27.4,Summer Sale,Summer Sale,1,0,-1.0,0,1.3,
2026-05-01 12:00:00,962.01,591.03,36.24,48.38,35.92,25.31,Summer Sale,Summer Sale,1,0,-1.0,0,1.3,
2026-05-01 13:00:00,1090.37,649.63,33.77,58.33,43.46,28.99,Summer Sale,Summer Sale,1,0,-1.0,0,1.3,
2026-05-01 14:00:00,1094.11,667.72,35.97,58.82,39.91,24.41,Summer Sale,Summer Sale,1,0,-1.0,0,1.3,
2026-05-01 15:00:00,1030.15,661.97,36.92,58.17,37.48,29.18,Summer Sale,Summer Sale,1,0,-1.0,0,1.3,
2026-05-01 16:00:00,1087.39,640.41,36.95,55.24,48.63,23.66,Summer Sale,Summer Sale,1,0,-1.0,0,1.3,
2026-05-01 17:00:00,1598.75,981.37,50.74,73.63,51.73,38.61,Summer Sale,Summer Sale,1,0,-1.0,0,1.3,
2026-05-01 18:00:00,1625.15,1043.14,55.44,80.77,52.41,36.77,Summer Sale,Summer Sale,1,0,-1.0,0,1.3,
2026-05-01 19:00:00,1480.46,900.14,49.58,68.53,47.11,35.46,Summer Sale,Summer Sale,1,0,-1.0,0,1.3,
2026-05-01 20:00:00,1543.36,952.19,55.11,72.54,49.63,37.13,Summer Sale,Summer Sale,1,0,-1.0,0,1.3,
2026-05-01 21:00:00,1156.1,718.9,34.5,59.64,40.0,27.53,Summer Sale,Summer Sale,1,0,-1.0,0,1.3,
2026-05-01 22:00:00,1086.1,647.32,34.5,54.6,43.79,28.63,Summer Sale,Summer Sale,1,0,-1.0,0,1.3,
2026-05-01 23:00:00,1053.18,655.05,36.66,55.08,41.78,28.76,Summer Sale,Summer Sale,1,0,-1.0,0,1.3,
2026-05-02 00:00:00,595.82,330.04,17.66,41.39,36.96,21.95,Summer Sale,Summer Sale,1,0,-1.0,0,1.3,
2026-05-02 01:00:00,589.29,406.72,26.21,40.69,32.08,21.63,Summer Sale,Summer Sale,1,0,-1.0,0,1.3,
2026-05-02 02:00:00,662.74,371.67,19.5,36.5,35.52,18.89,Summer Sale,Summer Sale,1,0,-1.0,0,1.3,
2026-05-02 03:00:00,570.76,305.12,18.02,39.35,32.94,19.36,Summer Sale,Summer Sale,1,0,-1.0,0,1.3,
2026-05-02 04:00:00,569.19,357.42,19.58,40.56,36.14,19.31,Summer Sale,Summer Sale,1,0,-1.0,0,1.3,
2026-05-02 05:00:00,565.01,372.85,17.66,34.37,34.06,22.31,Summer Sale,Summer Sale,1,0,-1.0,0,1.3,
2026-05-02 06:00:00,799.01,480.92,24.93,43.87,38.97,21.66,Summer Sale,Summer Sale,1,0,-1.0,0,1.3,
2026-05-02 07:00:00,817.94,484.49,23.74,48.52,36.87,24.49,Summer Sale,Summer Sale,1,0,-1.0,0,1.3,
2026-05-02 08:00:00,766.44,456.64,26.63,51.15,33.08,23.01,Summer Sale,Summer Sale,1,0,-1.0,0,1.3,
2026-05-02 09:00:00,1106.35,670.53,38.58,54.86,43.12,27.72,Summer Sale,Summer Sale,1,0,-1.0,0,1.3,
2026-05-02 10:00:00,1150.1,696.15,37.58,60.89,41.5,29.54,Summer Sale,Summer Sale,1,0,-1.0,0,1.3,
2026-05-02 11:00:00,985.22,583.64,32.86,49.67,39.66,27.58,Summer Sale,Summer Sale,1,0,-1.0,0,1.3,
2026-05-02 12:00:00,1052.61,673.19,37.46,57.8,44.38,29.47,Summer Sale,Summer Sale,1,0,-1.0,0,1.3,
2026-05-02 13:00:00,1304.75,831.73,44.7,69.1,46.71,32.0,Summer Sale,Summer Sale,1,0,-1.0,0,1.3,
2026-05-02 14:00:00,1228.4,789.41,44.33,67.91,47.06,32.78,Summer Sale,Summer Sale,1,0,-1.0,0,1.3,
2026-05-02 15:00:00,1149.38,708.12,39.09,60.8,44.81,30.04,Summer Sale,Summer Sale,1,0,-1.0,0,1.3,
2026-05-02 16:00:00,1218.82,773.68,40.84,66.81,40.63,34.25,Summer Sale,Summer Sale,1,0,-1.0,0,1.3,
2026-05-02 17:00:00,1717.76,1090.08,60.68,81.66,54.31,40.87,Summer Sale,Summer Sale,1,0,-1.0,0,1.3,
2026-05-02 18:00:00,1693.34,1075.74,57.0,79.94,54.46,40.88,Summer Sale,Summer Sale,1,0,-1.0,0,1.3,
2026-05-02 19:00:00,1761.32,1082.18,61.31,79.12,57.45,38.89,Summer Sale,Summer Sale,1,0,-1.0,0,1.3,
2026-05-02 20:00:00,1589.12,955.38,52.63,74.05,54.95,33.81,Summer Sale,Summer Sale,1,0,-1.0,0,1.3,
2026-05-02 21:00:00,1341.7,805.37,43.31,69.19,44.54,33.31,Summer Sale,Summer Sale,1,0,-1.0,0,1.3,
2026-05-02 22:00:00,1365.37,845.92,47.56,64.09,50.52,37.0,Summer Sale,Summer Sale,1,0,-1.0,0,1.3,
2026-05-02 23:00:00,1342.22,892.75,48.3,69.91,49.68,33.4,Summer Sale,Summer Sale,1,0,-1.0,0,1.3,
2026-05-03 00:00:00,534.52,291.11,20.13,34.05,32.72,17.05,Summer Sale,Summer Sale,1,0,-1.0,0,1.3,
2026-05-03 01:00:00,601.4,353.33,18.45,39.46,32.1,20.48,Summer Sale,Summer Sale,1,0,-1.0,0,1.3,
2026-05-03 02:00:00,614.43,391.66,21.8,41.08,33.67,25.78,Summer Sale,Summer Sale,1,0,-1.0,0,1.3,
2026-05-03 03:00:00,550.86,346.81,19.3,40.54,35.57,20.61,Summer Sale,Summer Sale,1,0,-1.0,0,1.3,
2026-05-03 04:00:00,582.52,369.38,15.77,35.31,32.69,20.11,Summer Sale,Summer Sale,1,0,-1.0,0,1.3,
2026-05-03 05:00:00,539.75,353.38,19.44,37.68,30.66,20.75,Summer Sale,Summer Sale,1,0,-1.0,0,1.3,
2026-05-03 06:00:00,720.44,442.6,24.47,44.29,33.12,23.51,Summer Sale,Summer Sale,1,0,-1.0,0,1.3,
2026-05-03 07:00:00,786.18,467.12,27.13,50.35,37.47,22.04,Summer Sale,Summer Sale,1,0,-1.0,0,1.3,
2026-05-03 08:00:00,837.19,542.54,31.08,55.97,36.8,26.07,Summer Sale,Summer Sale,1,0,-1.0,0,1.3,
2026-05-03 09:00:00,1168.55,761.66,37.99,61.61,46.83,36.82,Summer Sale,Summer Sale,1,0,-1.0,0,1.3,
2026-05-03 10:00:00,1122.72,686.89,35.76,63.44,44.54,27.48,Summer Sale,Summer Sale,1,0,-1.0,0,1.3,
2026-05-03 11:00:00,1073.54,673.35,38.12,54.64,41.02,25.53,Summer Sale,Summer Sale,1,0,-1.0,0,1.3,
2026-05-03 12:00:00,1140.94,698.84,39.37,62.13,43.84,29.25,Summer Sale,Summer Sale,1,0,-1.0,0,1.3,
2026-05-03 13:00:00,1223.91,760.4,44.31,62.79,43.72,33.11,Summer Sale,Summer Sale,1,0,-1.0,0,1.3,
2026-05-03 14:00:00,1286.73,764.31,45.1,63.6,46.44,33.12,Summer Sale,Summer Sale,1,0,-1.0,0,1.3,
2026-05-03 15:00:00,1177.79,754.08,40.72,57.67,42.03,31.99,Summer Sale,Summer Sale,1,0,-1.0,0,1.3,
2026-05-03 16:00:00,1154.85,756.26,43.97,64.6,43.88,31.42,Summer Sale,Summer Sale,1,0,-1.0,0,1.3,
2026-05-03 17:00:00,1619.72,1029.12,57.36,78.69,54.91,36.52,Summer Sale,Summer Sale,1,0,-1.0,0,1.3,
2026-05-03 18:00:00,1711.67,1069.4,56.95,79.35,54.08,38.08,Summer Sale,Summer Sale,1,0,-1.0,0,1.3,
2026-05-03 19:00:00,1835.27,1100.1,62.75,83.84,54.06,37.65,Summer Sale,Summer Sale,1,0,-1.0,0,1.3,
2026-05-03 20:00:00,1543.37,937.01,53.63,72.37,52.56,34.19,Summer Sale,Summer Sale,1,0,-1.0,0,1.3,
2026-05-03 21:00:00,1387.12,842.07,44.38,66.72,46.25,29.97,Summer Sale,Summer Sale,1,0,-1.0,0,1.3,
2026-05-03 22:00:00,1327.54,825.73,47.95,68.12,49.01,34.08,Summer Sale,Summer Sale,1,0,-1.0,0,1.3,
2026-05-03 23:00:00,1362.03,813.74,45.06,67.01,50.07,33.72,Summer Sale,Summer Sale,1,0,-1.0,0,1.3,
2026-05-04 00:00:00,530.52,303.12,16.02,36.96,35.34,19.29,Summer Sale,Summer Sale,1,0,-1.0,0,1.3,
2026-05-04 01:00:00,497.48,325.62,15.66,40.65,30.7,16.3,Summer Sale,Summer Sale,1,0,-1.0,0,1.3,
2026-05-04 02:00:00,499.79,352.33,20.55,39.73,32.58,20.5,Summer Sale,Summer Sale,1,0,-1.0,0,1.3,
2026-05-04 03:00:00,460.95,229.31,13.0,35.29,32.52,18.98,Summer Sale,Summer Sale,1,0,-1.0,0,1.3,
2026-05-04 04:00:00,539.1,342.46,18.59,35.68,37.21,21.61,Summer Sale,Summer Sale,1,0,-1.0,0,1.3,
2026-05-04 05:00:00,475.97,265.82,17.13,31.18,35.8,13.13,Summer Sale,Summer Sale,1,0,-1.0,0,1.3,
2026-05-04 06:00:00,772.88,491.36,27.26,45.86,40.92,25.7,Summer Sale,Summer Sale,1,0,-1.0,0,1.3,
2026-05-04 07:00:00,688.97,384.19,21.49,40.8,32.67,21.49,Summer Sale,Summer Sale,1,0,-1.0,0,1.3,
2026-05-04 08:00:00,700.85,434.76,25.36,46.9,37.73,21.43,Summer Sale,Summer Sale,1,0,-1.0,0,1.3,
2026-05-04 09:00:00,960.98,597.39,30.19,53.57,44.05,27.0,Summer Sale,Summer Sale,1,0,-1.0,0,1.3,
2026-05-04 10:00:00,868.37,539.14,27.23,51.37,39.81,25.14,Summer Sale,Summer Sale,1,0,-1.0,0,1.3,
2026-05-04 11:00:00,927.96,570.03,31.37,49.14,37.0,28.53,Summer Sale,Summer Sale,1,0,-1.0,0,1.3,
2026-05-04 12:00:00,925.4,577.92,32.36,52.21,37.38,23.1,Summer Sale,Summer Sale,1,0,-1.0,0,1.3,
2026-05-04 13:00:00,1023.55,644.49,33.99,54.3,45.65,24.42,Summer Sale,Summer Sale,1,0,-1.0,0,1.3,
2026-05-04 14:00:00,1014.78,676.58,37.12,54.8,43.59,29.02,Summer Sale,Summer Sale,1,0,-1.0,0,1.3,
2026-05-04 15:00:00,1036.22,647.27,34.28,52.87,41.39,26.16,Summer Sale,Summer Sale,1,0,-1.0,0,1.3,
2026-05-04 16:00:00,1055.15,663.05,38.17,59.1,41.13,29.58,Summer Sale,Summer Sale,1,0,-1.0,0,1.3,
2026-05-04 17:00:00,1535.53,960.22,51.85,70.92,51.11,32.59,Summer Sale,Summer Sale,1,0,-1.0,0,1.3,
2026-05-04 18:00:00,1478.56,852.86,44.23,66.01,51.33,34.7,Summer Sale,Summer Sale,1,0,-1.0,0,1.3,
2026-05-04 19:00:00,1457.12,921.65,52.47,70.73,46.0,34.63,Summer Sale,Summer Sale,1,0,-1.0,0,1.3,
2026-05-04 20:00:00,1491.29,893.79,49.89,70.85,50.24,34.9,Summer Sale,Summer Sale,1,0,-1.0,0,1.3,
2026-05-04 21:00:00,1208.13,744.56,41.35,60.18,43.37,33.29,Summer Sale,Summer Sale,1,0,-1.0,0,1.3,
2026-05-04 22:00:00,1046.49,670.74,35.65,54.68,42.31,25.79,Summer Sale,Summer Sale,1,0,-1.0,0,1.3,
2026-05-04 23:00:00,1118.04,671.96,36.51,55.17,46.21,32.39,Summer Sale,Summer Sale,1,0,-1.0,0,1.3,
2026-05-05 00:00:00,449.27,292.15,17.79,36.1,30.32,18.82,Summer Sale,Summer Sale,1,0,-1.0,0,1.3,
2026-05-05 01:00:00,481.1,287.77,13.41,34.51,29.17,18.79,Summer Sale,Summer Sale,1,0,-1.0,0,1.3,
2026-05-05 02:00:00,468.6,295.7,14.9,35.78,34.13,22.57,Summer Sale,Summer Sale,1,0,-1.0,0,1.3,
2026-05-05 03:00:00,436.62,249.85,13.14,33.89,28.12,16.28,Summer Sale,Summer Sale,1,0,-1.0,0,1.3,
2026-05-05 04:00:00,503.06,314.02,18.03,37.26,33.23,20.24,Summer Sale,Summer Sale,1,0,-1.0,0,1.3,
2026-05-05 05:00:00,501.19,327.36,13.53,40.6,28.11,18.03,Summer Sale,Summer Sale,1,0,-1.0,0,1.3,
2026-05-05 06:00:00,713.75,459.34,19.27,44.31,37.72,25.47,Summer Sale,Summer Sale,1,0,-1.0,0,1.3,
2026-05-05 07:00:00,696.76,424.47,22.11,41.69,33.78,20.83,Summer Sale,Summer Sale,1,0,-1.0,0,1.3,
2026-05-05 08:00:00,737.61,460.61,26.32,45.16,37.95,25.27,Summer Sale,Summer Sale,1,0,-1.0,0,1.3,
2026-05-05 09:00:00,861.85,512.99,27.75,47.92,37.31,26.65,Summer Sale,Summer Sale,1,0,-1.0,0,1.3,
2026-05-05 10:00:00,1037.52,647.92,35.8,57.58,37.91,28.25,Summer Sale,Summer Sale,1,0,-1.0,0,1.3,
2026-05-05 11:00:00,990.28,597.89,30.43,52.36,40.71,25.13,Summer Sale,Summer Sale,1,0,-1.0,0,1.3,
2026-05-05 12:00:00,1043.01,634.7,32.6,54.67,43.55,27.9,Summer Sale,Summer Sale,1,0,-1.0,0,1.3,
2026-05-05 13:00:00,1080.75,648.28,38.63,57.22,44.47,28.94,Summer Sale,Summer Sale,1,0,-1.0,0,1.3,
2026-05-05 14:00:00,1098.65,659.34,35.28,59.83,45.8,26.19,Summer Sale,Summer Sale,1,0,-1.0,0,1.3,
2026-05-05 15:00:00,1068.31,651.58,34.44,56.58,44.44,29.19,Summer Sale,Summer Sale,1,0,-1.0,0,1.3,
2026-05-05 16:00:00,1038.27,656.6,35.39,56.88,44.44,24.26,Summer Sale,Summer Sale,1,0,-1.0,0,1.3,
2026-05-05 17:00:00,1559.16,928.21,53.51,70.65,48.07,36.6,Summer Sale,Summer Sale,1,0,-1.0,0,1.3,
2026-05-05 18:00:00,1526.7,921.57,48.18,71.22,47.55,32.92,Summer Sale,Summer Sale,1,0,-1.0,0,1.3,
2026-05-05 19:00:00,1508.06,910.85,50.95,74.78,49.34,35.03,Summer Sale,Summer Sale,1,0,-1.0,0,1.3,
2026-05-05 20:00:00,1650.69,993.74,57.04,78.6,53.77,39.43,Summer Sale,Summer Sale,1,0,-1.0,0,1.3,
2026-05-05 21:00:00,1182.56,718.61,41.71,62.63,46.31,30.05,Summer Sale,Summer Sale,1,0,-1.0,0,1.3,
2026-05-05 22:00:00,1124.43,701.93,40.49,61.14,42.26,30.18,Summer Sale,Summer Sale,1,0,-1.0,0,1.3,
2026-05-05 23:00:00,1089.88,700.35,36.95,60.2,40.23,31.57,Summer Sale,Summer Sale,1,0,-1.0,0,1.3,
2026-05-06 00:00:00,508.1,295.49,17.63,33.89,34.14,18.84,Summer Sale,Summer Sale,1,0,-1.0,0,1.3,
2026-05-06 01:00:00,457.02,258.79,13.37,36.72,33.57,21.72,Summer Sale,Summer Sale,1,0,-1.0,0,1.3,
2026-05-06 02:00:00,541.4,322.3,17.35,35.81,31.86,16.37,Summer Sale,Summer Sale,1,0,-1.0,0,1.3,
2026-05-06 03:00:00,499.69,277.67,15.2,39.78,31.48,19.33,Summer Sale,Summer Sale,1,0,-1.0,0,1.3,
2026-05-06 04:00:00,522.72,331.1,18.8,36.18,32.42,18.36,Summer Sale,Summer Sale,1,0,-1.0,0,1.3,
2026-05-06 05:00:00,521.21,279.61,17.32,31.24,34.79,18.28,Summer Sale,Summer Sale,1,0,-1.0,0,1.3,
2026-05-06 06:00:00,677.81,434.73,25.77,41.89,36.96,18.3,Summer Sale,Summer Sale,1,0,-1.0,0,1.3,
2026-05-06 07:00:00,674.61,450.57,24.33,39.02,34.07,21.42,Summer Sale,Summer Sale,1,0,-1.0,0,1.3,
2026-05-06 08:00:00,716.31,434.84,24.27,43.12,38.9,23.72,Summer Sale,Summer Sale,1,0,-1.0,0,1.3,
2026-05-06 09:00:00,966.16,628.15,33.77,50.84,42.84,27.98,Summer Sale,Summer Sale,1,0,-1.0,0,1.3,
2026-05-06 10:00:00,951.13,573.87,30.33,53.55,42.14,27.91,Summer Sale,Summer Sale,1,0,-1.0,0,1.3,
2026-05-06 11:00:00,982.0,623.06,34.53,53.46,43.11,26.83,Summer Sale,Summer Sale,1,0,-1.0,0,1.3,
2026-05-06 12:00:00,962.02,576.35,30.38,51.04,38.75,28.0,Summer Sale,Summer Sale,1,0,-1.0,0,1.3,
2026-05-06 13:00:00,984.52,612.88,33.97,48.93,39.85,27.83,Summer Sale,Summer Sale,1,0,-1.0,0,1.3,
2026-05-06 14:00:00,1078.3,663.44,37.84,56.21,42.36,29.09,Summer Sale,Summer Sale,1,0,-1.0,0,1.3,
2026-05-06 15:00:00,1104.6,667.96,35.76,55.22,42.11,31.55,Summer Sale,Summer Sale,1,0,-1.0,0,1.3,
2026-05-06 16:00:00,1085.9,644.98,34.27,56.64,40.65,26.67,Summer Sale,Summer Sale,1,0,-1.0,0,1.3,
2026-05-06 17:00:00,1601.05,977.32,55.66,77.93,49.75,34.65,Summer Sale,Summer Sale,1,0,-1.0,0,1.3,
2026-05-06 18:00:00,1479.45,890.04,49.19,69.37,49.87,37.05,Summer Sale,Summer Sale,1,0,-1.0,0,1.3,
2026-05-06 19:00:00,1561.48,980.35,49.99,75.72,53.99,30.49,Summer Sale,Summer Sale,1,0,-1.0,0,1.3,
2026-05-06 20:00:00,1551.87,958.18,51.0,75.54,53.8,37.5,Summer Sale,Summer Sale,1,0,-1.0,0,1.3,
2026-05-06 21:00:00,1145.14,686.4,38.04,60.23,42.69,28.58,Summer Sale,Summer Sale,1,0,-1.0,0,1.3,
2026-05-06 22:00:00,1331.43,852.45,49.19,63.36,45.22,33.46,Summer Sale,Summer Sale,1,0,-1.0,0,1.3,
2026-05-06 23:00:00,1108.39,727.21,42.82,58.26,46.41,30.17,Summer Sale,Summer Sale,1,0,-1.0,0,1.3,
2026-05-07 00:00:00,565.09,353.97,20.62,41.95,36.16,21.87,Summer Sale,Summer Sale,1,0,-1.0,0,1.3,
2026-05-07 01:00:00,496.78,320.86,16.01,36.79,30.23,16.46,Summer Sale,Summer Sale,1,0,-1.0,0,1.3,
2026-05-07 02:00:00,501.57,342.53,20.69,37.22,36.02,19.43,Summer Sale,Summer Sale,1,0,-1.0,0,1.3,
2026-05-07 03:00:00,452.34,225.9,10.06,33.83,30.42,18.57,Summer Sale,Summer Sale,1,0,-1.0,0,1.3,
2026-05-07 04:00:00,541.49,308.22,17.91,37.55,31.48,22.41,Summer Sale,Summer Sale,1,0,-1.0,0,1.3,
2026-05-07 05:00:00,493.11,296.14,20.51,36.58,34.23,22.11,Summer Sale,Summer Sale,1,0,-1.0,0,1.3,
2026-05-07 06:00:00,699.17,464.73,24.56,43.14,35.34,22.37,Summer Sale,Summer Sale,1,0,-1.0,0,1.3,
2026-05-07 07:00:00,752.38,473.16,25.04,47.0,36.24,23.17,Summer Sale,Summer Sale,1,0,-1.0,0,1.3,
2026-05-07 08:00:00,724.43,460.73,26.12,43.62,38.01,23.07,Summer Sale,Summer Sale,1,0,-1.0,0,1.3,
2026-05-07 09:00:00,914.08,530.03,31.12,49.2,39.96,27.34,Summer Sale,Summer Sale,1,0,-1.0,0,1.3,
2026-05-07 10:00:00,922.47,537.57,29.71,50.34,39.16,28.39,Summer Sale,Summer Sale,1,0,-1.0,0,1.3,
2026-05-07 11:00:00,827.56,541.09,31.34,50.11,31.4,28.09,Summer Sale,Summer Sale,1,0,-1.0,0,1.3,
2026-05-07 12:00:00,896.53,543.16,29.53,50.63,40.52,27.36,Summer Sale,Summer Sale,1,0,-1.0,0,1.3,
2026-05-07 13:00:00,1099.3,687.89,38.67,55.02,41.19,30.99,Summer Sale,Summer Sale,1,0,-1.0,0,1.3,
2026-05-07 14:00:00,1100.43,700.36,37.49,60.6,40.38,31.66,Summer Sale,Summer Sale,1,0,-1.0,0,1.3,
2026-05-07 15:00:00,1042.44,688.41,34.82,61.73,41.0,28.45,Summer Sale,Summer Sale,1,0,-1.0,0,1.3,
2026-05-07 16:00:00,1066.5,643.8,35.26,53.66,40.73,29.07,Summer Sale,Summer Sale,1,0,-1.0,0,1.3,
2026-05-07 17:00:00,1433.27,869.43,45.07,67.33,50.99,32.04,Summer Sale,Summer Sale,1,0,-1.0,0,1.3,
2026-05-07 18:00:00,1446.03,901.38,48.83,75.7,48.26,35.21,Summer Sale,Summer Sale,1,0,-1.0,0,1.3,
2026-05-07 19:00:00,1571.76,997.61,55.33,75.06,54.77,36.74,Summer Sale,Summer Sale,1,0,-1.0,0,1.3,
2026-05-07 20:00:00,1467.79,893.88,45.71,72.02,44.26,34.34,Summer Sale,Summer Sale,1,0,-1.0,0,1.3,
2026-05-07 21:00:00,1155.44,772.37,38.82,59.75,43.37,30.91,Summer Sale,Summer Sale,1,0,-1.0,0,1.3,
2026-05-07 22:00:00,1135.32,701.87,36.08,59.56,38.66,29.5,Summer Sale,Summer Sale,1,0,-1.0,0,1.3,
2026-05-07 23:00:00,1132.35,727.46,43.52,58.97,46.03,29.55,Summer Sale,Summer Sale,1,0,-1.0,0,1.3,
2026-05-08 00:00:00,476.39,339.01,19.69,37.08,33.47,21.02,Summer Sale,Summer Sale,1,0,-1.0,0,1.3,
2026-05-08 01:00:00,498.84,276.12,14.65,35.97,32.23,20.71,Summer Sale,Summer Sale,1,0,-1.0,0,1.3,
2026-05-08 02:00:00,510.17,294.35,13.55,34.93,31.62,20.03,Summer Sale,Summer Sale,1,0,-1.0,0,1.3,
2026-05-08 03:00:00,482.59,283.82,17.72,35.0,30.8,19.13,Summer Sale,Summer Sale,1,0,-1.0,0,1.3,
2026-05-08 04:00:00,535.08,339.09,19.84,35.66,35.15,25.11,Summer Sale,Summer Sale,1,0,-1.0,0,1.3,
2026-05-08 05:00:00,480.76,268.52,15.12,36.12,31.99,16.61,Summer Sale,Summer Sale,1,0,-1.0,0,1.3,
2026-05-08 06:00:00,719.12,460.8,24.53,46.01,38.55,24.0,Summer Sale,Summer Sale,1,0,-1.0,0,1.3,
2026-05-08 07:00:00,722.03,468.39,24.05,42.47,35.74,22.73,Summer Sale,Summer Sale,1,0,-1.0,0,1.3,
2026-05-08 08:00:00,694.0,476.04,30.53,44.09,35.98,23.53,Summer Sale,Summer Sale,1,0,-1.0,0,1.3,
2026-05-08 09:00:00,997.87,651.32,32.27,56.48,38.35,31.8,Summer Sale,Summer Sale,1,0,-1.0,0,1.3,
2026-05-08 10:00:00,966.33,578.54,31.34,51.04,41.48,28.55,Summer Sale,Summer Sale,1,0,-1.0,0,1.3,
2026-05-08 11:00:00,891.23,598.53,36.13,49.88,39.3,30.38,Summer Sale,Summer Sale,1,0,-1.0,0,1.3,
2026-05-08 12:00:00,1003.8,613.94,35.4,61.15,41.27,26.08,Summer Sale,Summer Sale,1,0,-1.0,0,1.3,
2026-05-08 13:00:00,1065.86,667.0,35.64,57.65,39.61,27.34,Summer Sale,Summer Sale,1,0,-1.0,0,1.3,
2026-05-08 14:00:00,1096.82,636.16,36.79,50.37,39.18,26.91,Summer Sale,Summer Sale,1,0,-1.0,0,1.3,
2026-05-08 15:00:00,1071.91,697.72,38.49,57.36,43.38,27.7,Summer Sale,Summer Sale,1,0,-1.0,0,1.3,
2026-05-08 16:00:00,1064.12,629.77,34.8,54.53,40.48,28.07,Summer Sale,Summer Sale,1,0,-1.0,0,1.3,
2026-05-08 17:00:00,1513.61,967.82,50.02,73.47,48.21,37.94,Summer Sale,Summer Sale,1,0,-1.0,0,1.3,
2026-05-08 18:00:00,1558.31,978.85,52.43,76.73,47.43,33.0,Summer Sale,Summer Sale,1,0,-1.0,0,1.3,
2026-05-08 19:00:00,1405.9,870.82,49.25,60.99,50.55,34.03,Summer Sale,Summer Sale,1,0,-1.0,0,1.3,
2026-05-08 20:00:00,1383.99,860.6,49.52,69.3,49.73,30.78,Summer Sale,Summer Sale,1,0,-1.0,0,1.3,
2026-05-08 21:00:00,1143.81,686.05,41.17,59.62,49.14,28.22,Summer Sale,Summer Sale,1,0,-1.0,0,1.3,
2026-05-08 22:00:00,1125.67,694.35,40.95,57.34,43.39,29.55,Summer Sale,Summer Sale,1,0,-1.0,0,1.3,
2026-05-08 23:00:00,1170.3,709.27,38.74,58.83,43.88,31.62,Summer Sale,Summer Sale,1,0,-1.0,0,1.3,
2026-05-09 00:00:00,626.65,367.51,19.43,37.49,35.03,20.11,Summer Sale,Summer Sale,1,0,-1.0,0,1.3,
2026-05-09 01:00:00,582.85,388.96,16.34,41.4,32.99,22.64,Summer Sale,Summer Sale,1,0,-1.0,0,1.3,
2026-05-09 02:00:00,550.13,370.99,22.23,40.52,34.94,19.78,Summer Sale,Summer Sale,1,0,-1.0,0,1.3,
2026-05-09 03:00:00,558.1,364.84,18.53,42.5,32.84,22.12,Summer Sale,Summer Sale,1,0,-1.0,0,1.3,
2026-05-09 04:00:00,636.4,376.91,20.87,42.69,36.72,20.77,Summer Sale,Summer Sale,1,0,-1.0,0,1.3,
2026-05-09 05:00:00,561.07,342.03,21.71,37.18,33.69,19.7,Summer Sale,Summer Sale,1,0,-1.0,0,1.3,
2026-05-09 06:00:00,861.27,537.88,27.58,46.67,34.64,23.78,Summer Sale,Summer Sale,1,0,-1.0,0,1.3,
2026-05-09 07:00:00,864.95,569.36,32.69,51.93,38.45,27.78,Summer Sale,Summer Sale,1,0,-1.0,0,1.3,
2026-05-09 08:00:00,843.83,568.29,31.06,53.68,40.09,27.68,Summer Sale,Summer Sale,1,0,-1.0,0,1.3,
2026-05-09 09:00:00,978.49,629.89,34.39,53.06,37.67,27.74,Summer Sale,Summer Sale,1,0,-1.0,0,1.3,
2026-05-09 10:00:00,1089.73,643.06,32.42,56.87,44.27,28.46,Summer Sale,Summer Sale,1,0,-1.0,0,1.3,
2026-05-09 11:00:00,1150.5,711.15,39.0,56.91,40.44,33.49,Summer Sale,Summer Sale,1,0,-1.0,0,1.3,
2026-05-09 12:00:00,1149.44,677.84,37.59,57.45,42.99,28.13,Summer Sale,Summer Sale,1,0,-1.0,0,1.3,
2026-05-09 13:00:00,1239.07,788.68,44.18,63.1,44.75,33.59,Summer Sale,Summer Sale,1,0,-1.0,0,1.3,
2026-05-09 14:00:00,1244.06,773.14,42.45,63.61,44.21,32.97,Summer Sale,Summer Sale,1,0,-1.0,0,1.3,
2026-05-09 15:00:00,1150.48,703.01,39.89,56.01,40.41,29.7,Summer Sale,Summer Sale,1,0,-1.0,0,1.3,
2026-05-09 16:00:00,1112.75,657.44,37.67,55.97,45.49,26.03,Summer Sale,Summer Sale,1,0,-1.0,0,1.3,
2026-05-09 17:00:00,1719.73,1076.22,56.85,82.77,54.26,35.69,Summer Sale,Summer Sale,1,0,-1.0,0,1.3,
2026-05-09 18:00:00,1724.58,1078.89,58.16,76.65,53.87,43.39,Summer Sale,Summer Sale,1,0,-1.0,0,1.3,
2026-05-09 19:00:00,1694.41,1089.77,58.43,81.13,54.35,39.23,Summer Sale,Summer Sale,1,0,-1.0,0,1.3,
2026-05-09 20:00:00,1702.12,1073.47,62.82,80.67,51.9,38.46,Summer Sale,Summer Sale,1,0,-1.0,0,1.3,
2026-05-09 21:00:00,1513.19,941.55,50.6,69.61,46.07,36.27,Summer Sale,Summer Sale,1,0,-1.0,0,1.3,
2026-05-09 22:00:00,1387.87,850.56,46.75,64.45,47.86,34.23,Summer Sale,Summer Sale,1,0,-1.0,0,1.3,
2026-05-09 23:00:00,1307.92,853.17,45.25,67.56,47.93,33.17,Summer Sale,Summer Sale,1,0,-1.0,0,1.3,
2026-05-10 00:00:00,570.81,318.18,20.21,36.46,34.78,21.3,Summer Sale,Summer Sale,1,0,-1.0,0,1.3,
2026-05-10 01:00:00,558.14,341.11,21.43,35.02,37.74,19.04,Summer Sale,Summer Sale,1,0,-1.0,0,1.3,
2026-05-10 02:00:00,542.26,339.51,23.09,32.84,32.94,21.44,Summer Sale,Summer Sale,1,0,-1.0,0,1.3,
2026-05-10 03:00:00,577.21,367.42,18.77,37.65,33.52,18.93,Summer Sale,Summer Sale,1,0,-1.0,0,1.3,
2026-05-10 04:00:00,574.96,346.75,18.13,39.0,30.13,20.21,Summer Sale,Summer Sale,1,0,-1.0,0,1.3,
2026-05-10 05:00:00,643.01,371.51,23.0,40.0,33.73,18.65,Summer Sale,Summer Sale,1,0,-1.0,0,1.3,
2026-05-10 06:00:00,838.16,556.0,29.8,49.52,40.27,26.58,Summer Sale,Summer Sale,1,0,-1.0,0,1.3,
2026-05-10 07:00:00,766.92,477.96,29.31,45.55,31.55,24.73,Summer Sale,Summer Sale,1,0,-1.0,0,1.3,
2026-05-10 08:00:00,824.09,465.21,22.23,47.96,36.54,21.82,Summer Sale,Summer Sale,1,0,-1.0,0,1.3,
2026-05-10 09:00:00,1086.52,657.54,36.36,55.77,40.07,27.42,Summer Sale,Summer Sale,1,0,-1.0,0,1.3,
2026-05-10 10:00:00,1112.55,690.83,37.83,62.83,44.38,30.98,Summer Sale,Summer Sale,1,0,-1.0,0,1.3,
2026-05-10 11:00:00,1079.43,674.75,36.25,58.94,42.13,29.31,Summer Sale,Summer Sale,1,0,-1.0,0,1.3,
2026-05-10 12:00:00,1097.2,679.81,43.27,55.7,41.3,30.38,Summer Sale,Summer Sale,1,0,-1.0,0,1.3,
2026-05-10 13:00:00,1180.31,724.51,37.68,61.27,45.07,29.48,Summer Sale,Summer Sale,1,0,-1.0,0,1.3,
2026-05-10 14:00:00,1259.99,734.74,39.0,60.72,43.08,26.87,Summer Sale,Summer Sale,1,0,-1.0,0,1.3,
2026-05-10 15:00:00,1197.78,759.98,44.36,60.41,45.83,32.27,Summer Sale,Summer Sale,1,0,-1.0,0,1.3,
2026-05-10 16:00:00,1290.63,791.44,39.93,64.12,43.91,30.34,Summer Sale,Summer Sale,1,0,-1.0,0,1.3,
2026-05-10 17:00:00,1702.69,1047.2,57.88,80.5,52.21,38.97,Summer Sale,Summer Sale,1,0,-1.0,0,1.3,
2026-05-10 18:00:00,1730.01,1095.99,59.9,80.96,52.66,39.08,Summer Sale,Summer Sale,1,0,-1.0,0,1.3,
2026-05-10 19:00:00,1661.01,1007.76,56.98,73.93,51.6,39.22,Summer Sale,Summer Sale,1,0,-1.0,0,1.3,
2026-05-10 20:00:00,1698.24,1073.63,57.87,77.27,49.68,41.47,Summer Sale,Summer Sale,1,0,-1.0,0,1.3,
2026-05-10 21:00:00,1268.14,804.92,42.27,67.66,49.97,28.75,Summer Sale,Summer Sale,1,0,-1.0,0,1.3,
2026-05-10 22:00:00,1271.64,807.74,45.45,66.46,44.47,36.17,Summer Sale,Summer Sale,1,0,-1.0,0,1.3,
2026-05-10 23:00:00,1352.5,808.13,43.94,62.18,50.17,30.88,Summer Sale,Summer Sale,1,0,-1.0,0,1.3,
2026-05-11 00:00:00,513.68,306.72,15.64,31.14,33.93,22.27,Summer Sale,Summer Sale,1,0,-1.0,0,1.3,
2026-05-11 01:00:00,478.38,257.96,15.79,29.32,34.57,16.64,Summer Sale,Summer Sale,1,0,-1.0,0,1.3,
2026-05-11 02:00:00,473.68,299.89,14.42,33.52,32.76,14.64,Summer Sale,Summer Sale,1,0,-1.0,0,1.3,
2026-05-11 03:00:00,542.51,337.45,15.97,34.98,35.21,21.64,Summer Sale,Summer Sale,1,0,-1.0,0,1.3,
2026-05-11 04:00:00,536.1,315.31,17.94,37.54,34.5,22.14,Summer Sale,Summer Sale,1,0,-1.0,0,1.3,
2026-05-11 05:00:00,483.36,296.83,15.11,35.09,33.61,16.11,Summer Sale,Summer Sale,1,0,-1.0,0,1.3,
2026-05-11 06:00:00,764.32,445.4,23.88,47.27,37.65,23.81,Summer Sale,Summer Sale,1,0,-1.0,0,1.3,
2026-05-11 07:00:00,681.41,396.37,23.68,39.82,34.59,23.84,Summer Sale,Summer Sale,1,0,-1.0,0,1.3,
2026-05-11 08:00:00,686.14,432.14,23.85,42.93,34.63,21.64,Summer Sale,Summer Sale,1,0,-1.0,0,1.3,
2026-05-11 09:00:00,895.91,567.53,29.88,53.13,38.78,24.07,Summer Sale,Summer Sale,1,0,-1.0,0,1.3,
2026-05-11 10:00:00,935.71,569.87,33.36,50.21,39.35,29.07,Summer Sale,Summer Sale,1,0,-1.0,0,1.3,
2026-05-11 11:00:00,971.04,643.61,37.92,52.51,42.49,31.14,Summer Sale,Summer Sale,1,0,-1.0,0,1.3,
2026-05-11 12:00:00,1019.55,656.82,38.06,54.96,39.66,27.72,Summer Sale,Summer Sale,1,0,-1.0,0,1.3,
2026-05-11 13:00:00,970.28,635.14,34.37,57.57,38.03,30.04,Summer Sale,Summer Sale,1,0,-1.0,0,1.3,
2026-05-11 14:00:00,1032.19,607.85,36.69,56.38,41.97,27.26,Summer Sale,Summer Sale,1,0,-1.0,0,1.3,
2026-05-11 15:00:00,1081.64,675.48,35.57,56.02,46.31,34.23,Summer Sale,Summer Sale,1,0,-1.0,0,1.3,
2026-05-11 16:00:00,1141.07,719.42,38.89,57.51,41.93,28.88,Summer Sale,Summer Sale,1,0,-1.0,0,1.3,
2026-05-11 17:00:00,1665.78,1077.94,60.78,77.43,54.1,38.47,Summer Sale,Summer Sale,1,0,-1.0,0,1.3,
2026-05-11 18:00:00,1342.1,839.28,44.48,64.48,46.31,31.99,Summer Sale,Summer Sale,1,0,-1.0,0,1.3,
2026-05-11 19:00:00,1501.43,928.83,47.33,75.61,47.56,33.32,Summer Sale,Summer Sale,1,0,-1.0,0,1.3,
2026-05-11 20:00:00,1479.3,914.46,53.21,71.66,50.28,35.41,Summer Sale,Summer Sale,1,0,-1.0,0,1.3,
2026-05-11 21:00:00,1183.32,741.4,36.91,60.2,46.44,38.42,Summer Sale,Summer Sale,1,0,-1.0,0,1.3,
2026-05-11 22:00:00,1099.35,692.17,36.93,63.06,39.98,30.55,Summer Sale,Summer Sale,1,0,-1.0,0,1.3,
2026-05-11 23:00:00,1087.48,666.27,36.58,59.36,40.33,29.98,Summer Sale,Summer Sale,1,0,-1.0,0,1.3,
2026-05-12 00:00:00,502.06,318.1,19.41,33.12,34.16,18.81,Summer Sale,Summer Sale,1,0,-1.0,0,1.3,
2026-05-12 01:00:00,529.08,336.39,18.08,35.9,34.64,22.93,Summer Sale,Summer Sale,1,0,-1.0,0,1.3,
2026-05-12 02:00:00,488.23,274.38,16.48,30.63,29.69,16.73,Summer Sale,Summer Sale,1,0,-1.0,0,1.3,
2026-05-12 03:00:00,491.17,271.12,11.03,31.29,33.63,16.23,Summer Sale,Summer Sale,1,0,-1.0,0,1.3,
2026-05-12 04:00:00,493.06,354.36,19.39,38.75,30.49,25.19,Summer Sale,Summer Sale,1,0,-1.0,0,1.3,
2026-05-12 05:00:00,488.02,296.87,18.96,34.81,32.39,18.86,Summer Sale,Summer Sale,1,0,-1.0,0,1.3,
2026-05-12 06:00:00,714.57,452.29,25.98,42.46,34.62,22.09,Summer Sale,Summer Sale,1,0,-1.0,0,1.3,
2026-05-12 07:00:00,673.76,377.97,21.38,42.75,37.2,16.69,Summer Sale,Summer Sale,1,0,-1.0,0,1.3,
2026-05-12 08:00:00,715.65,416.15,23.18,41.41,37.35,22.37,Summer Sale,Summer Sale,1,0,-1.0,0,1.3,
2026-05-12 09:00:00,857.64,507.56,27.93,47.93,35.77,21.62,Summer Sale,Summer Sale,1,0,-1.0,0,1.3,
2026-05-12 10:00:00,950.12,553.98,27.13,49.42,39.18,24.09,Summer Sale,Summer Sale,1,0,-1.0,0,1.3,
2026-05-12 11:00:00,914.12,567.1,29.75,51.01,38.78,26.51,Summer Sale,Summer Sale,1,0,-1.0,0,1.3,
2026-05-12 12:00:00,989.06,634.2,37.46,56.55,41.29,26.99,Summer Sale,Summer Sale,1,0,-1.0,0,1.3,
2026-05-12 13:00:00,1038.39,621.86,34.21,56.03,40.2,27.47,Summer Sale,Summer Sale,1,0,-1.0,0,1.3,
2026-05-12 14:00:00,1023.06,639.53,34.08,53.11,40.03,28.99,Summer Sale,Summer Sale,1,0,-1.0,0,1.3,
2026-05-12 15:00:00,1053.8,642.64,35.87,54.31,44.17,26.12,Summer Sale,Summer Sale,1,0,-1.0,0,1.3,
2026-05-12 16:00:00,1049.02,615.27,33.15,49.88,43.33,28.91,Summer Sale,Summer Sale,1,0,-1.0,0,1.3,
2026-05-12 17:00:00,1563.78,970.27,51.6,72.17,53.64,39.13,Summer Sale,Summer Sale,1,0,-1.0,0,1.3,
2026-05-12 18:00:00,1514.0,925.79,53.66,70.04,50.2,37.85,Summer Sale,Summer Sale,1,0,-1.0,0,1.3,
2026-05-12 19:00:00,1441.85,914.68,51.35,70.6,46.52,33.42,Summer Sale,Summer Sale,1,0,-1.0,0,1.3,
2026-05-12 20:00:00,1526.56,910.88,50.36,72.55,51.92,31.98,Summer Sale,Summer Sale,1,0,-1.0,0,1.3,
2026-05-12 21:00:00,1247.41,815.78,45.69,62.09,44.55,32.3,Summer Sale,Summer Sale,1,0,-1.0,0,1.3,
2026-05-12 22:00:00,1186.21,736.0,41.04,60.38,44.7,29.48,Summer Sale,Summer Sale,1,0,-1.0,0,1.3,
2026-05-12 23:00:00,1150.59,698.97,42.28,62.32,44.67,32.12,Summer Sale,Summer Sale,1,0,-1.0,0,1.3,
2026-05-13 00:00:00,521.89,328.1,15.03,36.28,32.2,17.94,Summer Sale,Summer Sale,1,0,-1.0,0,1.3,
2026-05-13 01:00:00,464.56,300.34,17.17,32.31,30.41,21.83,Summer Sale,Summer Sale,1,0,-1.0,0,1.3,
2026-05-13 02:00:00,479.83,301.76,16.22,36.68,30.44,19.72,Summer Sale,Summer Sale,1,0,-1.0,0,1.3,
2026-05-13 03:00:00,506.08,319.53,17.73,37.29,36.99,25.11,Summer Sale,Summer Sale,1,0,-1.0,0,1.3,
2026-05-13 04:00:00,485.81,243.25,14.57,33.3,34.38,18.65,Summer Sale,Summer Sale,1,0,-1.0,0,1.3,
2026-05-13 05:00:00,503.32,340.28,21.25,33.87,30.92,20.3,Summer Sale,Summer Sale,1,0,-1.0,0,1.3,
2026-05-13 06:00:00,728.46,446.0,25.4,46.39,39.83,24.31,Summer Sale,Summer Sale,1,0,-1.0,0,1.3,
2026-05-13 07:00:00,694.0,426.6,23.31,44.04,36.57,26.77,Summer Sale,Summer Sale,1,0,-1.0,0,1.3,
2026-05-13 08:00:00,708.17,448.68,29.39,42.39,36.33,21.33,Summer Sale,Summer Sale,1,0,-1.0,0,1.3,
2026-05-13 09:00:00,951.83,570.63,33.48,51.66,38.31,27.95,Summer Sale,Summer Sale,1,0,-1.0,0,1.3,
2026-05-13 10:00:00,956.45,616.82,31.63,54.33,41.81,26.57,Summer Sale,Summer Sale,1,0,-1.0,0,1.3,
2026-05-13 11:00:00,888.27,549.68,32.69,52.66,38.24,23.18,Summer Sale,Summer Sale,1,0,-1.0,0,1.3,
2026-05-13 12:00:00,927.5,563.34,31.88,50.51,38.26,28.29,Summer Sale,Summer Sale,1,0,-1.0,0,1.3,
2026-05-13 13:00:00,1066.9,672.36,33.53,50.73,39.26,27.85,Summer Sale,Summer Sale,1,0,-1.0,0,1.3,
2026-05-13 14:00:00,1089.99,617.24,37.13,54.92,45.25,25.66,Summer Sale,Summer Sale,1,0,-1.0,0,1.3,
2026-05-13 15:00:00,1086.15,675.54,38.79,56.5,43.41,31.09,Summer Sale,Summer Sale,1,0,-1.0,0,1.3,
2026-05-13 16:00:00,1024.97,641.54,31.51,56.83,45.33,25.55,Summer Sale,Summer Sale,1,0,-1.0,0,1.3,
2026-05-13 17:00:00,1498.67,951.19,52.38,73.21,48.7,34.92,Summer Sale,Summer Sale,1,0,-1.0,0,1.3,
2026-05-13 18:00:00,1499.02,930.44,48.81,71.7,52.62,34.42,Summer Sale,Summer Sale,1,0,-1.0,0,1.3,
2026-05-13 19:00:00,1412.41,871.91,46.53,65.19,48.29,32.38,Summer Sale,Summer Sale,1,0,-1.0,0,1.3,
2026-05-13 20:00:00,1458.52,908.12,46.88,66.18,50.14,30.84,Summer Sale,Summer Sale,1,0,-1.0,0,1.3,
2026-05-13 21:00:00,1113.8,645.56,34.53,57.03,43.16,32.92,Summer Sale,Summer Sale,1,0,-1.0,0,1.3,
2026-05-13 22:00:00,1234.62,742.19,38.43,68.04,47.11,31.73,Summer Sale,Summer Sale,1,0,-1.0,0,1.3,
2026-05-13 23:00:00,1175.37,735.56,37.49,60.9,44.12,28.58,Summer Sale,Summer Sale,1,0,-1.0,0,1.3,
2026-05-14 00:00:00,488.59,340.8,18.49,42.42,28.82,19.48,Summer Sale,Summer Sale,1,0,-1.0,0,1.3,
2026-05-14 01:00:00,463.26,256.99,12.48,34.06,32.41,17.07,Summer Sale,Summer Sale,1,0,-1.0,0,1.3,
2026-05-14 02:00:00,446.18,313.57,16.67,32.89,32.13,20.25,Summer Sale,Summer Sale,1,0,-1.0,0,1.3,
2026-05-14 03:00:00,494.01,310.0,14.74,37.8,30.4,18.54,Summer Sale,Summer Sale,1,0,-1.0,0,1.3,
2026-05-14 04:00:00,518.39,351.5,22.5,40.6,32.16,17.71,Summer Sale,Summer Sale,1,0,-1.0,0,1.3,
2026-05-14 05:00:00,537.38,367.44,18.87,41.14,32.47,24.19,Summer Sale,Summer Sale,1,0,-1.0,0,1.3,
2026-05-14 06:00:00,706.59,487.55,28.39,50.09,35.08,25.0,Summer Sale,Summer Sale,1,0,-1.0,0,1.3,
2026-05-14 07:00:00,690.12,448.97,26.49,49.72,36.7,24.67,Summer Sale,Summer Sale,1,0,-1.0,0,1.3,
2026-05-14 08:00:00,708.19,452.61,24.13,44.32,36.39,22.61,Summer Sale,Summer Sale,1,0,-1.0,0,1.3,
2026-05-14 09:00:00,951.41,580.49,31.17,54.42,40.52,27.21,Summer Sale,Summer Sale,1,0,-1.0,0,1.3,
2026-05-14 10:00:00,879.32,555.76,31.63,49.05,43.12,21.32,Summer Sale,Summer Sale,1,0,-1.0,0,1.3,
2026-05-14 11:00:00,985.62,628.9,35.67,54.63,41.86,29.46,Summer Sale,Summer Sale,1,0,-1.0,0,1.3,
2026-05-14 12:00:00,914.0,574.16,31.21,48.41,40.97,25.23,Summer Sale,Summer Sale,1,0,-1.0,0,1.3,
2026-05-14 13:00:00,980.62,594.5,31.1,55.17,40.98,29.63,Summer Sale,Summer Sale,1,0,-1.0,0,1.3,
2026-05-14 14:00:00,1024.67,657.15,41.82,56.66,43.14,29.82,Summer Sale,Summer Sale,1,0,-1.0,0,1.3,
2026-05-14 15:00:00,984.63,625.12,34.99,53.36,38.97,29.02,Summer Sale,Summer Sale,1,0,-1.0,0,1.3,
2026-05-14 16:00:00,1008.46,678.59,37.55,53.55,40.12,28.41,Summer Sale,Summer Sale,1,0,-1.0,0,1.3,
2026-05-14 17:00:00,1688.01,1024.45,56.11,76.26,53.69,36.57,Summer Sale,Summer Sale,1,0,-1.0,0,1.3,
2026-05-14 18:00:00,1420.53,875.85,47.57,67.3,47.07,36.27,Summer Sale,Summer Sale,1,0,-1.0,0,1.3,
2026-05-14 19:00:00,1482.24,890.63,48.06,70.07,46.53,37.52,Summer Sale,Summer Sale,1,0,-1.0,0,1.3,
2026-05-14 20:00:00,1571.66,1010.18,56.34,70.8,53.79,35.53,Summer Sale,Summer Sale,1,0,-1.0,0,1.3,
2026-05-14 21:00:00,1125.76,701.88,41.36,61.22,44.95,28.92,Summer Sale,Summer Sale,1,0,-1.0,0,1.3,
2026-05-14 22:00:00,1152.39,723.13,39.51,61.98,45.25,31.26,Summer Sale,Summer Sale,1,0,-1.0,0,1.3,
2026-05-14 23:00:00,1023.61,637.84,34.86,55.31,39.89,25.3,Summer Sale,Summer Sale,1,0,-1.0,0,1.3,
2026-05-15 00:00:00,514.0,309.77,18.19,34.37,35.57,21.75,Summer Sale,Summer Sale,1,0,-1.0,0,1.3,
2026-05-15 01:00:00,509.82,310.76,18.8,37.04,33.14,21.85,Summer Sale,Summer Sale,1,0,-1.0,0,1.3,
2026-05-15 02:00:00,538.19,302.37,14.53,33.96,30.14,19.43,Summer Sale,Summer Sale,1,0,-1.0,0,1.3,
2026-05-15 03:00:00,517.44,320.28,16.55,39.37,33.08,20.69,Summer Sale,Summer Sale,1,0,-1.0,0,1.3,
2026-05-15 04:00:00,531.35,326.36,22.07,35.82,37.03,18.21,Summer Sale,Summer Sale,1,0,-1.0,0,1.3,
2026-05-15 05:00:00,515.36,303.46,18.93,34.58,33.34,18.29,Summer Sale,Summer Sale,1,0,-1.0,0,1.3,
2026-05-15 06:00:00,759.64,454.58,28.37,42.04,34.22,25.27,Summer Sale,Summer Sale,1,0,-1.0,0,1.3,
2026-05-15 07:00:00,704.17,436.4,23.36,39.99,35.82,25.44,Summer Sale,Summer Sale,1,0,-1.0,0,1.3,
2026-05-15 08:00:00,762.03,478.25,28.53,42.97,36.3,24.75,Summer Sale,Summer Sale,1,0,-1.0,0,1.3,
2026-05-15 09:00:00,942.72,578.32,29.41,46.36,41.66,26.94,Summer Sale,Summer Sale,1,0,-1.0,0,1.3,
2026-05-15 10:00:00,991.7,603.92,31.79,53.13,42.57,26.64,Summer Sale,Summer Sale,1,0,-1.0,0,1.3,
2026-05-15 11:00:00,986.95,586.75,31.95,52.12,43.23,27.08,Summer Sale,Summer Sale,1,0,-1.0,0,1.3,
2026-05-15 12:00:00,1031.75,605.99,33.59,53.97,42.78,25.52,Summer Sale,Summer Sale,1,0,-1.0,0,1.3,
2026-05-15 13:00:00,1149.86,713.24,37.05,59.25,42.92,35.4,Summer Sale,Summer Sale,1,0,-1.0,0,1.3,
2026-05-15 14:00:00,1116.22,693.3,37.91,60.51,44.97,23.51,Summer Sale,Summer Sale,1,0,-1.0,0,1.3,
2026-05-15 15:00:00,1094.64,679.38,34.74,59.53,47.1,30.1,Summer Sale,Summer Sale,1,0,-1.0,0,1.3,
2026-05-15 16:00:00,1118.9,738.82,38.97,55.55,44.33,29.98,Summer Sale,Summer Sale,1,0,-1.0,0,1.3,
2026-05-15 17:00:00,1403.54,868.24,49.21,67.93,46.29,33.26,Summer Sale,Summer Sale,1,0,-1.0,0,1.3,
2026-05-15 18:00:00,1505.62,885.25,48.4,66.52,50.91,31.01,Summer Sale,Summer Sale,1,0,-1.0,0,1.3,
2026-05-15 19:00:00,1583.4,971.48,52.35,75.12,49.19,36.84,Summer Sale,Summer Sale,1,0,-1.0,0,1.3,
2026-05-15 20:00:00,1451.92,886.27,49.56,66.65,46.15,34.65,Summer Sale,Summer Sale,1,0,-1.0,0,1.3,
2026-05-15 21:00:00,1170.6,729.99,40.8,60.36,45.12,30.44,Summer Sale,Summer Sale,1,0,-1.0,0,1.3,
2026-05-15 22:00:00,1054.53,610.11,37.41,53.89,43.83,26.56,Summer Sale,Summer Sale,1,0,-1.0,0,1.3,
2026-05-15 23:00:00,1168.78,713.31,44.16,60.08,42.8,26.53,Summer Sale,Summer Sale,1,0,-1.0,0,1.3,
2026-05-16 00:00:00,635.05,389.65,22.92,42.75,33.87,23.09,Summer Sale,Summer Sale,1,0,-1.0,0,1.3,
2026-05-16 01:00:00,560.55,322.78,20.08,36.61,34.57,20.89,Summer Sale,Summer Sale,1,0,-1.0,0,1.3,
2026-05-16 02:00:00,596.45,330.88,17.03,36.85,32.48,21.13,Summer Sale,Summer Sale,1,0,-1.0,0,1.3,
2026-05-16 03:00:00,612.31,413.26,22.05,42.23,35.3,23.57,Summer Sale,Summer Sale,1,0,-1.0,0,1.3,
2026-05-16 04:00:00,552.63,388.15,23.2,42.27,35.8,22.77,Summer Sale,Summer Sale,1,0,-1.0,0,1.3,
2026-05-16 05:00:00,548.32,336.49,15.2,38.57,32.98,20.33,Summer Sale,Summer Sale,1,0,-1.0,0,1.3,
2026-05-16 06:00:00,885.17,537.38,29.05,49.32,35.37,24.9,Summer Sale,Summer Sale,1,0,-1.0,0,1.3,
2026-05-16 07:00:00,731.14,438.67,25.84,44.71,35.24,23.05,Summer Sale,Summer Sale,1,0,-1.0,0,1.3,
2026-05-16 08:00:00,790.03,489.76,32.8,50.97,37.54,24.56,Summer Sale,Summer Sale,1,0,-1.0,0,1.3,
2026-05-16 09:00:00,1038.33,623.72,35.03,53.06,43.46,30.73,Summer Sale,Summer Sale,1,0,-1.0,0,1.3,
2026-05-16 10:00:00,1109.96,690.72,34.63,59.83,40.58,28.43,Summer Sale,Summer Sale,1,0,-1.0,0,1.3,
2026-05-16 11:00:00,1144.18,735.14,39.5,59.21,42.05,27.98,Summer Sale,Summer Sale,1,0,-1.0,0,1.3,
2026-05-16 12:00:00,1057.15,615.1,35.2,55.12,43.09,25.47,Summer Sale,Summer Sale,1,0,-1.0,0,1.3,
2026-05-16 13:00:00,1147.33,712.68,39.33,58.88,42.93,33.24,Summer Sale,Summer Sale,1,0,-1.0,0,1.3,
2026-05-16 14:00:00,1246.24,821.94,47.74,69.22,43.04,33.73,Summer Sale,Summer Sale,1,0,-1.0,0,1.3,
2026-05-16 15:00:00,1193.9,698.64,41.42,58.26,42.19,28.64,Summer Sale,Summer Sale,1,0,-1.0,0,1.3,
2026-05-16 16:00:00,1171.67,709.09,38.56,63.61,42.59,33.05,Summer Sale,Summer Sale,1,0,-1.0,0,1.3,
2026-05-16 17:00:00,1807.63,1130.64,63.68,83.37,57.3,41.4,Summer Sale,Summer Sale,1,0,-1.0,0,1.3,
2026-05-16 18:00:00,1589.71,993.02,56.18,74.68,51.28,35.6,Summer Sale,Summer Sale,1,0,-1.0,0,1.3,
2026-05-16 19:00:00,1614.59,962.29,49.85,75.89,46.47,34.72,Summer Sale,Summer Sale,1,0,-1.0,0,1.3,
2026-05-16 20:00:00,1667.65,1026.89,52.77,78.56,49.8,39.94,Summer Sale,Summer Sale,1,0,-1.0,0,1.3,
2026-05-16 21:00:00,1306.77,807.8,44.44,65.42,46.29,31.34,Summer Sale,Summer Sale,1,0,-1.0,0,1.3,
2026-05-16 22:00:00,1371.83,862.19,45.89,68.84,49.7,34.97,Summer Sale,Summer Sale,1,0,-1.0,0,1.3,
2026-05-16 23:00:00,1411.57,879.47,46.5,66.84,48.64,35.87,Summer Sale,Summer Sale,1,0,-1.0,0,1.3,
2026-05-17 00:00:00,658.86,433.04,21.48,40.84,39.76,22.4,Summer Sale,Summer Sale,1,0,-1.0,0,1.3,
2026-05-17 01:00:00,579.68,335.39,21.58,38.98,32.31,18.4,Summer Sale,Summer Sale,1,0,-1.0,0,1.3,
2026-05-17 02:00:00,587.19,365.16,21.75,40.5,33.45,20.04,Summer Sale,Summer Sale,1,0,-1.0,0,1.3,
2026-05-17 03:00:00,573.68,341.92,18.54,38.02,31.96,21.81,Summer Sale,Summer Sale,1,0,-1.0,0,1.3,
2026-05-17 04:00:00,567.6,330.86,17.49,38.04,33.82,21.12,Summer Sale,Summer Sale,1,0,-1.0,0,1.3,
2026-05-17 05:00:00,604.28,407.28,22.97,38.49,33.73,20.17,Summer Sale,Summer Sale,1,0,-1.0,0,1.3,
2026-05-17 06:00:00,906.2,611.53,34.93,54.91,39.91,28.02,Summer Sale,Summer Sale,1,0,-1.0,0,1.3,
2026-05-17 07:00:00,768.61,474.69,24.35,46.21,36.95,27.76,Summer Sale,Summer Sale,1,0,-1.0,0,1.3,
2026-05-17 08:00:00,873.62,548.76,29.65,53.87,38.79,26.38,Summer Sale,Summer Sale,1,0,-1.0,0,1.3,
2026-05-17 09:00:00,1094.67,668.59,36.85,51.94,39.51,29.41,Summer Sale,Summer Sale,1,0,-1.0,0,1.3,
2026-05-17 10:00:00,1178.01,739.07,39.21,57.08,45.6,29.34,Summer Sale,Summer Sale,1,0,-1.0,0,1.3,
2026-05-17 11:00:00,1127.49,708.79,39.94,59.0,43.93,29.48,Summer Sale,Summer Sale,1,0,-1.0,0,1.3,
2026-05-17 12:00:00,1057.66,631.66,29.97,54.43,45.02,29.25,Summer Sale,Summer Sale,1,0,-1.0,0,1.3,
2026-05-17 13:00:00,1234.77,747.21,43.09,61.2,48.14,28.72,Summer Sale,Summer Sale,1,0,-1.0,0,1.3,
2026-05-17 14:00:00,1175.09,707.37,35.94,56.89,44.18,28.26,Summer Sale,Summer Sale,1,0,-1.0,0,1.3,
2026-05-17 15:00:00,985.46,637.84,31.71,56.06,40.82,32.18,Summer Sale,Summer Sale,1,0,-1.0,0,1.3,
2026-05-17 16:00:00,1281.73,782.06,41.61,67.2,42.84,31.93,Summer Sale,Summer Sale,1,0,-1.0,0,1.3,
2026-05-17 17:00:00,1723.55,1060.02,59.01,79.96,54.22,38.78,Summer Sale,Summer Sale,1,0,-1.0,0,1.3,
2026-05-17 18:00:00,1771.15,1100.45,59.21,81.7,52.68,37.95,Summer Sale,Summer Sale,1,0,-1.0,0,1.3,
2026-05-17 19:00:00,1705.76,1054.59,58.07,81.39,52.0,38.76,Summer Sale,Summer Sale,1,0,-1.0,0,1.3,
2026-05-17 20:00:00,1745.16,1066.78,58.82,82.47,54.04,39.12,Summer Sale,Summer Sale,1,0,-1.0,0,1.3,
2026-05-17 21:00:00,1301.8,856.33,45.8,62.78,47.85,33.18,Summer Sale,Summer Sale,1,0,-1.0,0,1.3,
2026-05-17 22:00:00,1328.94,810.3,48.31,65.98,47.69,32.58,Summer Sale,Summer Sale,1,0,-1.0,0,1.3,
2026-05-17 23:00:00,1367.6,882.88,48.06,65.03,48.99,35.07,Summer Sale,Summer Sale,1,0,-1.0,0,1.3,
2026-05-18 00:00:00,505.85,325.39,17.16,36.74,32.34,18.95,Summer Sale,Summer Sale,1,0,-1.0,0,1.3,
2026-05-18 01:00:00,533.05,295.18,20.96,37.74,29.51,18.93,Summer Sale,Summer Sale,1,0,-1.0,0,1.3,
2026-05-18 02:00:00,498.89,319.11,15.57,36.43,32.24,18.5,Summer Sale,Summer Sale,1,0,-1.0,0,1.3,
2026-05-18 03:00:00,481.08,321.24,14.27,37.5,33.77,19.59,Summer Sale,Summer Sale,1,0,-1.0,0,1.3,
2026-05-18 04:00:00,504.45,341.85,17.39,35.91,31.58,22.88,Summer Sale,Summer Sale,1,0,-1.0,0,1.3,
2026-05-18 05:00:00,535.64,297.2,18.36,37.71,36.21,20.2,Summer Sale,Summer Sale,1,0,-1.0,0,1.3,
2026-05-18 06:00:00,725.14,478.22,27.7,50.93,38.24,24.26,Summer Sale,Summer Sale,1,0,-1.0,0,1.3,
2026-05-18 07:00:00,684.08,409.61,19.66,41.37,37.48,22.23,Summer Sale,Summer Sale,1,0,-1.0,0,1.3,
2026-05-18 08:00:00,763.87,482.04,25.71,46.02,37.93,24.33,Summer Sale,Summer Sale,1,0,-1.0,0,1.3,
2026-05-18 09:00:00,957.52,574.44,30.73,57.16,42.73,23.41,Summer Sale,Summer Sale,1,0,-1.0,0,1.3,
2026-05-18 10:00:00,837.89,521.39,30.46,46.87,40.29,25.15,Summer Sale,Summer Sale,1,0,-1.0,0,1.3,
2026-05-18 11:00:00,942.61,603.32,32.12,51.97,41.36,27.02,Summer Sale,Summer Sale,1,0,-1.0,0,1.3,
2026-05-18 12:00:00,1041.06,662.8,37.71,56.03,43.45,27.92,Summer Sale,Summer Sale,1,0,-1.0,0,1.3,
2026-05-18 13:00:00,1077.16,644.93,37.55,56.37,46.28,32.91,Summer Sale,Summer Sale,1,0,-1.0,0,1.3,
2026-05-18 14:00:00,1102.71,685.39,35.8,59.93,43.17,30.21,Summer Sale,Summer Sale,1,0,-1.0,0,1.3,
2026-05-18 15:00:00,1154.03,694.89,36.37,57.91,45.26,30.48,Summer Sale,Summer Sale,1,0,-1.0,0,1.3,
2026-05-18 16:00:00,1014.6,647.97,33.24,53.18,41.02,27.09,Summer Sale,Summer Sale,1,0,-1.0,0,1.3,
2026-05-18 17:00:00,1576.55,984.62,57.69,74.3,50.56,39.04,Summer Sale,Summer Sale,1,0,-1.0,0,1.3,
2026-05-18 18:00:00,1502.53,968.92,54.37,67.74,51.9,38.05,Summer Sale,Summer Sale,1,0,-1.0,0,1.3,
2026-05-18 19:00:00,1581.19,932.57,49.97,71.14,49.2,38.8,Summer Sale,Summer Sale,1,0,-1.0,0,1.3,
2026-05-18 20:00:00,1508.51,934.36,52.49,73.54,42.97,34.07,Summer Sale,Summer Sale,1,0,-1.0,0,1.3,
2026-05-18 21:00:00,1091.05,686.46,37.18,57.66,38.39,28.54,Summer Sale,Summer Sale,1,0,-1.0,0,1.3,
2026-05-18 22:00:00,1239.43,803.68,45.64,60.74,47.59,33.54,Summer Sale,Summer Sale,1,0,-1.0,0,1.3,
2026-05-18 23:00:00,1167.1,672.97,38.92,56.14,44.53,28.96,Summer Sale,Summer Sale,1,0,-1.0,0,1.3,
2026-05-19 00:00:00,542.11,332.97,18.28,41.27,31.9,21.95,Summer Sale,Summer Sale,1,0,-1.0,0,1.3,
2026-05-19 01:00:00,498.39,283.94,15.62,36.49,35.18,22.05,Summer Sale,Summer Sale,1,0,-1.0,0,1.3,
2026-05-19 02:00:00,495.97,282.82,14.92,31.74,32.0,18.39,Summer Sale,Summer Sale,1,0,-1.0,0,1.3,
2026-05-19 03:00:00,521.7,268.31,13.29,32.43,35.24,16.48,Summer Sale,Summer Sale,1,0,-1.0,0,1.3,
2026-05-19 04:00:00,509.09,312.43,19.27,37.62,32.9,18.7,Summer Sale,Summer Sale,1,0,-1.0,0,1.3,
2026-05-19 05:00:00,456.77,289.37,16.98,30.74,29.3,19.74,Summer Sale,Summer Sale,1,0,-1.0,0,1.3,
2026-05-19 06:00:00,739.45,433.69,22.7,38.84,39.33,20.24,Summer Sale,Summer Sale,1,0,-1.0,0,1.3,
2026-05-19 07:00:00,746.83,462.16,28.0,42.79,36.82,20.16,Summer Sale,Summer Sale,1,0,-1.0,0,1.3,
2026-05-19 08:00:00,656.64,422.03,19.64,41.67,37.19,24.04,Summer Sale,Summer Sale,1,0,-1.0,0,1.3,
2026-05-19 09:00:00,919.25,530.22,30.18,52.57,38.3,23.65,Summer Sale,Summer Sale,1,0,-1.0,0,1.3,
2026-05-19 10:00:00,925.89,588.34,34.82,48.78,36.74,31.39,Summer Sale,Summer Sale,1,0,-1.0,0,1.3,
2026-05-19 11:00:00,942.41,590.62,31.1,53.34,41.94,27.37,Summer Sale,Summer Sale,1,0,-1.0,0,1.3,
2026-05-19 12:00:00,1033.61,632.67,34.27,55.32,42.5,28.27,Summer Sale,Summer Sale,1,0,-1.0,0,1.3,
2026-05-19 13:00:00,994.46,624.38,33.59,52.6,40.97,25.69,Summer Sale,Summer Sale,1,0,-1.0,0,1.3,
2026-05-19 14:00:00,1002.38,556.09,34.08,52.43,40.81,24.57,Summer Sale,Summer Sale,1,0,-1.0,0,1.3,
2026-05-19 15:00:00,909.89,545.92,31.46,52.2,40.75,25.96,Summer Sale,Summer Sale,1,0,-1.0,0,1.3,
2026-05-19 16:00:00,1131.99,693.62,40.32,57.31,41.48,27.33,Summer Sale,Summer Sale,1,0,-1.0,0,1.3,
2026-05-19 17:00:00,1429.79,902.94,48.18,67.49,49.73,35.23,Summer Sale,Summer Sale,1,0,-1.0,0,1.3,
2026-05-19 18:00:00,1582.85,994.18,53.17,75.59,51.16,35.02,Summer Sale,Summer Sale,1,0,-1.0,0,1.3,
2026-05-19 19:00:00,1426.76,867.57,51.79,67.42,50.72,32.75,Summer Sale,Summer Sale,1,0,-1.0,0,1.3,
2026-05-19 20:00:00,1577.28,1000.48,56.93,76.61,53.57,37.77,Summer Sale,Summer Sale,1,0,-1.0,0,1.3,
2026-05-19 21:00:00,1275.21,750.13,41.95,62.67,43.81,31.91,Summer Sale,Summer Sale,1,0,-1.0,0,1.3,
2026-05-19 22:00:00,1087.06,657.62,32.17,60.19,42.02,32.77,Summer Sale,Summer Sale,1,0,-1.0,0,1.3,
2026-05-19 23:00:00,1221.73,768.67,41.1,59.75,45.82,31.07,Summer Sale,Summer Sale,1,0,-1.0,0,1.3,
2026-05-20 00:00:00,469.92,253.43,12.02,37.72,36.42,18.75,Summer Sale,Summer Sale,1,0,-1.0,0,1.3,
2026-05-20 01:00:00,507.4,306.18,14.97,39.28,36.37,17.87,Summer Sale,Summer Sale,1,0,-1.0,0,1.3,
2026-05-20 02:00:00,501.56,299.72,15.64,38.46,29.9,20.43,Summer Sale,Summer Sale,1,0,-1.0,0,1.3,
2026-05-20 03:00:00,521.98,320.08,19.39,36.95,35.31,16.96,Summer Sale,Summer Sale,1,0,-1.0,0,1.3,
2026-05-20 04:00:00,494.86,305.02,11.43,32.97,30.79,21.52,Summer Sale,Summer Sale,1,0,-1.0,0,1.3,
2026-05-20 05:00:00,485.85,280.77,17.08,30.48,28.12,18.3,Summer Sale,Summer Sale,1,0,-1.0,0,1.3,
2026-05-20 06:00:00,674.83,383.15,22.22,42.83,37.05,23.8,Summer Sale,Summer Sale,1,0,-1.0,0,1.3,
2026-05-20 07:00:00,772.63,425.82,24.32,42.02,35.64,23.77,Summer Sale,Summer Sale,1,0,-1.0,0,1.3,
2026-05-20 08:00:00,664.55,368.24,21.52,41.11,35.57,19.45,Summer Sale,Summer Sale,1,0,-1.0,0,1.3,
2026-05-20 09:00:00,986.71,628.77,34.75,51.24,39.92,29.39,Summer Sale,Summer Sale,1,0,-1.0,0,1.3,
2026-05-20 10:00:00,1014.46,620.8,33.64,53.65,41.8,26.36,Summer Sale,Summer Sale,1,0,-1.0,0,1.3,
2026-05-20 11:00:00,813.66,534.29,32.98,47.02,35.7,25.08,Summer Sale,Summer Sale,1,0,-1.0,0,1.3,
2026-05-20 12:00:00,942.41,609.18,33.61,50.97,37.38,28.96,Summer Sale,Summer Sale,1,0,-1.0,0,1.3,
2026-05-20 13:00:00,1095.12,705.49,36.87,63.1,39.13,31.06,Summer Sale,Summer Sale,1,0,-1.0,0,1.3,
2026-05-20 14:00:00,961.73,576.52,34.83,53.72,39.26,25.38,Summer Sale,Summer Sale,1,0,-1.0,0,1.3,
2026-05-20 15:00:00,1068.6,675.39,39.65,55.8,38.94,29.2,Summer Sale,Summer Sale,1,0,-1.0,0,1.3,
2026-05-20 16:00:00,1038.93,611.62,34.23,53.3,42.27,25.5,Summer Sale,Summer Sale,1,0,-1.0,0,1.3,
2026-05-20 17:00:00,1547.7,926.65,49.31,71.47,53.79,36.74,Summer Sale,Summer Sale,1,0,-1.0,0,1.3,
2026-05-20 18:00:00,1592.31,1022.66,63.45,76.86,53.91,39.59,Summer Sale,Summer Sale,1,0,-1.0,0,1.3,
2026-05-20 19:00:00,1586.18,1027.79,55.69,75.69,51.6,37.33,Summer Sale,Summer Sale,1,0,-1.0,0,1.3,
2026-05-20 20:00:00,1535.0,990.77,53.54,74.1,50.44,36.31,Summer Sale,Summer Sale,1,0,-1.0,0,1.3,
2026-05-20 21:00:00,1062.71,644.38,36.82,59.09,39.76,25.79,Summer Sale,Summer Sale,1,0,-1.0,0,1.3,
2026-05-20 22:00:00,1176.95,677.82,36.39,53.58,46.75,27.41,Summer Sale,Summer Sale,1,0,-1.0,0,1.3,
2026-05-20 23:00:00,1272.29,816.66,43.62,62.25,45.24,32.21,Summer Sale,Summer Sale,1,0,-1.0,0,1.3,
2026-05-21 00:00:00,512.62,298.41,17.91,36.19,32.03,18.04,Summer Sale,Summer Sale,1,0,-1.0,0,1.3,
2026-05-21 01:00:00,499.24,289.11,16.02,35.22,33.01,22.76,Summer Sale,Summer Sale,1,0,-1.0,0,1.3,
2026-05-21 02:00:00,500.56,335.46,18.91,36.5,32.27,20.27,Summer Sale,Summer Sale,1,0,-1.0,0,1.3,
2026-05-21 03:00:00,510.95,292.81,13.17,36.9,34.48,20.81,Summer Sale,Summer Sale,1,0,-1.0,0,1.3,
2026-05-21 04:00:00,507.81,334.02,19.8,39.06,30.91,18.16,Summer Sale,Summer Sale,1,0,-1.0,0,1.3,
2026-05-21 05:00:00,494.11,305.91,16.34,31.03,35.84,19.1,Summer Sale,Summer Sale,1,0,-1.0,0,1.3,
2026-05-21 06:00:00,734.14,486.28,22.06,44.48,35.71,23.48,Summer Sale,Summer Sale,1,0,-1.0,0,1.3,
2026-05-21 07:00:00,721.54,483.54,27.94,47.93,36.36,21.29,Summer Sale,Summer Sale,1,0,-1.0,0,1.3,
2026-05-21 08:00:00,652.17,366.11,20.86,39.77,34.67,20.42,Summer Sale,Summer Sale,1,0,-1.0,0,1.3,
2026-05-21 09:00:00,1047.55,628.91,36.45,54.69,41.69,30.08,Summer Sale,Summer Sale,1,0,-1.0,0,1.3,
2026-05-21 10:00:00,1021.42,627.29,36.1,55.31,41.38,28.09,Summer Sale,Summer Sale,1,0,-1.0,0,1.3,
2026-05-21 11:00:00,919.07,562.17,29.76,52.9,39.43,23.46,Summer Sale,Summer Sale,1,0,-1.0,0,1.3,
2026-05-21 12:00:00,917.38,488.8,25.89,47.43,39.32,28.18,Summer Sale,Summer Sale,1,0,-1.0,0,1.3,
2026-05-21 13:00:00,1094.37,691.77,34.76,56.97,41.63,27.72,Summer Sale,Summer Sale,1,0,-1.0,0,1.3,
2026-05-21 14:00:00,1021.25,587.97,29.79,54.81,41.08,25.69,Summer Sale,Summer Sale,1,0,-1.0,0,1.3,
2026-05-21 15:00:00,1063.5,688.56,37.88,58.84,40.39,27.98,Summer Sale,Summer Sale,1,0,-1.0,0,1.3,
2026-05-21 16:00:00,1082.62,718.54,42.38,60.45,42.71,32.77,Summer Sale,Summer Sale,1,0,-1.0,0,1.3,
2026-05-21 17:00:00,1571.77,917.16,48.34,72.69,47.15,33.13,Summer Sale,Summer Sale,1,0,-1.0,0,1.3,
2026-05-21 18:00:00,1458.81,898.06,48.82,69.36,50.45,33.92,Summer Sale,Summer Sale,1,0,-1.0,0,1.3,
2026-05-21 19:00:00,1482.63,885.5,50.75,68.03,47.03,34.56,Summer Sale,Summer Sale,1,0,-1.0,0,1.3,
2026-05-21 20:00:00,1453.73,888.17,49.37,68.78,53.34,34.05,Summer Sale,Summer Sale,1,0,-1.0,0,1.3,
2026-05-21 21:00:00,1212.09,702.95,36.94,56.61,42.7,30.4,Summer Sale,Summer Sale,1,0,-1.0,0,1.3,
2026-05-21 22:00:00,1236.65,775.34,42.19,61.21,47.25,35.53,Summer Sale,Summer Sale,1,0,-1.0,0,1.3,
2026-05-21 23:00:00,1183.71,757.38,42.34,63.44,41.79,29.96,Summer Sale,Summer Sale,1,0,-1.0,0,1.3,
2026-05-22 00:00:00,514.13,349.07,17.56,32.74,31.74,22.75,Summer Sale,Summer Sale,1,0,-1.0,0,1.3,
2026-05-22 01:00:00,464.23,258.4,14.52,33.05,33.08,16.0,Summer Sale,Summer Sale,1,0,-1.0,0,1.3,
2026-05-22 02:00:00,495.97,337.38,16.17,40.84,30.3,22.13,Summer Sale,Summer Sale,1,0,-1.0,0,1.3,
2026-05-22 03:00:00,494.76,278.13,14.3,35.84,32.4,21.19,Summer Sale,Summer Sale,1,0,-1.0,0,1.3,
2026-05-22 04:00:00,540.35,305.44,14.29,32.81,31.39,21.84,Summer Sale,Summer Sale,1,0,-1.0,0,1.3,
2026-05-22 05:00:00,518.28,307.71,16.9,39.5,36.63,20.21,Summer Sale,Summer Sale,1,0,-1.0,0,1.3,
2026-05-22 06:00:00,631.4,398.9,23.81,41.56,36.19,22.69,Summer Sale,Summer Sale,1,0,-1.0,0,1.3,
2026-05-22 07:00:00,683.27,401.47,21.44,44.2,34.08,22.95,Summer Sale,Summer Sale,1,0,-1.0,0,1.3,
2026-05-22 08:00:00,739.29,498.01,27.31,41.94,37.86,28.73,Summer Sale,Summer Sale,1,0,-1.0,0,1.3,
2026-05-22 09:00:00,986.22,591.76,30.38,50.14,44.77,26.14,Summer Sale,Summer Sale,1,0,-1.0,0,1.3,
2026-05-22 10:00:00,920.75,566.9,30.55,54.8,37.62,28.53,Summer Sale,Summer Sale,1,0,-1.0,0,1.3,
2026-05-22 11:00:00,958.11,624.2,37.5,53.97,39.66,27.74,Summer Sale,Summer Sale,1,0,-1.0,0,1.3,
2026-05-22 12:00:00,947.79,546.2,33.15,50.78,37.79,21.52,Summer Sale,Summer Sale,1,0,-1.0,0,1.3,
2026-05-22 13:00:00,940.47,602.35,31.89,51.49,40.96,26.03,Summer Sale,Summer Sale,1,0,-1.0,0,1.3,
2026-05-22 14:00:00,1093.42,680.3,37.25,53.43,40.95,30.21,Summer Sale,Summer Sale,1,0,-1.0,0,1.3,
2026-05-22 15:00:00,1028.04,667.52,41.41,57.9,44.46,30.13,Summer Sale,Summer Sale,1,0,-1.0,0,1.3,
2026-05-22 16:00:00,1035.9,647.26,39.63,54.11,39.53,25.91,Summer Sale,Summer Sale,1,0,-1.0,0,1.3,
2026-05-22 17:00:00,1496.02,902.45,52.98,71.12,51.38,33.96,Summer Sale,Summer Sale,1,0,-1.0,0,1.3,
2026-05-22 18:00:00,1426.25,851.54,45.02,68.6,49.29,34.49,Summer Sale,Summer Sale,1,0,-1.0,0,1.3,
2026-05-22 19:00:00,1399.89,867.92,45.68,69.26,48.76,31.35,Summer Sale,Summer Sale,1,0,-1.0,0,1.3,
2026-05-22 20:00:00,1585.68,1041.59,58.96,77.15,50.32,37.62,Summer Sale,Summer Sale,1,0,-1.0,0,1.3,
2026-05-22 21:00:00,1131.62,707.92,36.66,54.18,43.68,29.74,Summer Sale,Summer Sale,1,0,-1.0,0,1.3,
2026-05-22 22:00:00,1142.77,676.45,37.78,55.11,43.15,32.44,Summer Sale,Summer Sale,1,0,-1.0,0,1.3,
2026-05-22 23:00:00,1214.67,718.87,36.99,60.45,41.9,25.97,Summer Sale,Summer Sale,1,0,-1.0,0,1.3,
2026-05-23 00:00:00,595.52,377.24,21.65,40.4,33.99,20.11,Summer Sale,Summer Sale,1,0,-1.0,0,1.3,
2026-05-23 01:00:00,595.05,407.18,21.39,38.53,31.85,20.45,Summer Sale,Summer Sale,1,0,-1.0,0,1.3,
2026-05-23 02:00:00,585.95,309.8,17.92,38.24,30.37,17.79,Summer Sale,Summer Sale,1,0,-1.0,0,1.3,
2026-05-23 03:00:00,582.39,357.49,20.7,38.39,36.43,20.29,Summer Sale,Summer Sale,1,0,-1.0,0,1.3,
2026-05-23 04:00:00,551.56,315.38,18.82,36.68,34.64,21.11,Summer Sale,Summer Sale,1,0,-1.0,0,1.3,
2026-05-23 05:00:00,521.49,294.82,14.17,33.4,32.02,21.37,Summer Sale,Summer Sale,1,0,-1.0,0,1.3,
2026-05-23 06:00:00,888.1,543.3,29.38,47.79,39.28,25.99,Summer Sale,Summer Sale,1,0,-1.0,0,1.3,
2026-05-23 07:00:00,871.67,560.4,26.22,49.81,41.59,25.13,Summer Sale,Summer Sale,1,0,-1.0,0,1.3,
2026-05-23 08:00:00,885.62,541.42,30.13,46.61,36.86,26.99,Summer Sale,Summer Sale,1,0,-1.0,0,1.3,
2026-05-23 09:00:00,1144.01,709.95,36.59,59.21,45.96,33.23,Summer Sale,Summer Sale,1,0,-1.0,0,1.3,
2026-05-23 10:00:00,1078.35,627.08,36.17,54.16,44.22,28.24,Summer Sale,Summer Sale,1,0,-1.0,0,1.3,
2026-05-23 11:00:00,1047.3,650.78,38.41,55.29,39.73,25.09,Summer Sale,Summer Sale,1,0,-1.0,0,1.3,
2026-05-23 12:00:00,1053.4,642.85,37.0,52.55,45.02,25.4,Summer Sale,Summer Sale,1,0,-1.0,0,1.3,
2026-05-23 13:00:00,1367.36,890.9,49.28,64.91,47.13,33.5,Summer Sale,Summer Sale,1,0,-1.0,0,1.3,
2026-05-23 14:00:00,1146.58,718.16,37.85,57.7,43.08,28.8,Summer Sale,Summer Sale,1,0,-1.0,0,1.3,
2026-05-23 15:00:00,1351.85,824.76,46.24,66.29,47.69,33.48,Summer Sale,Summer Sale,1,0,-1.0,0,1.3,
2026-05-23 16:00:00,1278.57,799.38,44.42,64.35,45.46,30.16,Summer Sale,Summer Sale,1,0,-1.0,0,1.3,
2026-05-23 17:00:00,1734.93,1081.69,60.3,81.01,53.03,38.93,Summer Sale,Summer Sale,1,0,-1.0,0,1.3,
2026-05-23 18:00:00,1692.06,1056.91,57.69,79.55,54.77,37.0,Summer Sale,Summer Sale,1,0,-1.0,0,1.3,
2026-05-23 19:00:00,1792.15,1111.96,65.2,81.83,55.86,39.83,Summer Sale,Summer Sale,1,0,-1.0,0,1.3,
2026-05-23 20:00:00,1619.43,991.03,56.27,74.47,47.09,36.71,Summer Sale,Summer Sale,1,0,-1.0,0,1.3,
2026-05-23 21:00:00,1279.59,796.64,46.92,66.01,48.83,30.79,Summer Sale,Summer Sale,1,0,-1.0,0,1.3,
2026-05-23 22:00:00,1343.82,807.06,43.02,62.75,44.23,34.91,Summer Sale,Summer Sale,1,0,-1.0,0,1.3,
2026-05-23 23:00:00,1211.94,785.65,45.7,64.3,42.37,28.48,Summer Sale,Summer Sale,1,0,-1.0,0,1.3,
2026-05-24 00:00:00,564.46,365.59,20.11,36.36,35.89,24.51,Summer Sale,Summer Sale,1,0,-1.0,0,1.3,
2026-05-24 01:00:00,573.8,358.49,16.7,37.69,34.78,21.67,Summer Sale,Summer Sale,1,0,-1.0,0,1.3,
2026-05-24 02:00:00,565.64,343.84,18.02,37.3,34.46,16.66,Summer Sale,Summer Sale,1,0,-1.0,0,1.3,
2026-05-24 03:00:00,578.21,367.24,19.06,37.95,32.93,20.22,Summer Sale,Summer Sale,1,0,-1.0,0,1.3,
2026-05-24 04:00:00,580.54,363.16,15.77,40.62,33.29,24.94,Summer Sale,Summer Sale,1,0,-1.0,0,1.3,
2026-05-24 05:00:00,545.79,316.71,17.01,37.65,29.38,18.26,Summer Sale,Summer Sale,1,0,-1.0,0,1.3,
2026-05-24 06:00:00,863.1,511.42,30.87,46.78,36.87,26.01,Summer Sale,Summer Sale,1,0,-1.0,0,1.3,
2026-05-24 07:00:00,905.7,571.94,33.98,55.17,37.55,28.18,Summer Sale,Summer Sale,1,0,-1.0,0,1.3,
2026-05-24 08:00:00,774.46,490.79,26.85,49.39,39.51,25.41,Summer Sale,Summer Sale,1,0,-1.0,0,1.3,
2026-05-24 09:00:00,1112.61,702.53,38.76,58.36,45.8,32.69,Summer Sale,Summer Sale,1,0,-1.0,0,1.3,
2026-05-24 10:00:00,1088.49,680.81,37.61,53.31,41.83,32.22,Summer Sale,Summer Sale,1,0,-1.0,0,1.3,
2026-05-24 11:00:00,1055.16,707.06,41.23,59.26,43.06,27.84,Summer Sale,Summer Sale,1,0,-1.0,0,1.3,
2026-05-24 12:00:00,1081.72,706.7,37.64,61.11,39.64,27.27,Summer Sale,Summer Sale,1,0,-1.0,0,1.3,
2026-05-24 13:00:00,1341.71,831.56,44.66,69.56,49.3,34.63,Summer Sale,Summer Sale,1,0,-1.0,0,1.3,
2026-05-24 14:00:00,1190.32,730.82,40.82,62.15,43.22,30.61,Summer Sale,Summer Sale,1,0,-1.0,0,1.3,
2026-05-24 15:00:00,1241.61,801.97,45.62,60.25,44.68,30.19,Summer Sale,Summer Sale,1,0,-1.0,0,1.3,
2026-05-24 16:00:00,1260.03,804.3,44.44,63.6,45.56,32.53,Summer Sale,Summer Sale,1,0,-1.0,0,1.3,
2026-05-24 17:00:00,1685.39,1014.47,51.7,80.3,53.64,38.09,Summer Sale,Summer Sale,1,0,-1.0,0,1.3,
2026-05-24 18:00:00,1851.26,1116.39,57.93,84.01,56.06,36.45,Summer Sale,Summer Sale,1,0,-1.0,0,1.3,
2026-05-24 19:00:00,1772.41,1088.89,58.27,80.35,49.25,38.04,Summer Sale,Summer Sale,1,0,-1.0,0,1.3,
2026-05-24 20:00:00,1679.8,1055.4,57.73,80.53,47.46,36.71,Summer Sale,Summer Sale,1,0,-1.0,0,1.3,
2026-05-24 21:00:00,1391.85,855.22,48.73,63.11,49.12,32.1,Summer Sale,Summer Sale,1,0,-1.0,0,1.3,
2026-05-24 22:00:00,1304.35,833.47,48.16,68.53,50.25,35.37,Summer Sale,Summer Sale,1,0,-1.0,0,1.3,
2026-05-24 23:00:00,1300.34,809.75,43.82,69.91,48.32,31.87,Summer Sale,Summer Sale,1,0,-1.0,0,1.3,
2026-05-25 00:00:00,527.09,295.99,16.78,33.19,29.58,20.97,Summer Sale,Summer Sale,1,0,-1.0,0,1.3,
2026-05-25 01:00:00,527.87,338.71,18.26,34.3,30.65,18.53,Summer Sale,Summer Sale,1,0,-1.0,0,1.3,
2026-05-25 02:00:00,499.03,336.3,20.62,33.0,31.1,18.97,Summer Sale,Summer Sale,1,0,-1.0,0,1.3,
2026-05-25 03:00:00,441.01,287.58,15.32,34.19,34.19,19.37,Summer Sale,Summer Sale,1,0,-1.0,0,1.3,
2026-05-25 04:00:00,494.05,320.61,19.75,37.12,33.78,19.72,Summer Sale,Summer Sale,1,0,-1.0,0,1.3,
2026-05-25 05:00:00,502.86,314.6,15.8,34.76,35.3,23.88,Summer Sale,Summer Sale,1,0,-1.0,0,1.3,
2026-05-25 06:00:00,787.4,455.11,22.19,41.8,37.65,17.76,Summer Sale,Summer Sale,1,0,-1.0,0,1.3,
2026-05-25 07:00:00,707.87,474.06,28.04,43.72,35.17,24.99,Summer Sale,Summer Sale,1,0,-1.0,0,1.3,
2026-05-25 08:00:00,763.45,460.01,24.83,43.39,34.32,23.06,Summer Sale,Summer Sale,1,0,-1.0,0,1.3,
2026-05-25 09:00:00,939.64,551.06,31.6,51.52,41.37,24.24,Summer Sale,Summer Sale,1,0,-1.0,0,1.3,
2026-05-25 10:00:00,859.16,544.36,28.61,47.14,36.09,25.06,Summer Sale,Summer Sale,1,0,-1.0,0,1.3,
2026-05-25 11:00:00,1028.97,625.33,32.21,56.0,41.84,23.39,Summer Sale,Summer Sale,1,0,-1.0,0,1.3,
2026-05-25 12:00:00,985.34,664.12,31.33,52.68,35.05,28.45,Summer Sale,Summer Sale,1,0,-1.0,0,1.3,
2026-05-25 13:00:00,1118.74,696.26,41.08,60.36,46.42,31.73,Summer Sale,Summer Sale,1,0,-1.0,0,1.3,
2026-05-25 14:00:00,1044.48,649.25,33.97,55.0,41.88,28.06,Summer Sale,Summer Sale,1,0,-1.0,0,1.3,
2026-05-25 15:00:00,1137.5,696.99,36.47,56.29,44.65,26.62,Summer Sale,Summer Sale,1,0,-1.0,0,1.3,
2026-05-25 16:00:00,1055.23,687.43,38.39,57.19,41.87,27.13,Summer Sale,Summer Sale,1,0,-1.0,0,1.3,
2026-05-25 17:00:00,1449.86,894.04,49.71,72.2,48.83,37.06,Summer Sale,Summer Sale,1,0,-1.0,0,1.3,
2026-05-25 18:00:00,1636.36,1034.42,59.34,75.16,49.52,38.9,Summer Sale,Summer Sale,1,0,-1.0,0,1.3,
2026-05-25 19:00:00,1413.2,868.92,49.33,71.94,47.52,32.42,Summer Sale,Summer Sale,1,0,-1.0,0,1.3,
2026-05-25 20:00:00,1539.05,927.37,50.66,72.02,50.11,35.36,Summer Sale,Summer Sale,1,0,-1.0,0,1.3,
2026-05-25 21:00:00,1129.0,681.81,36.01,53.66,43.88,30.83,Summer Sale,Summer Sale,1,0,-1.0,0,1.3,
2026-05-25 22:00:00,1225.07,752.98,39.79,63.55,46.1,31.26,Summer Sale,Summer Sale,1,0,-1.0,0,1.3,
2026-05-25 23:00:00,1280.92,793.51,43.13,62.96,42.65,33.16,Summer Sale,Summer Sale,1,0,-1.0,0,1.3,
2026-05-26 00:00:00,502.52,324.31,21.52,35.64,27.87,21.07,Summer Sale,Summer Sale,1,0,-1.0,0,1.3,
2026-05-26 01:00:00,509.4,297.52,17.16,37.43,30.77,18.84,Summer Sale,Summer Sale,1,0,-1.0,0,1.3,
2026-05-26 02:00:00,542.49,318.3,17.64,30.1,30.26,20.27,Summer Sale,Summer Sale,1,0,-1.0,0,1.3,
2026-05-26 03:00:00,536.2,298.39,16.56,34.78,35.02,17.02,Summer Sale,Summer Sale,1,0,-1.0,0,1.3,
2026-05-26 04:00:00,516.05,303.61,17.14,35.96,32.27,20.55,Summer Sale,Summer Sale,1,0,-1.0,0,1.3,
2026-05-26 05:00:00,506.29,310.58,16.37,36.22,33.05,17.79,Summer Sale,Summer Sale,1,0,-1.0,0,1.3,
2026-05-26 06:00:00,716.96,418.13,22.92,41.07,37.73,23.8,Summer Sale,Summer Sale,1,0,-1.0,0,1.3,
2026-05-26 07:00:00,696.04,431.49,25.01,42.55,34.38,20.6,Summer Sale,Summer Sale,1,0,-1.0,0,1.3,
2026-05-26 08:00:00,760.88,494.31,26.77,48.25,31.0,27.01,Summer Sale,Summer Sale,1,0,-1.0,0,1.3,
2026-05-26 09:00:00,946.75,590.53,31.84,55.64,37.97,29.71,Summer Sale,Summer Sale,1,0,-1.0,0,1.3,
2026-05-26 10:00:00,973.14,618.91,33.38,50.37,42.4,28.1,Summer Sale,Summer Sale,1,0,-1.0,0,1.3,
2026-05-26 11:00:00,1019.2,627.06,33.65,57.84,45.15,27.7,Summer Sale,Summer Sale,1,0,-1.0,0,1.3,
2026-05-26 12:00:00,918.32,589.62,31.92,53.38,39.09,29.87,Summer Sale,Summer Sale,1,0,-1.0,0,1.3,
2026-05-26 13:00:00,1029.2,650.12,34.78,54.79,40.67,29.73,Summer Sale,Summer Sale,1,0,-1.0,0,1.3,
2026-05-26 14:00:00,1115.47,705.54,38.59,59.02,44.76,31.5,Summer Sale,Summer Sale,1,0,-1.0,0,1.3,
2026-05-26 15:00:00,923.04,565.48,30.65,52.5,39.56,27.58,Summer Sale,Summer Sale,1,0,-1.0,0,1.3,
2026-05-26 16:00:00,1008.98,632.07,36.56,50.83,46.18,30.18,Summer Sale,Summer Sale,1,0,-1.0,0,1.3,
2026-05-26 17:00:00,1515.65,918.99,50.19,71.69,50.65,37.98,Summer Sale,Summer Sale,1,0,-1.0,0,1.3,
2026-05-26 18:00:00,1479.47,931.34,48.64,70.71,49.9,36.67,Summer Sale,Summer Sale,1,0,-1.0,0,1.3,
2026-05-26 19:00:00,1458.47,893.23,52.05,72.77,49.21,29.86,Summer Sale,Summer Sale,1,0,-1.0,0,1.3,
2026-05-26 20:00:00,1705.84,1057.12,57.52,77.91,53.75,39.2,Summer Sale,Summer Sale,1,0,-1.0,0,1.3,
2026-05-26 21:00:00,1234.79,742.42,40.21,66.36,45.44,30.22,Summer Sale,Summer Sale,1,0,-1.0,0,1.3,
2026-05-26 22:00:00,1123.26,709.07,41.06,61.08,42.58,30.45,Summer Sale,Summer Sale,1,0,-1.0,0,1.3,
2026-05-26 23:00:00,1277.29,818.69,43.46,58.69,46.31,34.06,Summer Sale,Summer Sale,1,0,-1.0,0,1.3,
2026-05-27 00:00:00,477.91,296.09,15.76,35.41,31.04,21.98,Summer Sale,Summer Sale,1,0,-1.0,0,1.3,
2026-05-27 01:00:00,509.18,293.72,17.99,32.13,35.23,21.33,Summer Sale,Summer Sale,1,0,-1.0,0,1.3,
2026-05-27 02:00:00,540.56,331.19,17.22,37.44,33.02,18.97,Summer Sale,Summer Sale,1,0,-1.0,0,1.3,
2026-05-27 03:00:00,491.45,295.54,13.91,36.93,32.25,18.77,Summer Sale,Summer Sale,1,0,-1.0,0,1.3,
2026-05-27 04:00:00,477.38,266.97,18.55,32.26,33.34,19.0,Summer Sale,Summer Sale,1,0,-1.0,0,1.3,
2026-05-27 05:00:00,435.31,314.7,18.68,33.72,31.34,17.57,Summer Sale,Summer Sale,1,0,-1.0,0,1.3,
2026-05-27 06:00:00,796.74,471.29,24.87,43.76,37.71,26.52,Summer Sale,Summer Sale,1,0,-1.0,0,1.3,
2026-05-27 07:00:00,795.4,483.17,27.33,46.31,35.56,28.92,Summer Sale,Summer Sale,1,0,-1.0,0,1.3,
2026-05-27 08:00:00,779.83,488.22,30.02,49.24,37.42,24.86,Summer Sale,Summer Sale,1,0,-1.0,0,1.3,
2026-05-27 09:00:00,1026.9,613.03,37.06,53.24,44.51,27.32,Summer Sale,Summer Sale,1,0,-1.0,0,1.3,
2026-05-27 10:00:00,970.84,601.06,31.99,52.14,43.26,22.4,Summer Sale,Summer Sale,1,0,-1.0,0,1.3,
2026-05-27 11:00:00,895.58,537.12,27.38,53.11,41.74,26.61,Summer Sale,Summer Sale,1,0,-1.0,0,1.3,
2026-05-27 12:00:00,924.27,606.43,30.18,58.04,38.34,26.64,Summer Sale,Summer Sale,1,0,-1.0,0,1.3,
2026-05-27 13:00:00,1044.13,620.54,37.98,56.25,44.18,25.07,Summer Sale,Summer Sale,1,0,-1.0,0,1.3,
2026-05-27 14:00:00,1076.69,680.58,37.97,54.34,44.45,29.26,Summer Sale,Summer Sale,1,0,-1.0,0,1.3,
2026-05-27 15:00:00,1016.09,583.6,33.31,58.52,39.24,26.93,Summer Sale,Summer Sale,1,0,-1.0,0,1.3,
2026-05-27 16:00:00,1126.29,666.56,35.7,54.85,45.12,31.31,Summer Sale,Summer Sale,1,0,-1.0,0,1.3,
2026-05-27 17:00:00,1528.38,926.55,50.07,70.35,48.03,34.96,Summer Sale,Summer Sale,1,0,-1.0,0,1.3,
2026-05-27 18:00:00,1559.9,979.4,53.85,74.69,50.36,33.89,Summer Sale,Summer Sale,1,0,-1.0,0,1.3,
2026-05-27 19:00:00,1528.46,933.06,48.62,73.14,48.76,35.78,Summer Sale,Summer Sale,1,0,-1.0,0,1.3,
2026-05-27 20:00:00,1580.58,956.21,52.78,69.15,53.94,33.19,Summer Sale,Summer Sale,1,0,-1.0,0,1.3,
2026-05-27 21:00:00,1149.0,745.84,40.55,57.76,44.96,32.03,Summer Sale,Summer Sale,1,0,-1.0,0,1.3,
2026-05-27 22:00:00,1142.02,694.93,37.35,57.89,39.63,29.01,Summer Sale,Summer Sale,1,0,-1.0,0,1.3,
2026-05-27 23:00:00,1284.55,774.02,41.4,60.15,47.06,33.76,Summer Sale,Summer Sale,1,0,-1.0,0,1.3,
2026-05-28 00:00:00,535.54,300.83,17.55,39.41,34.12,20.48,Summer Sale,Summer Sale,1,0,-1.0,0,1.3,
2026-05-28 01:00:00,493.77,311.64,19.61,36.79,29.9,18.88,Summer Sale,Summer Sale,1,0,-1.0,0,1.3,
2026-05-28 02:00:00,536.27,340.61,18.97,36.23,35.49,23.84,Summer Sale,Summer Sale,1,0,-1.0,0,1.3,
2026-05-28 03:00:00,537.64,369.4,19.6,37.67,32.83,21.31,Summer Sale,Summer Sale,1,0,-1.0,0,1.3,
2026-05-28 04:00:00,541.88,365.11,21.16,35.19,29.84,21.61,Summer Sale,Summer Sale,1,0,-1.0,0,1.3,
2026-05-28 05:00:00,527.95,325.34,21.72,34.16,30.56,18.8,Summer Sale,Summer Sale,1,0,-1.0,0,1.3,
2026-05-28 06:00:00,704.8,450.13,23.91,40.02,37.76,19.73,Summer Sale,Summer Sale,1,0,-1.0,0,1.3,
2026-05-28 07:00:00,691.33,388.05,21.76,41.46,39.59,23.53,Summer Sale,Summer Sale,1,0,-1.0,0,1.3,
2026-05-28 08:00:00,783.1,492.74,25.15,46.76,38.5,25.73,Summer Sale,Summer Sale,1,0,-1.0,0,1.3,
2026-05-28 09:00:00,932.64,590.46,30.61,49.42,37.62,26.81,Summer Sale,Summer Sale,1,0,-1.0,0,1.3,
2026-05-28 10:00:00,898.95,546.73,31.88,47.22,38.27,25.81,Summer Sale,Summer Sale,1,0,-1.0,0,1.3,
2026-05-28 11:00:00,967.0,587.06,33.86,53.63,42.72,26.51,Summer Sale,Summer Sale,1,0,-1.0,0,1.3,
2026-05-28 12:00:00,930.71,559.98,31.41,49.7,38.68,25.1,Summer Sale,Summer Sale,1,0,-1.0,0,1.3,
2026-05-28 13:00:00,1031.09,644.25,32.61,56.0,42.88,26.94,Summer Sale,Summer Sale,1,0,-1.0,0,1.3,
2026-05-28 14:00:00,1170.18,725.95,36.8,59.33,44.02,31.05,Summer Sale,Summer Sale,1,0,-1.0,0,1.3,
2026-05-28 15:00:00,1053.84,628.09,32.36,53.06,40.8,25.43,Summer Sale,Summer Sale,1,0,-1.0,0,1.3,
2026-05-28 16:00:00,1028.46,654.13,39.27,57.55,44.1,30.3,Summer Sale,Summer Sale,1,0,-1.0,0,1.3,
2026-05-28 17:00:00,1580.29,971.33,53.71,73.3,50.43,36.42,Summer Sale,Summer Sale,1,0,-1.0,0,1.3,
2026-05-28 18:00:00,1571.22,984.74,53.84,75.02,51.58,37.95,Summer Sale,Summer Sale,1,0,-1.0,0,1.3,
2026-05-28 19:00:00,1401.87,842.22,48.54,66.96,46.98,32.53,Summer Sale,Summer Sale,1,0,-1.0,0,1.3,
2026-05-28 20:00:00,1497.09,942.14,49.6,72.44,49.94,36.35,Summer Sale,Summer Sale,1,0,-1.0,0,1.3,
2026-05-28 21:00:00,1193.11,752.62,40.25,59.06,49.2,30.21,Summer Sale,Summer Sale,1,0,-1.0,0,1.3,
2026-05-28 22:00:00,1169.08,741.77,43.99,59.37,41.88,28.06,Summer Sale,Summer Sale,1,0,-1.0,0,1.3,
2026-05-28 23:00:00,1273.95,763.9,41.96,60.12,42.76,30.51,Summer Sale,Summer Sale,1,0,-1.0,0,1.3,
2026-05-29 00:00:00,482.23,281.69,19.51,35.6,34.06,20.69,Summer Sale,Summer Sale,1,0,-1.0,0,1.3,
2026-05-29 01:00:00,503.4,301.12,17.06,36.0,31.42,19.79,Summer Sale,Summer Sale,1,0,-1.0,0,1.3,
2026-05-29 02:00:00,488.08,298.33,15.74,32.16,27.6,17.58,Summer Sale,Summer Sale,1,0,-1.0,0,1.3,
2026-05-29 03:00:00,551.59,334.25,19.94,32.14,31.36,17.65,Summer Sale,Summer Sale,1,0,-1.0,0,1.3,
2026-05-29 04:00:00,500.84,371.07,21.33,42.94,32.01,24.01,Summer Sale,Summer Sale,1,0,-1.0,0,1.3,
2026-05-29 05:00:00,558.4,343.47,17.81,34.63,32.87,20.75,Summer Sale,Summer Sale,1,0,-1.0,0,1.3,
2026-05-29 06:00:00,805.03,466.75,25.79,40.91,36.83,24.29,Summer Sale,Summer Sale,1,0,-1.0,0,1.3,
2026-05-29 07:00:00,749.55,479.45,27.16,47.02,36.83,21.89,Summer Sale,Summer Sale,1,0,-1.0,0,1.3,
2026-05-29 08:00:00,663.16,397.49,21.59,44.33,35.07,21.54,Summer Sale,Summer Sale,1,0,-1.0,0,1.3,
2026-05-29 09:00:00,974.11,597.2,34.47,57.62,44.94,27.12,Summer Sale,Summer Sale,1,0,-1.0,0,1.3,
2026-05-29 10:00:00,971.79,641.98,35.01,56.36,38.25,27.43,Summer Sale,Summer Sale,1,0,-1.0,0,1.3,
2026-05-29 11:00:00,1010.93,608.82,33.23,49.55,45.2,29.75,Summer Sale,Summer Sale,1,0,-1.0,0,1.3,
2026-05-29 12:00:00,964.68,610.79,34.39,56.66,39.36,28.73,Summer Sale,Summer Sale,1,0,-1.0,0,1.3,
2026-05-29 13:00:00,1125.66,728.29,35.54,58.28,41.1,30.51,Summer Sale,Summer Sale,1,0,-1.0,0,1.3,
2026-05-29 14:00:00,960.45,544.34,34.28,51.72,40.57,26.34,Summer Sale,Summer Sale,1,0,-1.0,0,1.3,
2026-05-29 15:00:00,1075.94,692.02,36.8,58.21,42.75,27.21,Summer Sale,Summer Sale,1,0,-1.0,0,1.3,
2026-05-29 16:00:00,1136.32,693.38,40.17,58.58,46.58,27.25,Summer Sale,Summer Sale,1,0,-1.0,0,1.3,
2026-05-29 17:00:00,1435.53,867.39,47.97,72.37,51.59,29.06,Summer Sale,Summer Sale,1,0,-1.0,0,1.3,
2026-05-29 18:00:00,1536.81,872.5,49.58,72.35,50.05,33.98,Summer Sale,Summer Sale,1,0,-1.0,0,1.3,
2026-05-29 19:00:00,1523.45,924.93,51.73,71.23,51.76,34.9,Summer Sale,Summer Sale,1,0,-1.0,0,1.3,
2026-05-29 20:00:00,1452.51,862.16,43.69,71.7,47.78,34.23,Summer Sale,Summer Sale,1,0,-1.0,0,1.3,
2026-05-29 21:00:00,1285.82,783.14,41.82,63.2,45.92,35.35,Summer Sale,Summer Sale,1,0,-1.0,0,1.3,
2026-05-29 22:00:00,1272.98,804.77,47.16,63.95,46.24,31.52,Summer Sale,Summer Sale,1,0,-1.0,0,1.3,
2026-05-29 23:00:00,1104.39,714.82,40.38,59.05,42.77,26.86,Summer Sale,Summer Sale,1,0,-1.0,0,1.3,
2026-05-30 00:00:00,553.69,351.69,18.28,37.71,33.2,19.43,Summer Sale,Summer Sale,1,0,-1.0,0,1.3,
2026-05-30 01:00:00,553.97,303.15,16.38,37.62,30.13,19.53,Summer Sale,Summer Sale,1,0,-1.0,0,1.3,
2026-05-30 02:00:00,590.32,341.26,21.61,37.12,33.83,20.21,Summer Sale,Summer Sale,1,0,-1.0,0,1.3,
2026-05-30 03:00:00,530.6,354.19,17.57,37.59,34.22,23.78,Summer Sale,Summer Sale,1,0,-1.0,0,1.3,
2026-05-30 04:00:00,550.71,330.28,20.93,38.43,34.7,18.15,Summer Sale,Summer Sale,1,0,-1.0,0,1.3,
2026-05-30 05:00:00,571.1,349.89,17.53,34.13,32.69,23.46,Summer Sale,Summer Sale,1,0,-1.0,0,1.3,
2026-05-30 06:00:00,843.36,557.24,31.01,47.91,40.89,26.36,Summer Sale,Summer Sale,1,0,-1.0,0,1.3,
2026-05-30 07:00:00,881.31,519.7,30.66,51.11,39.56,23.38,Summer Sale,Summer Sale,1,0,-1.0,0,1.3,
2026-05-30 08:00:00,838.94,535.42,29.92,50.31,40.29,24.09,Summer Sale,Summer Sale,1,0,-1.0,0,1.3,
2026-05-30 09:00:00,1036.09,641.44,34.62,57.12,39.46,30.08,Summer Sale,Summer Sale,1,0,-1.0,0,1.3,
2026-05-30 10:00:00,1174.02,727.9,40.16,58.23,42.87,29.38,Summer Sale,Summer Sale,1,0,-1.0,0,1.3,
2026-05-30 11:00:00,1178.93,729.14,37.46,60.88,45.69,30.18,Summer Sale,Summer Sale,1,0,-1.0,0,1.3,
2026-05-30 12:00:00,1180.38,751.27,39.22,59.87,44.52,27.45,Summer Sale,Summer Sale,1,0,-1.0,0,1.3,
2026-05-30 13:00:00,1249.63,730.73,42.24,63.15,46.25,28.92,Summer Sale,Summer Sale,1,0,-1.0,0,1.3,
2026-05-30 14:00:00,1239.42,755.61,39.5,61.07,46.47,30.98,Summer Sale,Summer Sale,1,0,-1.0,0,1.3,
2026-05-30 15:00:00,1318.11,836.37,47.32,62.16,45.84,30.78,Summer Sale,Summer Sale,1,0,-1.0,0,1.3,
2026-05-30 16:00:00,1217.72,737.65,39.82,63.59,45.65,32.46,Summer Sale,Summer Sale,1,0,-1.0,0,1.3,
2026-05-30 17:00:00,1606.65,997.57,56.8,79.51,48.22,36.24,Summer Sale,Summer Sale,1,0,-1.0,0,1.3,
2026-05-30 18:00:00,1836.73,1133.97,60.55,79.85,53.33,36.97,Summer Sale,Summer Sale,1,0,-1.0,0,1.3,
2026-05-30 19:00:00,1751.53,1108.35,58.44,82.53,55.47,39.7,Summer Sale,Summer Sale,1,0,-1.0,0,1.3,
2026-05-30 20:00:00,1605.77,1005.24,55.18,75.69,50.2,37.3,Summer Sale,Summer Sale,1,0,-1.0,0,1.3,
2026-05-30 21:00:00,1392.95,923.4,51.01,74.47,48.4,34.89,Summer Sale,Summer Sale,1,0,-1.0,0,1.3,
2026-05-30 22:00:00,1368.42,817.88,45.59,60.77,45.54,32.67,Summer Sale,Summer Sale,1,0,-1.0,0,1.3,
2026-05-30 23:00:00,1439.42,928.21,50.58,71.67,50.44,32.55,Summer Sale,Summer Sale,1,0,-1.0,0,1.3,
2026-05-31 00:00:00,594.22,347.72,18.78,37.25,34.97,21.79,Summer Sale,Summer Sale,1,0,-1.0,0,1.3,
2026-05-31 01:00:00,608.39,385.9,21.57,44.87,31.29,25.04,Summer Sale,Summer Sale,1,0,-1.0,0,1.3,
2026-05-31 02:00:00,574.0,370.15,19.71,37.49,34.73,23.34,Summer Sale,Summer Sale,1,0,-1.0,0,1.3,
2026-05-31 03:00:00,596.21,356.1,26.81,41.79,36.0,20.2,Summer Sale,Summer Sale,1,0,-1.0,0,1.3,
2026-05-31 04:00:00,564.23,342.83,21.02,35.46,31.46,21.65,Summer Sale,Summer Sale,1,0,-1.0,0,1.3,
2026-05-31 05:00:00,591.73,347.62,16.94,41.97,34.77,17.96,Summer Sale,Summer Sale,1,0,-1.0,0,1.3,
2026-05-31 06:00:00,786.88,478.83,27.8,47.33,39.64,20.99,Summer Sale,Summer Sale,1,0,-1.0,0,1.3,
2026-05-31 07:00:00,850.71,563.09,33.64,51.04,43.16,27.3,Summer Sale,Summer Sale,1,0,-1.0,0,1.3,
2026-05-31 08:00:00,885.16,549.91,28.68,47.64,39.41,25.32,Summer Sale,Summer Sale,1,0,-1.0,0,1.3,
2026-05-31 09:00:00,1002.87,596.13,32.15,54.67,41.02,26.76,Summer Sale,Summer Sale,1,0,-1.0,0,1.3,
2026-05-31 10:00:00,1045.87,649.02,38.33,55.96,38.77,25.72,Summer Sale,Summer Sale,1,0,-1.0,0,1.3,
2026-05-31 11:00:00,1132.54,696.57,38.16,56.87,44.26,28.81,Summer Sale,Summer Sale,1,0,-1.0,0,1.3,
2026-05-31 12:00:00,1089.89,654.45,37.84,55.62,43.74,25.97,Summer Sale,Summer Sale,1,0,-1.0,0,1.3,
2026-05-31 13:00:00,1336.18,860.37,43.5,65.4,47.67,30.87,Summer Sale,Summer Sale,1,0,-1.0,0,1.3,
2026-05-31 14:00:00,1221.5,767.99,41.87,63.68,43.38,26.71,Summer Sale,Summer Sale,1,0,-1.0,0,1.3,
2026-05-31 15:00:00,1289.97,824.17,50.34,59.89,47.43,28.67,Summer Sale,Summer Sale,1,0,-1.0,0,1.3,
2026-05-31 16:00:00,1337.57,841.49,44.38,68.52,45.63,33.64,Summer Sale,Summer Sale,1,0,-1.0,0,1.3,
2026-05-31 17:00:00,1765.3,1138.09,66.22,81.84,56.13,41.16,Summer Sale,Summer Sale,1,0,-1.0,0,1.3,
2026-05-31 18:00:00,1623.89,989.4,59.09,76.41,53.61,36.31,Summer Sale,Summer Sale,1,0,-1.0,0,1.3,
2026-05-31 19:00:00,1700.13,1054.77,57.48,75.33,50.9,39.78,Summer Sale,Summer Sale,1,0,-1.0,0,1.3,
2026-05-31 20:00:00,1714.05,1063.35,58.95,80.35,55.43,36.39,Summer Sale,Summer Sale,1,0,-1.0,0,1.3,
2026-05-31 21:00:00,1397.77,885.49,50.67,65.5,48.27,37.57,Summer Sale,Summer Sale,1,0,-1.0,0,1.3,
2026-05-31 22:00:00,1352.28,850.5,48.34,64.53,50.66,34.26,Summer Sale,Summer Sale,1,0,-1.0,0,1.3,
2026-05-31 23:00:00,1394.32,822.93,46.85,67.45,50.95,31.95,Summer Sale,Summer Sale,1,0,-1.0,0,1.3,
2026-06-01 00:00:00,370.54,212.68,10.69,27.74,32.88,19.97,Normal Sales,Normal Sales,0,0,-1.0,0,1.0,
2026-06-01 01:00:00,385.97,229.48,8.99,33.15,33.87,16.46,Normal Sales,Normal Sales,0,0,-1.0,0,1.0,
2026-06-01 02:00:00,387.51,251.11,17.26,32.9,30.98,18.64,Normal Sales,Normal Sales,0,0,-1.0,0,1.0,
2026-06-01 03:00:00,362.01,188.28,8.74,31.9,29.48,15.65,Normal Sales,Normal Sales,0,0,-1.0,0,1.0,
2026-06-01 04:00:00,379.12,231.61,16.14,31.08,28.87,17.84,Normal Sales,Normal Sales,0,0,-1.0,0,1.0,
2026-06-01 05:00:00,423.99,250.3,11.4,31.4,31.47,19.63,Normal Sales,Normal Sales,0,0,-1.0,0,1.0,
2026-06-01 06:00:00,591.37,340.51,16.83,37.25,35.42,17.99,Normal Sales,Normal Sales,0,0,-1.0,0,1.0,
2026-06-01 07:00:00,545.93,323.66,19.68,38.25,35.09,22.77,Normal Sales,Normal Sales,0,0,-1.0,0,1.0,
2026-06-01 08:00:00,554.42,314.06,14.91,31.97,32.51,19.08,Normal Sales,Normal Sales,0,0,-1.0,0,1.0,
2026-06-01 09:00:00,765.26,474.88,25.14,45.2,34.93,25.92,Normal Sales,Normal Sales,0,0,-1.0,0,1.0,
2026-06-01 10:00:00,707.33,410.05,24.19,43.55,32.58,23.96,Normal Sales,Normal Sales,0,0,-1.0,0,1.0,
2026-06-01 11:00:00,708.96,430.2,24.04,44.5,36.94,22.66,Normal Sales,Normal Sales,0,0,-1.0,0,1.0,
2026-06-01 12:00:00,720.63,457.1,24.9,48.85,37.42,21.58,Normal Sales,Normal Sales,0,0,-1.0,0,1.0,
2026-06-01 13:00:00,803.23,499.21,30.06,50.42,36.86,22.61,Normal Sales,Normal Sales,0,0,-1.0,0,1.0,
2026-06-01 14:00:00,779.21,489.42,31.53,47.61,34.06,22.78,Normal Sales,Normal Sales,0,0,-1.0,0,1.0,
2026-06-01 15:00:00,797.21,473.72,25.28,46.62,38.92,26.03,Normal Sales,Normal Sales,0,0,-1.0,0,1.0,
2026-06-01 16:00:00,844.45,474.71,23.99,45.72,38.65,25.59,Normal Sales,Normal Sales,0,0,-1.0,0,1.0,
2026-06-01 17:00:00,1171.88,727.84,40.51,59.49,44.1,32.45,Normal Sales,Normal Sales,0,0,-1.0,0,1.0,
2026-06-01 18:00:00,1164.45,721.21,39.6,63.01,41.58,33.58,Normal Sales,Normal Sales,0,0,-1.0,0,1.0,
2026-06-01 19:00:00,1100.58,666.0,38.12,59.35,39.9,26.46,Normal Sales,Normal Sales,0,0,-1.0,0,1.0,
2026-06-01 20:00:00,1185.6,793.68,46.15,62.58,39.32,32.01,Normal Sales,Normal Sales,0,0,-1.0,0,1.0,
2026-06-01 21:00:00,925.98,564.54,29.35,51.21,37.86,29.86,Normal Sales,Normal Sales,0,0,-1.0,0,1.0,
2026-06-01 22:00:00,978.48,623.1,34.45,52.22,40.59,30.86,Normal Sales,Normal Sales,0,0,-1.0,0,1.0,
2026-06-01 23:00:00,949.0,593.47,34.49,53.66,40.93,28.8,Normal Sales,Normal Sales,0,0,-1.0,0,1.0,
2026-06-02 00:00:00,400.07,269.5,15.15,32.69,29.7,17.4,Normal Sales,Normal Sales,0,0,-1.0,0,1.0,
2026-06-02 01:00:00,358.68,199.59,9.1,28.58,33.22,16.67,Normal Sales,Normal Sales,0,0,-1.0,0,1.0,
2026-06-02 02:00:00,394.7,251.55,17.01,31.04,30.26,18.08,Normal Sales,Normal Sales,0,0,-1.0,0,1.0,
2026-06-02 03:00:00,412.15,289.13,16.85,37.39,31.36,18.88,Normal Sales,Normal Sales,0,0,-1.0,0,1.0,
2026-06-02 04:00:00,412.97,268.23,13.28,35.87,30.6,18.04,Normal Sales,Normal Sales,0,0,-1.0,0,1.0,
2026-06-02 05:00:00,407.4,250.36,14.55,34.18,29.36,19.03,Normal Sales,Normal Sales,0,0,-1.0,0,1.0,
2026-06-02 06:00:00,601.32,348.91,20.09,36.44,36.27,22.75,Normal Sales,Normal Sales,0,0,-1.0,0,1.0,
2026-06-02 07:00:00,553.33,398.31,24.12,42.12,34.71,23.93,Normal Sales,Normal Sales,0,0,-1.0,0,1.0,
2026-06-02 08:00:00,535.27,336.73,19.29,36.43,34.03,22.88,Normal Sales,Normal Sales,0,0,-1.0,0,1.0,
2026-06-02 09:00:00,721.1,445.72,22.87,39.36,37.82,23.09,Normal Sales,Normal Sales,0,0,-1.0,0,1.0,
2026-06-02 10:00:00,738.39,433.13,23.45,46.14,36.55,22.89,Normal Sales,Normal Sales,0,0,-1.0,0,1.0,
2026-06-02 11:00:00,744.28,430.54,24.93,40.19,34.77,20.67,Normal Sales,Normal Sales,0,0,-1.0,0,1.0,
2026-06-02 12:00:00,730.18,443.9,24.41,41.55,38.42,24.77,Normal Sales,Normal Sales,0,0,-1.0,0,1.0,
2026-06-02 13:00:00,816.14,494.05,26.01,45.99,35.07,22.43,Normal Sales,Normal Sales,0,0,-1.0,0,1.0,
2026-06-02 14:00:00,858.71,539.94,32.97,48.42,37.87,24.68,Normal Sales,Normal Sales,0,0,-1.0,0,1.0,
2026-06-02 15:00:00,810.16,485.8,27.26,46.42,36.75,26.65,Normal Sales,Normal Sales,0,0,-1.0,0,1.0,
2026-06-02 16:00:00,901.37,588.01,33.46,53.58,43.04,28.22,Normal Sales,Normal Sales,0,0,-1.0,0,1.0,
2026-06-02 17:00:00,1135.72,713.95,40.52,56.73,42.74,32.05,Normal Sales,Normal Sales,0,0,-1.0,0,1.0,
2026-06-02 18:00:00,1063.28,627.97,34.19,55.65,39.36,27.45,Normal Sales,Normal Sales,0,0,-1.0,0,1.0,
2026-06-02 19:00:00,1237.44,768.93,44.17,61.02,43.42,32.92,Normal Sales,Normal Sales,0,0,-1.0,0,1.0,
2026-06-02 20:00:00,1191.55,709.12,37.4,63.35,42.41,31.6,Normal Sales,Normal Sales,0,0,-1.0,0,1.0,
2026-06-02 21:00:00,888.21,550.61,30.87,44.63,36.17,25.94,Normal Sales,Normal Sales,0,0,-1.0,0,1.0,
2026-06-02 22:00:00,877.01,568.66,28.06,52.02,36.16,25.51,Normal Sales,Normal Sales,0,0,-1.0,0,1.0,
2026-06-02 23:00:00,861.53,581.71,29.32,50.76,35.19,29.74,Normal Sales,Normal Sales,0,0,-1.0,0,1.0,
2026-06-03 00:00:00,398.01,250.19,16.71,32.81,31.21,18.52,Normal Sales,Normal Sales,0,0,-1.0,0,1.0,
2026-06-03 01:00:00,401.18,236.42,12.57,33.87,31.37,17.68,Normal Sales,Normal Sales,0,0,-1.0,0,1.0,
2026-06-03 02:00:00,362.86,262.42,13.11,35.18,30.52,15.97,Normal Sales,Normal Sales,0,0,-1.0,0,1.0,
2026-06-03 03:00:00,414.61,263.42,17.16,32.71,32.46,15.06,Normal Sales,Normal Sales,0,0,-1.0,0,1.0,
2026-06-03 04:00:00,380.42,204.04,10.47,31.4,29.26,18.83,Normal Sales,Normal Sales,0,0,-1.0,0,1.0,
2026-06-03 05:00:00,373.47,253.68,16.57,34.94,29.66,14.09,Normal Sales,Normal Sales,0,0,-1.0,0,1.0,
2026-06-03 06:00:00,580.0,356.47,17.65,37.29,36.73,18.64,Normal Sales,Normal Sales,0,0,-1.0,0,1.0,
2026-06-03 07:00:00,576.79,363.06,19.25,40.56,37.07,20.48,Normal Sales,Normal Sales,0,0,-1.0,0,1.0,
2026-06-03 08:00:00,556.74,360.73,21.68,38.37,32.85,16.58,Normal Sales,Normal Sales,0,0,-1.0,0,1.0,
2026-06-03 09:00:00,708.34,410.69,23.96,41.54,35.48,22.25,Normal Sales,Normal Sales,0,0,-1.0,0,1.0,
2026-06-03 10:00:00,704.94,475.9,28.77,49.1,37.35,23.84,Normal Sales,Normal Sales,0,0,-1.0,0,1.0,
2026-06-03 11:00:00,796.51,476.81,24.48,44.32,38.59,22.4,Normal Sales,Normal Sales,0,0,-1.0,0,1.0,
2026-06-03 12:00:00,731.28,413.35,23.7,38.66,34.57,24.77,Normal Sales,Normal Sales,0,0,-1.0,0,1.0,
2026-06-03 13:00:00,872.33,550.2,30.81,48.41,37.28,25.03,Normal Sales,Normal Sales,0,0,-1.0,0,1.0,
2026-06-03 14:00:00,761.37,478.36,26.41,43.28,40.08,25.17,Normal Sales,Normal Sales,0,0,-1.0,0,1.0,
2026-06-03 15:00:00,852.21,516.19,28.39,49.61,38.79,28.11,Normal Sales,Normal Sales,0,0,-1.0,0,1.0,
2026-06-03 16:00:00,815.32,492.89,28.38,43.54,39.71,21.72,Normal Sales,Normal Sales,0,0,-1.0,0,1.0,
2026-06-03 17:00:00,1207.92,732.7,41.25,62.9,44.84,27.92,Normal Sales,Normal Sales,0,0,-1.0,0,1.0,
2026-06-03 18:00:00,1118.06,674.98,33.33,60.14,43.23,26.6,Normal Sales,Normal Sales,0,0,-1.0,0,1.0,
2026-06-03 19:00:00,1255.74,761.02,42.36,60.23,41.31,28.3,Normal Sales,Normal Sales,0,0,-1.0,0,1.0,
2026-06-03 20:00:00,1144.29,731.92,40.95,60.44,39.43,32.84,Normal Sales,Normal Sales,0,0,-1.0,0,1.0,
2026-06-03 21:00:00,920.6,567.79,33.49,54.03,41.96,25.7,Normal Sales,Normal Sales,0,0,-1.0,0,1.0,
2026-06-03 22:00:00,864.74,560.86,28.12,55.02,38.76,23.9,Normal Sales,Normal Sales,0,0,-1.0,0,1.0,
2026-06-03 23:00:00,854.35,497.75,27.66,47.22,36.05,23.73,Normal Sales,Normal Sales,0,0,-1.0,0,1.0,
2026-06-04 00:00:00,363.68,240.21,13.1,30.77,27.61,17.41,Normal Sales,Normal Sales,0,0,-1.0,0,1.0,
2026-06-04 01:00:00,382.28,244.96,13.81,34.06,29.53,14.4,Normal Sales,Normal Sales,0,0,-1.0,0,1.0,
2026-06-04 02:00:00,409.72,230.63,10.47,31.55,31.57,16.7,Normal Sales,Normal Sales,0,0,-1.0,0,1.0,
2026-06-04 03:00:00,379.86,225.74,15.25,31.19,28.52,15.73,Normal Sales,Normal Sales,0,0,-1.0,0,1.0,
2026-06-04 04:00:00,385.48,244.94,14.44,32.42,28.87,17.28,Normal Sales,Normal Sales,0,0,-1.0,0,1.0,
2026-06-04 05:00:00,404.7,222.26,11.29,32.73,32.63,17.17,Normal Sales,Normal Sales,0,0,-1.0,0,1.0,
2026-06-04 06:00:00,552.29,309.36,18.07,39.64,38.52,20.51,Normal Sales,Normal Sales,0,0,-1.0,0,1.0,
2026-06-04 07:00:00,562.44,325.72,14.16,37.6,38.26,22.68,Normal Sales,Normal Sales,0,0,-1.0,0,1.0,
2026-06-04 08:00:00,595.36,375.26,21.36,33.59,35.65,20.22,Normal Sales,Normal Sales,0,0,-1.0,0,1.0,
2026-06-04 09:00:00,711.51,433.05,23.1,41.39,36.12,21.71,Normal Sales,Normal Sales,0,0,-1.0,0,1.0,
2026-06-04 10:00:00,741.08,422.29,22.8,40.19,35.32,22.84,Normal Sales,Normal Sales,0,0,-1.0,0,1.0,
2026-06-04 11:00:00,678.24,399.95,23.14,37.89,39.09,24.41,Normal Sales,Normal Sales,0,0,-1.0,0,1.0,
2026-06-04 12:00:00,719.15,426.19,23.84,39.31,32.22,21.74,Normal Sales,Normal Sales,0,0,-1.0,0,1.0,
2026-06-04 13:00:00,818.61,509.9,26.81,50.68,34.93,22.47,Normal Sales,Normal Sales,0,0,-1.0,0,1.0,
2026-06-04 14:00:00,844.18,494.35,24.79,47.31,36.24,24.09,Normal Sales,Normal Sales,0,0,-1.0,0,1.0,
2026-06-04 15:00:00,795.29,471.54,21.73,45.93,35.03,23.45,Normal Sales,Normal Sales,0,0,-1.0,0,1.0,
2026-06-04 16:00:00,803.03,492.72,26.8,47.08,36.2,26.8,Normal Sales,Normal Sales,0,0,-1.0,0,1.0,
2026-06-04 17:00:00,1062.96,653.37,37.61,57.1,40.12,26.72,Normal Sales,Normal Sales,0,0,-1.0,0,1.0,
2026-06-04 18:00:00,1112.18,704.53,37.27,59.24,43.44,34.35,Normal Sales,Normal Sales,0,0,-1.0,0,1.0,
2026-06-04 19:00:00,1189.48,717.2,36.53,59.1,43.98,25.51,Normal Sales,Normal Sales,0,0,-1.0,0,1.0,
2026-06-04 20:00:00,1129.33,707.62,37.85,61.3,40.08,31.04,Normal Sales,Normal Sales,0,0,-1.0,0,1.0,
2026-06-04 21:00:00,952.5,614.47,30.66,54.06,38.86,24.55,Normal Sales,Normal Sales,0,0,-1.0,0,1.0,
2026-06-04 22:00:00,892.03,530.44,31.02,50.29,36.86,23.81,Normal Sales,Normal Sales,0,0,-1.0,0,1.0,
2026-06-04 23:00:00,893.54,552.19,32.38,51.72,39.29,25.28,Normal Sales,Normal Sales,0,0,-1.0,0,1.0,
2026-06-05 00:00:00,355.94,252.99,13.02,36.12,30.44,22.38,Normal Sales,Normal Sales,0,0,-1.0,0,1.0,
2026-06-05 01:00:00,402.42,213.7,10.52,30.41,29.09,16.59,Normal Sales,Normal Sales,0,0,-1.0,0,1.0,
2026-06-05 02:00:00,363.88,225.75,12.89,28.56,34.07,17.77,Normal Sales,Normal Sales,0,0,-1.0,0,1.0,
2026-06-05 03:00:00,374.63,191.53,10.65,28.96,31.93,16.5,Normal Sales,Normal Sales,0,0,-1.0,0,1.0,
2026-06-05 04:00:00,367.26,269.47,15.69,32.43,30.57,19.68,Normal Sales,Normal Sales,0,0,-1.0,0,1.0,
2026-06-05 05:00:00,362.67,228.8,11.68,32.47,28.69,16.51,Normal Sales,Normal Sales,0,0,-1.0,0,1.0,
2026-06-05 06:00:00,611.07,409.64,15.94,44.21,34.24,20.82,Normal Sales,Normal Sales,0,0,-1.0,0,1.0,
2026-06-05 07:00:00,535.75,308.44,15.6,33.35,30.4,17.63,Normal Sales,Normal Sales,0,0,-1.0,0,1.0,
2026-06-05 08:00:00,573.29,356.69,20.73,38.47,31.13,21.91,Normal Sales,Normal Sales,0,0,-1.0,0,1.0,
2026-06-05 09:00:00,700.69,450.59,22.45,42.16,35.19,24.61,Normal Sales,Normal Sales,0,0,-1.0,0,1.0,
2026-06-05 10:00:00,744.25,461.93,29.18,40.15,34.58,21.39,Normal Sales,Normal Sales,0,0,-1.0,0,1.0,
2026-06-05 11:00:00,672.44,398.92,23.32,39.85,34.77,18.53,Normal Sales,Normal Sales,0,0,-1.0,0,1.0,
2026-06-05 12:00:00,708.37,427.65,24.81,38.72,35.13,24.86,Normal Sales,Normal Sales,0,0,-1.0,0,1.0,
2026-06-05 13:00:00,806.2,446.95,27.14,46.4,39.44,19.69,Normal Sales,Normal Sales,0,0,-1.0,0,1.0,
2026-06-05 14:00:00,886.9,530.55,28.16,47.21,40.97,24.9,Normal Sales,Normal Sales,0,0,-1.0,0,1.0,
2026-06-05 15:00:00,844.41,525.43,28.71,46.03,41.98,22.21,Normal Sales,Normal Sales,0,0,-1.0,0,1.0,
2026-06-05 16:00:00,841.54,531.17,31.52,52.11,38.03,26.34,Normal Sales,Normal Sales,0,0,-1.0,0,1.0,
2026-06-05 17:00:00,1275.12,788.95,41.26,62.74,43.07,32.47,Normal Sales,Normal Sales,0,0,-1.0,0,1.0,
2026-06-05 18:00:00,1234.09,762.11,38.67,64.72,41.43,27.96,Normal Sales,Normal Sales,0,0,-1.0,0,1.0,
2026-06-05 19:00:00,1161.28,726.29,40.79,59.81,47.26,30.29,Normal Sales,Normal Sales,0,0,-1.0,0,1.0,
2026-06-05 20:00:00,1232.34,783.73,40.52,62.7,49.2,30.58,Normal Sales,Normal Sales,0,0,-1.0,0,1.0,
2026-06-05 21:00:00,880.6,550.24,29.33,47.82,38.0,28.62,Normal Sales,Normal Sales,0,0,-1.0,0,1.0,
2026-06-05 22:00:00,905.12,527.97,26.01,54.52,38.94,26.07,Normal Sales,Normal Sales,0,0,-1.0,0,1.0,
2026-06-05 23:00:00,876.19,551.26,33.24,48.19,39.81,22.97,Normal Sales,Normal Sales,0,0,-1.0,0,1.0,
2026-06-06 00:00:00,569.07,359.54,18.95,37.99,32.65,20.07,Weekend Sales,Weekend Sales,0,0,-1.0,0,1.0,
2026-06-06 01:00:00,453.55,278.75,15.05,35.39,30.66,17.43,Weekend Sales,Weekend Sales,0,0,-1.0,0,1.0,
2026-06-06 02:00:00,516.6,279.98,15.69,30.08,35.02,20.37,Weekend Sales,Weekend Sales,0,0,-1.0,0,1.0,
2026-06-06 03:00:00,492.86,322.1,17.94,33.92,28.33,20.69,Weekend Sales,Weekend Sales,0,0,-1.0,0,1.0,
2026-06-06 04:00:00,496.27,335.06,18.46,35.3,36.03,21.53,Weekend Sales,Weekend Sales,0,0,-1.0,0,1.0,
2026-06-06 05:00:00,422.35,249.7,10.97,30.62,30.89,18.95,Weekend Sales,Weekend Sales,0,0,-1.0,0,1.0,
2026-06-06 06:00:00,756.24,495.82,28.54,47.8,37.26,26.97,Weekend Sales,Weekend Sales,0,0,-1.0,0,1.0,
2026-06-06 07:00:00,734.68,448.24,20.84,46.69,36.34,29.07,Weekend Sales,Weekend Sales,0,0,-1.0,0,1.0,
2026-06-06 08:00:00,731.35,455.65,26.15,41.6,37.15,23.46,Weekend Sales,Weekend Sales,0,0,-1.0,0,1.0,
2026-06-06 09:00:00,961.35,625.35,32.59,54.52,43.25,26.22,Weekend Sales,Weekend Sales,0,0,-1.0,0,1.0,
2026-06-06 10:00:00,961.68,654.87,36.97,53.9,41.95,27.24,Weekend Sales,Weekend Sales,0,0,-1.0,0,1.0,
2026-06-06 11:00:00,899.79,592.18,30.36,57.98,38.32,31.07,Weekend Sales,Weekend Sales,0,0,-1.0,0,1.0,
2026-06-06 12:00:00,909.37,589.45,33.42,53.89,41.4,25.74,Weekend Sales,Weekend Sales,0,0,-1.0,0,1.0,
2026-06-06 13:00:00,1019.62,630.89,35.14,53.37,41.89,28.43,Weekend Sales,Weekend Sales,0,0,-1.0,0,1.0,
2026-06-06 14:00:00,1041.37,655.53,35.52,54.08,43.28,26.83,Weekend Sales,Weekend Sales,0,0,-1.0,0,1.0,
2026-06-06 15:00:00,1066.1,662.79,39.2,56.84,43.18,27.97,Weekend Sales,Weekend Sales,0,0,-1.0,0,1.0,
2026-06-06 16:00:00,1086.73,672.55,37.58,56.22,45.15,28.07,Weekend Sales,Weekend Sales,0,0,-1.0,0,1.0,
2026-06-06 17:00:00,1418.05,947.76,51.47,75.28,50.92,37.58,Weekend Sales,Weekend Sales,0,0,-1.0,0,1.0,
2026-06-06 18:00:00,1535.04,958.89,50.19,78.41,48.39,35.46,Weekend Sales,Weekend Sales,0,0,-1.0,0,1.0,
2026-06-06 19:00:00,1558.06,963.31,51.67,77.3,52.39,36.73,Weekend Sales,Weekend Sales,0,0,-1.0,0,1.0,
2026-06-06 20:00:00,1519.42,968.65,52.35,77.67,50.05,38.68,Weekend Sales,Weekend Sales,0,0,-1.0,0,1.0,
2026-06-06 21:00:00,1199.0,745.17,43.43,66.61,47.5,32.38,Weekend Sales,Weekend Sales,0,0,-1.0,0,1.0,
2026-06-06 22:00:00,1241.39,756.99,42.22,59.71,45.86,31.8,Weekend Sales,Weekend Sales,0,0,-1.0,0,1.0,
2026-06-06 23:00:00,1087.63,675.3,37.97,56.88,43.21,26.2,Weekend Sales,Weekend Sales,0,0,-1.0,0,1.0,
2026-06-07 00:00:00,497.0,334.01,18.37,37.86,31.36,20.39,Weekend Sales,Weekend Sales,0,0,-1.0,0,1.0,
2026-06-07 01:00:00,457.54,304.83,20.38,32.72,29.9,20.5,Weekend Sales,Weekend Sales,0,0,-1.0,0,1.0,
2026-06-07 02:00:00,555.16,344.15,16.47,37.41,31.38,19.27,Weekend Sales,Weekend Sales,0,0,-1.0,0,1.0,
2026-06-07 03:00:00,509.2,292.47,14.53,35.42,33.09,16.46,Weekend Sales,Weekend Sales,0,0,-1.0,0,1.0,
2026-06-07 04:00:00,527.31,317.38,18.9,38.45,31.88,21.16,Weekend Sales,Weekend Sales,0,0,-1.0,0,1.0,
2026-06-07 05:00:00,495.42,340.25,17.12,38.16,32.05,18.47,Weekend Sales,Weekend Sales,0,0,-1.0,0,1.0,
2026-06-07 06:00:00,780.5,468.56,22.37,38.12,35.52,26.47,Weekend Sales,Weekend Sales,0,0,-1.0,0,1.0,
2026-06-07 07:00:00,793.83,474.21,25.33,44.53,34.83,21.96,Weekend Sales,Weekend Sales,0,0,-1.0,0,1.0,
2026-06-07 08:00:00,783.5,498.37,27.96,43.36,37.52,19.85,Weekend Sales,Weekend Sales,0,0,-1.0,0,1.0,
2026-06-07 09:00:00,1017.82,637.51,32.37,58.87,37.71,29.0,Weekend Sales,Weekend Sales,0,0,-1.0,0,1.0,
2026-06-07 10:00:00,1003.78,591.35,32.45,48.55,35.37,24.65,Weekend Sales,Weekend Sales,0,0,-1.0,0,1.0,
2026-06-07 11:00:00,946.55,602.97,33.3,52.94,38.06,26.01,Weekend Sales,Weekend Sales,0,0,-1.0,0,1.0,
2026-06-07 12:00:00,931.25,546.75,28.88,50.24,38.69,25.02,Weekend Sales,Weekend Sales,0,0,-1.0,0,1.0,
2026-06-07 13:00:00,1129.49,687.77,35.16,59.39,43.73,29.85,Weekend Sales,Weekend Sales,0,0,-1.0,0,1.0,
2026-06-07 14:00:00,1125.72,709.36,39.07,64.91,40.57,28.56,Weekend Sales,Weekend Sales,0,0,-1.0,0,1.0,
2026-06-07 15:00:00,1144.36,713.07,40.73,59.67,46.2,27.81,Weekend Sales,Weekend Sales,0,0,-1.0,0,1.0,
2026-06-07 16:00:00,1164.84,751.47,38.91,62.71,43.72,29.57,Weekend Sales,Weekend Sales,0,0,-1.0,0,1.0,
2026-06-07 17:00:00,1404.69,845.64,47.93,69.33,47.46,34.77,Weekend Sales,Weekend Sales,0,0,-1.0,0,1.0,
2026-06-07 18:00:00,1624.49,1011.05,54.16,77.6,52.59,38.62,Weekend Sales,Weekend Sales,0,0,-1.0,0,1.0,
2026-06-07 19:00:00,1618.29,969.29,52.29,69.82,53.0,35.81,Weekend Sales,Weekend Sales,0,0,-1.0,0,1.0,
2026-06-07 20:00:00,1584.59,945.55,54.81,70.24,52.49,35.87,Weekend Sales,Weekend Sales,0,0,-1.0,0,1.0,
2026-06-07 21:00:00,1195.04,734.17,39.1,63.84,44.34,27.82,Weekend Sales,Weekend Sales,0,0,-1.0,0,1.0,
2026-06-07 22:00:00,1183.31,736.86,42.32,59.11,43.04,30.47,Weekend Sales,Weekend Sales,0,0,-1.0,0,1.0,
2026-06-07 23:00:00,1259.16,746.46,42.07,60.5,44.76,34.66,Weekend Sales,Weekend Sales,0,0,-1.0,0,1.0,
2026-06-08 00:00:00,387.32,259.01,15.68,29.8,26.89,20.12,Normal Sales,Normal Sales,0,1,168.0,72,1.8,Mega Sale
2026-06-08 01:00:00,369.97,187.78,12.38,26.86,28.74,20.64,Normal Sales,Normal Sales,0,1,167.0,72,1.8,Mega Sale
2026-06-08 02:00:00,358.71,190.99,9.59,28.86,28.31,14.46,Normal Sales,Normal Sales,0,1,166.0,72,1.8,Mega Sale
2026-06-08 03:00:00,420.7,267.41,15.88,33.06,31.73,20.55,Normal Sales,Normal Sales,0,1,165.0,72,1.8,Mega Sale
2026-06-08 04:00:00,371.68,237.06,14.43,35.5,34.21,18.07,Normal Sales,Normal Sales,0,1,164.0,72,1.8,Mega Sale
2026-06-08 05:00:00,413.44,189.58,13.53,28.02,30.55,17.62,Normal Sales,Normal Sales,0,1,163.0,72,1.8,Mega Sale
2026-06-08 06:00:00,560.68,352.54,22.56,37.39,31.36,24.44,Normal Sales,Normal Sales,0,1,162.0,72,1.8,Mega Sale
2026-06-08 07:00:00,579.9,407.59,24.14,37.67,35.15,20.22,Normal Sales,Normal Sales,0,1,161.0,72,1.8,Mega Sale
2026-06-08 08:00:00,565.23,348.55,15.93,36.17,38.02,21.19,Normal Sales,Normal Sales,0,1,160.0,72,1.8,Mega Sale
2026-06-08 09:00:00,732.38,499.4,26.67,46.1,38.43,23.68,Normal Sales,Normal Sales,0,1,159.0,72,1.8,Mega Sale
2026-06-08 10:00:00,711.29,384.66,19.28,38.63,36.41,20.4,Normal Sales,Normal Sales,0,1,158.0,72,1.8,Mega Sale
2026-06-08 11:00:00,818.6,481.09,29.26,46.75,39.53,25.52,Normal Sales,Normal Sales,0,1,157.0,72,1.8,Mega Sale
2026-06-08 12:00:00,656.92,407.0,21.86,38.74,36.09,25.61,Normal Sales,Normal Sales,0,1,156.0,72,1.8,Mega Sale
2026-06-08 13:00:00,715.43,430.2,21.17,43.26,35.51,21.54,Normal Sales,Normal Sales,0,1,155.0,72,1.8,Mega Sale
2026-06-08 14:00:00,854.27,570.55,36.7,48.66,34.88,27.38,Normal Sales,Normal Sales,0,1,154.0,72,1.8,Mega Sale
2026-06-08 15:00:00,892.29,573.56,34.76,50.39,37.95,26.57,Normal Sales,Normal Sales,0,1,153.0,72,1.8,Mega Sale
2026-06-08 16:00:00,812.15,520.11,30.55,50.52,38.83,25.49,Normal Sales,Normal Sales,0,1,152.0,72,1.8,Mega Sale
2026-06-08 17:00:00,1220.11,707.4,39.33,59.72,45.17,29.51,Normal Sales,Normal Sales,0,1,151.0,72,1.8,Mega Sale
2026-06-08 18:00:00,1198.84,728.92,42.35,61.58,44.68,28.83,Normal Sales,Normal Sales,0,1,150.0,72,1.8,Mega Sale
2026-06-08 19:00:00,1221.34,762.4,40.42,61.94,46.02,32.16,Normal Sales,Normal Sales,0,1,149.0,72,1.8,Mega Sale
2026-06-08 20:00:00,1202.08,747.6,43.17,64.35,45.91,29.52,Normal Sales,Normal Sales,0,1,148.0,72,1.8,Mega Sale
2026-06-08 21:00:00,864.44,522.35,32.64,49.13,42.95,24.82,Normal Sales,Normal Sales,0,1,147.0,72,1.8,Mega Sale
2026-06-08 22:00:00,900.91,556.71,30.43,48.33,37.02,26.92,Normal Sales,Normal Sales,0,1,146.0,72,1.8,Mega Sale
2026-06-08 23:00:00,960.86,656.86,35.26,54.36,38.79,30.67,Normal Sales,Normal Sales,0,1,145.0,72,1.8,Mega Sale
2026-06-09 00:00:00,407.31,230.61,10.88,34.02,31.69,19.28,Normal Sales,Normal Sales,0,1,144.0,72,1.8,Mega Sale
2026-06-09 01:00:00,374.09,184.99,8.42,31.04,34.58,15.77,Normal Sales,Normal Sales,0,1,143.0,72,1.8,Mega Sale
2026-06-09 02:00:00,435.9,291.0,13.22,35.12,33.14,14.42,Normal Sales,Normal Sales,0,1,142.0,72,1.8,Mega Sale
2026-06-09 03:00:00,403.98,279.78,16.19,33.67,30.52,18.53,Normal Sales,Normal Sales,0,1,141.0,72,1.8,Mega Sale
2026-06-09 04:00:00,368.35,211.19,10.78,30.73,29.15,15.54,Normal Sales,Normal Sales,0,1,140.0,72,1.8,Mega Sale
2026-06-09 05:00:00,406.23,261.13,13.28,34.27,30.0,18.65,Normal Sales,Normal Sales,0,1,139.0,72,1.8,Mega Sale
2026-06-09 06:00:00,592.86,352.48,17.04,38.24,31.35,20.26,Normal Sales,Normal Sales,0,1,138.0,72,1.8,Mega Sale
2026-06-09 07:00:00,557.37,283.98,16.68,34.78,35.84,19.53,Normal Sales,Normal Sales,0,1,137.0,72,1.8,Mega Sale
2026-06-09 08:00:00,586.1,393.13,21.36,40.38,30.82,24.31,Normal Sales,Normal Sales,0,1,136.0,72,1.8,Mega Sale
2026-06-09 09:00:00,733.86,429.85,25.12,37.76,35.62,24.56,Normal Sales,Normal Sales,0,1,135.0,72,1.8,Mega Sale
2026-06-09 10:00:00,723.06,430.35,22.84,38.13,37.72,22.51,Normal Sales,Normal Sales,0,1,134.0,72,1.8,Mega Sale
2026-06-09 11:00:00,729.18,445.37,24.52,45.51,36.29,20.41,Normal Sales,Normal Sales,0,1,133.0,72,1.8,Mega Sale
2026-06-09 12:00:00,760.52,483.98,27.03,48.55,36.99,26.32,Normal Sales,Normal Sales,0,1,132.0,72,1.8,Mega Sale
2026-06-09 13:00:00,884.35,562.85,29.46,50.08,41.51,23.08,Normal Sales,Normal Sales,0,1,131.0,72,1.8,Mega Sale
2026-06-09 14:00:00,810.02,493.64,25.42,48.88,38.52,22.92,Normal Sales,Normal Sales,0,1,130.0,72,1.8,Mega Sale
2026-06-09 15:00:00,851.23,523.8,27.03,46.6,39.34,26.97,Normal Sales,Normal Sales,0,1,129.0,72,1.8,Mega Sale
2026-06-09 16:00:00,806.1,513.4,31.4,44.4,38.42,26.5,Normal Sales,Normal Sales,0,1,128.0,72,1.8,Mega Sale
2026-06-09 17:00:00,1168.51,755.43,45.95,62.2,43.4,32.84,Normal Sales,Normal Sales,0,1,127.0,72,1.8,Mega Sale
2026-06-09 18:00:00,1223.53,695.62,38.25,58.1,45.59,29.0,Normal Sales,Normal Sales,0,1,126.0,72,1.8,Mega Sale
2026-06-09 19:00:00,1169.09,703.26,40.15,63.14,42.18,26.79,Normal Sales,Normal Sales,0,1,125.0,72,1.8,Mega Sale
2026-06-09 20:00:00,1175.27,727.95,42.38,57.09,42.9,25.9,Normal Sales,Normal Sales,0,1,124.0,72,1.8,Mega Sale
2026-06-09 21:00:00,975.96,611.36,32.7,50.01,38.13,28.11,Normal Sales,Normal Sales,0,1,123.0,72,1.8,Mega Sale
2026-06-09 22:00:00,862.62,537.42,33.64,48.22,36.74,26.2,Normal Sales,Normal Sales,0,1,122.0,72,1.8,Mega Sale
2026-06-09 23:00:00,857.21,574.47,34.4,50.3,36.78,25.51,Normal Sales,Normal Sales,0,1,121.0,72,1.8,Mega Sale
2026-06-10 00:00:00,385.77,248.77,15.76,29.69,32.58,19.45,Normal Sales,Normal Sales,0,1,120.0,72,1.8,Mega Sale
2026-06-10 01:00:00,381.62,209.44,11.75,27.83,32.53,14.99,Normal Sales,Normal Sales,0,1,119.0,72,1.8,Mega Sale
2026-06-10 02:00:00,402.28,247.4,12.49,32.09,33.0,15.8,Normal Sales,Normal Sales,0,1,118.0,72,1.8,Mega Sale
2026-06-10 03:00:00,383.49,218.97,11.97,29.21,26.98,15.36,Normal Sales,Normal Sales,0,1,117.0,72,1.8,Mega Sale
2026-06-10 04:00:00,423.63,268.82,15.21,32.78,31.1,17.86,Normal Sales,Normal Sales,0,1,116.0,72,1.8,Mega Sale
2026-06-10 05:00:00,401.88,251.68,11.5,33.18,25.91,19.12,Normal Sales,Normal Sales,0,1,115.0,72,1.8,Mega Sale
2026-06-10 06:00:00,525.73,323.55,15.41,36.77,34.09,23.09,Normal Sales,Normal Sales,0,1,114.0,72,1.8,Mega Sale
2026-06-10 07:00:00,522.0,348.03,19.4,36.71,34.39,20.23,Normal Sales,Normal Sales,0,1,113.0,72,1.8,Mega Sale
2026-06-10 08:00:00,585.88,338.44,17.35,40.28,36.93,20.39,Normal Sales,Normal Sales,0,1,112.0,72,1.8,Mega Sale
2026-06-10 09:00:00,636.54,389.68,21.5,40.05,35.49,20.79,Normal Sales,Normal Sales,0,1,111.0,72,1.8,Mega Sale
2026-06-10 10:00:00,770.64,448.63,27.15,48.23,35.27,21.39,Normal Sales,Normal Sales,0,1,110.0,72,1.8,Mega Sale
2026-06-10 11:00:00,754.8,438.3,23.12,46.52,38.31,26.92,Normal Sales,Normal Sales,0,1,109.0,72,1.8,Mega Sale
2026-06-10 12:00:00,745.93,447.21,24.7,43.72,36.41,23.13,Normal Sales,Normal Sales,0,1,108.0,72,1.8,Mega Sale
2026-06-10 13:00:00,788.12,495.69,24.45,44.82,37.16,19.87,Normal Sales,Normal Sales,0,1,107.0,72,1.8,Mega Sale
2026-06-10 14:00:00,858.41,480.89,27.79,43.28,37.78,25.06,Normal Sales,Normal Sales,0,1,106.0,72,1.8,Mega Sale
2026-06-10 15:00:00,917.48,571.75,27.48,53.45,39.13,26.43,Normal Sales,Normal Sales,0,1,105.0,72,1.8,Mega Sale
2026-06-10 16:00:00,849.69,471.17,25.93,44.98,40.89,25.23,Normal Sales,Normal Sales,0,1,104.0,72,1.8,Mega Sale
2026-06-10 17:00:00,1079.12,700.62,39.43,54.29,42.46,31.59,Normal Sales,Normal Sales,0,1,103.0,72,1.8,Mega Sale
2026-06-10 18:00:00,1103.38,718.53,36.49,57.18,40.87,32.72,Normal Sales,Normal Sales,0,1,102.0,72,1.8,Mega Sale
2026-06-10 19:00:00,1145.85,681.35,38.36,59.48,44.81,28.49,Normal Sales,Normal Sales,0,1,101.0,72,1.8,Mega Sale
2026-06-10 20:00:00,1189.63,721.32,43.02,62.84,46.39,31.62,Normal Sales,Normal Sales,0,1,100.0,72,1.8,Mega Sale
2026-06-10 21:00:00,937.39,550.07,31.52,50.54,42.46,27.37,Normal Sales,Normal Sales,0,1,99.0,72,1.8,Mega Sale
2026-06-10 22:00:00,938.79,539.94,29.52,48.41,40.46,24.67,Normal Sales,Normal Sales,0,1,98.0,72,1.8,Mega Sale
2026-06-10 23:00:00,901.04,570.12,30.49,51.17,36.28,24.59,Normal Sales,Normal Sales,0,1,97.0,72,1.8,Mega Sale
2026-06-11 00:00:00,404.61,220.1,14.6,33.58,30.34,23.5,Normal Sales,Normal Sales,0,1,96.0,72,1.8,Mega Sale
2026-06-11 01:00:00,416.11,234.26,14.38,32.04,29.52,15.72,Normal Sales,Normal Sales,0,1,95.0,72,1.8,Mega Sale
2026-06-11 02:00:00,411.25,240.02,13.0,29.79,29.49,17.75,Normal Sales,Normal Sales,0,1,94.0,72,1.8,Mega Sale
2026-06-11 03:00:00,399.36,182.9,10.09,27.56,33.59,22.46,Normal Sales,Normal Sales,0,1,93.0,72,1.8,Mega Sale
2026-06-11 04:00:00,384.72,195.47,10.98,29.36,34.48,20.22,Normal Sales,Normal Sales,0,1,92.0,72,1.8,Mega Sale
2026-06-11 05:00:00,408.71,238.73,14.49,32.68,31.43,14.85,Normal Sales,Normal Sales,0,1,91.0,72,1.8,Mega Sale
2026-06-11 06:00:00,595.92,372.16,20.27,38.01,32.54,21.94,Normal Sales,Normal Sales,0,1,90.0,72,1.8,Mega Sale
2026-06-11 07:00:00,516.38,339.9,16.59,32.28,36.42,18.78,Normal Sales,Normal Sales,0,1,89.0,72,1.8,Mega Sale
2026-06-11 08:00:00,545.44,366.54,23.87,35.03,31.36,19.4,Normal Sales,Normal Sales,0,1,88.0,72,1.8,Mega Sale
2026-06-11 09:00:00,774.58,521.22,26.51,51.19,35.75,25.7,Normal Sales,Normal Sales,0,1,87.0,72,1.8,Mega Sale
2026-06-11 10:00:00,692.95,426.58,23.24,41.95,36.55,20.65,Normal Sales,Normal Sales,0,1,86.0,72,1.8,Mega Sale
2026-06-11 11:00:00,707.29,449.47,27.4,43.83,37.03,24.75,Normal Sales,Normal Sales,0,1,85.0,72,1.8,Mega Sale
2026-06-11 12:00:00,770.72,454.01,23.42,42.87,40.96,24.37,Normal Sales,Normal Sales,0,1,84.0,72,1.8,Mega Sale
2026-06-11 13:00:00,846.21,533.8,26.72,53.64,39.34,26.79,Normal Sales,Normal Sales,0,1,83.0,72,1.8,Mega Sale
2026-06-11 14:00:00,754.04,486.99,26.07,42.64,34.91,21.65,Normal Sales,Normal Sales,0,1,82.0,72,1.8,Mega Sale
2026-06-11 15:00:00,774.04,481.42,25.7,46.69,40.51,23.78,Normal Sales,Normal Sales,0,1,81.0,72,1.8,Mega Sale
2026-06-11 16:00:00,734.22,449.16,27.09,43.87,39.54,24.13,Normal Sales,Normal Sales,0,1,80.0,72,1.8,Mega Sale
2026-06-11 17:00:00,1067.25,664.44,37.14,59.14,45.78,30.43,Normal Sales,Normal Sales,0,1,79.0,72,1.8,Mega Sale
2026-06-11 18:00:00,1201.16,761.62,41.55,58.23,44.5,31.77,Normal Sales,Normal Sales,0,1,78.0,72,1.8,Mega Sale
2026-06-11 19:00:00,1104.55,717.98,41.5,55.72,45.51,29.33,Normal Sales,Normal Sales,0,1,77.0,72,1.8,Mega Sale
2026-06-11 20:00:00,1129.53,727.29,39.9,64.51,41.5,26.72,Normal Sales,Normal Sales,0,1,76.0,72,1.8,Mega Sale
2026-06-11 21:00:00,901.29,578.53,29.96,47.92,39.78,23.54,Normal Sales,Normal Sales,0,1,75.0,72,1.8,Mega Sale
2026-06-11 22:00:00,928.12,566.92,32.17,47.48,42.37,25.81,Normal Sales,Normal Sales,0,1,74.0,72,1.8,Mega Sale
2026-06-11 23:00:00,949.0,612.38,31.37,55.35,37.28,24.57,Normal Sales,Normal Sales,0,1,73.0,72,1.8,Mega Sale
2026-06-12 00:00:00,430.45,294.67,20.35,33.78,31.52,20.42,Normal Sales,Normal Sales,0,1,72.0,72,1.8,Mega Sale
2026-06-12 01:00:00,391.72,224.21,10.54,31.76,28.53,15.42,Normal Sales,Normal Sales,0,1,71.0,72,1.8,Mega Sale
2026-06-12 02:00:00,399.67,245.42,15.37,31.18,29.63,18.98,Normal Sales,Normal Sales,0,1,70.0,72,1.8,Mega Sale
2026-06-12 03:00:00,376.04,216.69,10.68,30.24,33.94,14.66,Normal Sales,Normal Sales,0,1,69.0,72,1.8,Mega Sale
2026-06-12 04:00:00,417.35,277.2,18.38,41.65,33.96,20.78,Normal Sales,Normal Sales,0,1,68.0,72,1.8,Mega Sale
2026-06-12 05:00:00,366.23,197.41,11.58,25.57,31.46,12.67,Normal Sales,Normal Sales,0,1,67.0,72,1.8,Mega Sale
2026-06-12 06:00:00,598.78,363.2,20.23,37.26,30.38,23.55,Normal Sales,Normal Sales,0,1,66.0,72,1.8,Mega Sale
2026-06-12 07:00:00,603.97,365.67,21.44,38.31,34.84,22.66,Normal Sales,Normal Sales,0,1,65.0,72,1.8,Mega Sale
2026-06-12 08:00:00,581.87,394.29,22.72,40.47,32.37,20.9,Normal Sales,Normal Sales,0,1,64.0,72,1.8,Mega Sale
2026-06-12 09:00:00,770.35,440.07,26.42,43.26,35.46,20.8,Normal Sales,Normal Sales,0,1,63.0,72,1.8,Mega Sale
2026-06-12 10:00:00,765.33,474.14,29.25,42.3,35.85,23.67,Normal Sales,Normal Sales,0,1,62.0,72,1.8,Mega Sale
2026-06-12 11:00:00,712.53,441.92,24.94,44.8,39.13,20.44,Normal Sales,Normal Sales,0,1,61.0,72,1.8,Mega Sale
2026-06-12 12:00:00,752.86,450.6,25.64,45.38,34.82,21.46,Normal Sales,Normal Sales,0,1,60.0,72,1.8,Mega Sale
2026-06-12 13:00:00,848.63,526.74,28.53,50.14,39.89,24.11,Normal Sales,Normal Sales,0,1,59.0,72,1.8,Mega Sale
2026-06-12 14:00:00,792.21,459.62,25.35,41.46,37.67,25.92,Normal Sales,Normal Sales,0,1,58.0,72,1.8,Mega Sale
2026-06-12 15:00:00,812.84,490.56,30.98,50.35,36.29,24.54,Normal Sales,Normal Sales,0,1,57.0,72,1.8,Mega Sale
2026-06-12 16:00:00,841.06,526.55,32.59,48.64,38.77,26.54,Normal Sales,Normal Sales,0,1,56.0,72,1.8,Mega Sale
2026-06-12 17:00:00,1245.83,795.84,44.85,59.88,44.2,33.53,Normal Sales,Normal Sales,0,1,55.0,72,1.8,Mega Sale
2026-06-12 18:00:00,1190.59,758.82,45.51,58.73,46.52,30.31,Normal Sales,Normal Sales,0,1,54.0,72,1.8,Mega Sale
2026-06-12 19:00:00,1230.86,762.1,46.17,62.47,43.64,31.89,Normal Sales,Normal Sales,0,1,53.0,72,1.8,Mega Sale
2026-06-12 20:00:00,1194.91,769.3,43.21,68.37,44.09,31.03,Normal Sales,Normal Sales,0,1,52.0,72,1.8,Mega Sale
2026-06-12 21:00:00,886.95,552.05,30.82,50.64,39.21,24.58,Normal Sales,Normal Sales,0,1,51.0,72,1.8,Mega Sale
2026-06-12 22:00:00,874.25,532.65,31.58,52.36,38.71,23.43,Normal Sales,Normal Sales,0,1,50.0,72,1.8,Mega Sale
2026-06-12 23:00:00,910.85,617.02,35.93,54.43,41.41,30.51,Normal Sales,Normal Sales,0,1,49.0,72,1.8,Mega Sale
2026-06-13 00:00:00,488.73,293.21,15.07,36.57,32.63,20.84,Weekend Sales,Weekend Sales,0,1,48.0,72,1.8,Mega Sale
2026-06-13 01:00:00,505.48,347.7,18.98,39.43,34.98,22.92,Weekend Sales,Weekend Sales,0,1,47.0,72,1.8,Mega Sale
2026-06-13 02:00:00,527.98,347.83,22.61,39.16,31.52,21.86,Weekend Sales,Weekend Sales,0,1,46.0,72,1.8,Mega Sale
2026-06-13 03:00:00,517.66,262.25,15.35,34.23,35.11,17.06,Weekend Sales,Weekend Sales,0,1,45.0,72,1.8,Mega Sale
2026-06-13 04:00:00,479.58,301.56,17.35,35.64,32.19,17.4,Weekend Sales,Weekend Sales,0,1,44.0,72,1.8,Mega Sale
2026-06-13 05:00:00,515.02,310.6,19.23,37.05,32.2,23.21,Weekend Sales,Weekend Sales,0,1,43.0,72,1.8,Mega Sale
2026-06-13 06:00:00,739.05,472.16,25.63,49.24,36.74,24.04,Weekend Sales,Weekend Sales,0,1,42.0,72,1.8,Mega Sale
2026-06-13 07:00:00,743.88,466.12,28.04,47.04,36.7,27.06,Weekend Sales,Weekend Sales,0,1,41.0,72,1.8,Mega Sale
2026-06-13 08:00:00,781.82,473.77,23.3,44.54,38.12,25.04,Weekend Sales,Weekend Sales,0,1,40.0,72,1.8,Mega Sale
2026-06-13 09:00:00,1046.19,621.28,33.29,51.38,39.11,26.28,Weekend Sales,Weekend Sales,0,1,39.0,72,1.8,Mega Sale
2026-06-13 10:00:00,997.58,637.78,33.18,52.66,37.4,28.37,Weekend Sales,Weekend Sales,0,1,38.0,72,1.8,Mega Sale
2026-06-13 11:00:00,943.76,626.71,35.29,53.32,38.76,24.68,Weekend Sales,Weekend Sales,0,1,37.0,72,1.8,Mega Sale
2026-06-13 12:00:00,912.62,550.27,28.87,47.57,40.27,26.79,Weekend Sales,Weekend Sales,0,1,36.0,72,1.8,Mega Sale
2026-06-13 13:00:00,1069.76,711.63,35.65,58.73,41.75,28.69,Weekend Sales,Weekend Sales,0,1,35.0,72,1.8,Mega Sale
2026-06-13 14:00:00,1056.68,654.97,35.57,54.95,39.37,25.14,Weekend Sales,Weekend Sales,0,1,34.0,72,1.8,Mega Sale
2026-06-13 15:00:00,1079.08,658.97,35.85,56.01,41.3,28.05,Weekend Sales,Weekend Sales,0,1,33.0,72,1.8,Mega Sale
2026-06-13 16:00:00,1048.15,687.95,36.24,56.42,40.37,27.72,Weekend Sales,Weekend Sales,0,1,32.0,72,1.8,Mega Sale
2026-06-13 17:00:00,1557.79,963.27,52.06,73.1,49.04,36.89,Weekend Sales,Weekend Sales,0,1,31.0,72,1.8,Mega Sale
2026-06-13 18:00:00,1715.75,1041.89,58.09,78.72,54.5,39.44,Weekend Sales,Weekend Sales,0,1,30.0,72,1.8,Mega Sale
2026-06-13 19:00:00,1571.85,973.55,52.68,72.47,50.53,33.77,Weekend Sales,Weekend Sales,0,1,29.0,72,1.8,Mega Sale
2026-06-13 20:00:00,1509.67,963.67,53.2,75.67,52.6,35.74,Weekend Sales,Weekend Sales,0,1,28.0,72,1.8,Mega Sale
2026-06-13 21:00:00,1222.66,750.51,39.65,59.17,46.47,31.18,Weekend Sales,Weekend Sales,0,1,27.0,72,1.8,Mega Sale
2026-06-13 22:00:00,1321.85,843.85,44.95,68.65,45.86,35.53,Weekend Sales,Weekend Sales,0,1,26.0,72,1.8,Mega Sale
2026-06-13 23:00:00,1180.69,705.72,37.22,57.34,42.39,28.5,Weekend Sales,Weekend Sales,0,1,25.0,72,1.8,Mega Sale
2026-06-14 00:00:00,541.11,380.39,18.26,42.61,32.24,22.21,Weekend Sales,Weekend Sales,0,1,24.0,72,1.8,Mega Sale
2026-06-14 01:00:00,475.97,308.2,12.94,36.46,32.61,20.09,Weekend Sales,Weekend Sales,0,1,23.0,72,1.8,Mega Sale
2026-06-14 02:00:00,499.82,323.62,18.58,36.04,33.84,19.9,Weekend Sales,Weekend Sales,0,1,22.0,72,1.8,Mega Sale
2026-06-14 03:00:00,532.6,327.07,18.42,38.42,32.26,17.71,Weekend Sales,Weekend Sales,0,1,21.0,72,1.8,Mega Sale
2026-06-14 04:00:00,526.05,355.88,20.17,39.02,32.86,22.38,Weekend Sales,Weekend Sales,0,1,20.0,72,1.8,Mega Sale
2026-06-14 05:00:00,514.06,307.37,19.12,34.62,34.52,21.9,Weekend Sales,Weekend Sales,0,1,19.0,72,1.8,Mega Sale
2026-06-14 06:00:00,770.74,446.63,24.62,43.76,36.11,23.45,Weekend Sales,Weekend Sales,0,1,18.0,72,1.8,Mega Sale
2026-06-14 07:00:00,778.32,471.1,25.57,44.82,39.56,23.26,Weekend Sales,Weekend Sales,0,1,17.0,72,1.8,Mega Sale
2026-06-14 08:00:00,703.24,396.67,22.54,39.57,37.29,19.25,Weekend Sales,Weekend Sales,0,1,16.0,72,1.8,Mega Sale
2026-06-14 09:00:00,953.7,558.03,31.56,52.36,40.89,23.78,Weekend Sales,Weekend Sales,0,1,15.0,72,1.8,Mega Sale
2026-06-14 10:00:00,943.57,590.87,29.12,51.53,43.07,26.41,Weekend Sales,Weekend Sales,0,1,14.0,72,1.8,Mega Sale
2026-06-14 11:00:00,907.17,547.26,28.84,55.23,42.75,27.14,Weekend Sales,Weekend Sales,0,1,13.0,72,1.8,Mega Sale
2026-06-14 12:00:00,963.3,627.26,32.23,56.62,42.23,27.38,Weekend Sales,Weekend Sales,0,1,12.0,72,1.8,Mega Sale
2026-06-14 13:00:00,1157.82,706.67,36.34,61.51,43.51,30.87,Weekend Sales,Weekend Sales,0,1,11.0,72,1.8,Mega Sale
2026-06-14 14:00:00,1195.15,722.94,39.47,64.02,45.66,28.67,Weekend Sales,Weekend Sales,0,1,10.0,72,1.8,Mega Sale
2026-06-14 15:00:00,1043.11,633.53,33.37,55.45,41.89,28.4,Weekend Sales,Weekend Sales,0,1,9.0,72,1.8,Mega Sale
2026-06-14 16:00:00,1049.37,648.84,31.57,55.96,44.19,25.37,Weekend Sales,Weekend Sales,0,1,8.0,72,1.8,Mega Sale
2026-06-14 17:00:00,1594.28,973.18,55.13,74.94,51.91,36.46,Weekend Sales,Weekend Sales,0,1,7.0,72,1.8,Mega Sale
2026-06-14 18:00:00,1660.04,1037.91,55.67,78.23,51.48,38.27,Weekend Sales,Weekend Sales,0,1,6.0,72,1.8,Mega Sale
2026-06-14 19:00:00,1523.98,927.95,51.44,72.09,52.04,34.37,Weekend Sales,Weekend Sales,0,1,5.0,72,1.8,Mega Sale
2026-06-14 20:00:00,1402.48,860.44,44.07,68.98,44.49,31.53,Weekend Sales,Weekend Sales,0,1,4.0,72,1.8,Mega Sale
2026-06-14 21:00:00,1188.79,775.65,40.52,62.45,45.37,34.36,Weekend Sales,Weekend Sales,0,1,3.0,72,1.8,Mega Sale
2026-06-14 22:00:00,1257.81,807.19,46.12,61.36,46.1,33.88,Weekend Sales,Weekend Sales,0,1,2.0,72,1.8,Mega Sale
2026-06-14 23:00:00,1152.83,700.26,36.91,60.67,43.46,28.86,Weekend Sales,Weekend Sales,0,1,1.0,72,1.8,Mega Sale
2026-06-15 00:00:00,661.31,408.32,21.32,42.27,32.96,22.56,Mega Sale,Mega Sale,1,0,-1.0,0,1.8,
2026-06-15 01:00:00,691.08,397.24,19.19,38.46,35.34,22.17,Mega Sale,Mega Sale,1,0,-1.0,0,1.8,
2026-06-15 02:00:00,716.12,451.68,23.33,46.7,35.29,24.19,Mega Sale,Mega Sale,1,0,-1.0,0,1.8,
2026-06-15 03:00:00,700.79,443.88,23.98,44.56,35.9,24.72,Mega Sale,Mega Sale,1,0,-1.0,0,1.8,
2026-06-15 04:00:00,677.66,375.9,18.73,43.01,35.21,21.58,Mega Sale,Mega Sale,1,0,-1.0,0,1.8,
2026-06-15 05:00:00,669.36,416.64,20.87,39.91,34.57,23.31,Mega Sale,Mega Sale,1,0,-1.0,0,1.8,
2026-06-15 06:00:00,1048.79,664.72,33.38,56.29,41.44,25.55,Mega Sale,Mega Sale,1,0,-1.0,0,1.8,
2026-06-15 07:00:00,1021.44,627.03,35.51,54.59,40.27,29.53,Mega Sale,Mega Sale,1,0,-1.0,0,1.8,
2026-06-15 08:00:00,907.27,560.9,27.32,48.22,40.47,23.47,Mega Sale,Mega Sale,1,0,-1.0,0,1.8,
2026-06-15 09:00:00,1239.65,828.13,42.83,69.31,44.73,31.65,Mega Sale,Mega Sale,1,0,-1.0,0,1.8,
2026-06-15 10:00:00,1372.49,884.36,46.35,67.5,49.03,34.68,Mega Sale,Mega Sale,1,0,-1.0,0,1.8,
2026-06-15 11:00:00,1408.2,885.96,52.34,69.58,48.38,34.79,Mega Sale,Mega Sale,1,0,-1.0,0,1.8,
2026-06-15 12:00:00,1325.15,842.8,46.83,68.5,48.42,33.93,Mega Sale,Mega Sale,1,0,-1.0,0,1.8,
2026-06-15 13:00:00,1529.1,922.79,49.65,73.87,52.84,31.19,Mega Sale,Mega Sale,1,0,-1.0,0,1.8,
2026-06-15 14:00:00,1449.33,899.17,47.7,68.0,49.59,37.64,Mega Sale,Mega Sale,1,0,-1.0,0,1.8,
2026-06-15 15:00:00,1340.14,826.63,46.39,67.87,47.42,36.19,Mega Sale,Mega Sale,1,0,-1.0,0,1.8,
2026-06-15 16:00:00,1493.84,958.98,51.45,73.25,46.97,37.78,Mega Sale,Mega Sale,1,0,-1.0,0,1.8,
2026-06-15 17:00:00,2106.99,1315.28,71.71,95.51,60.61,42.89,Mega Sale,Mega Sale,1,0,-1.0,0,1.8,
2026-06-15 18:00:00,2020.47,1252.0,70.18,95.16,58.95,45.32,Mega Sale,Mega Sale,1,0,-1.0,0,1.8,
2026-06-15 19:00:00,1948.82,1258.59,70.43,90.1,56.8,41.25,Mega Sale,Mega Sale,1,0,-1.0,0,1.8,
2026-06-15 20:00:00,2032.71,1308.04,69.96,90.6,57.15,42.3,Mega Sale,Mega Sale,1,0,-1.0,0,1.8,
2026-06-15 21:00:00,1649.96,1050.2,56.54,75.03,52.63,38.14,Mega Sale,Mega Sale,1,0,-1.0,0,1.8,
2026-06-15 22:00:00,1731.36,1062.08,57.89,79.27,53.61,37.77,Mega Sale,Mega Sale,1,0,-1.0,0,1.8,
2026-06-15 23:00:00,1602.98,947.59,50.99,75.25,52.95,34.75,Mega Sale,Mega Sale,1,0,-1.0,0,1.8,
2026-06-16 00:00:00,752.87,466.06,22.96,40.86,39.24,22.91,Mega Sale,Mega Sale,1,0,-1.0,0,1.8,
2026-06-16 01:00:00,664.03,355.22,18.75,40.31,33.89,18.77,Mega Sale,Mega Sale,1,0,-1.0,0,1.8,
2026-06-16 02:00:00,687.52,457.34,22.37,42.48,38.11,24.42,Mega Sale,Mega Sale,1,0,-1.0,0,1.8,
2026-06-16 03:00:00,713.27,426.02,23.49,41.53,34.41,20.49,Mega Sale,Mega Sale,1,0,-1.0,0,1.8,
2026-06-16 04:00:00,734.66,453.98,25.6,44.69,37.37,22.84,Mega Sale,Mega Sale,1,0,-1.0,0,1.8,
2026-06-16 05:00:00,689.92,407.37,19.58,39.05,35.0,18.98,Mega Sale,Mega Sale,1,0,-1.0,0,1.8,
2026-06-16 06:00:00,950.56,615.4,34.3,52.17,44.7,24.09,Mega Sale,Mega Sale,1,0,-1.0,0,1.8,
2026-06-16 07:00:00,1070.95,661.2,37.94,56.59,38.46,28.72,Mega Sale,Mega Sale,1,0,-1.0,0,1.8,
2026-06-16 08:00:00,1038.27,588.93,36.28,53.59,42.99,24.39,Mega Sale,Mega Sale,1,0,-1.0,0,1.8,
2026-06-16 09:00:00,1381.44,883.73,49.11,68.8,45.7,33.66,Mega Sale,Mega Sale,1,0,-1.0,0,1.8,
2026-06-16 10:00:00,1301.15,821.01,43.46,66.77,44.44,32.0,Mega Sale,Mega Sale,1,0,-1.0,0,1.8,
2026-06-16 11:00:00,1376.46,835.81,47.27,68.01,46.86,35.22,Mega Sale,Mega Sale,1,0,-1.0,0,1.8,
2026-06-16 12:00:00,1340.53,858.68,50.81,66.76,48.08,32.19,Mega Sale,Mega Sale,1,0,-1.0,0,1.8,
2026-06-16 13:00:00,1415.36,872.64,45.27,66.25,49.24,32.79,Mega Sale,Mega Sale,1,0,-1.0,0,1.8,
2026-06-16 14:00:00,1545.45,965.67,56.81,75.13,52.5,36.95,Mega Sale,Mega Sale,1,0,-1.0,0,1.8,
2026-06-16 15:00:00,1515.67,968.83,54.62,74.25,50.18,37.3,Mega Sale,Mega Sale,1,0,-1.0,0,1.8,
2026-06-16 16:00:00,1442.33,876.4,51.05,73.64,46.66,32.57,Mega Sale,Mega Sale,1,0,-1.0,0,1.8,
2026-06-16 17:00:00,2241.98,1403.36,78.54,98.0,61.63,47.74,Mega Sale,Mega Sale,1,0,-1.0,0,1.8,
2026-06-16 18:00:00,2147.57,1310.03,72.68,97.23,59.84,45.06,Mega Sale,Mega Sale,1,0,-1.0,0,1.8,
2026-06-16 19:00:00,2142.74,1321.38,74.03,92.9,63.09,46.29,Mega Sale,Mega Sale,1,0,-1.0,0,1.8,
2026-06-16 20:00:00,2021.49,1295.77,71.6,90.67,60.57,45.38,Mega Sale,Mega Sale,1,0,-1.0,0,1.8,
2026-06-16 21:00:00,1503.38,918.96,51.1,65.98,49.73,35.29,Mega Sale,Mega Sale,1,0,-1.0,0,1.8,
2026-06-16 22:00:00,1551.92,968.96,53.31,71.04,52.22,37.9,Mega Sale,Mega Sale,1,0,-1.0,0,1.8,
2026-06-16 23:00:00,1625.63,1002.93,56.61,75.64,47.77,38.05,Mega Sale,Mega Sale,1,0,-1.0,0,1.8,
2026-06-17 00:00:00,678.54,410.95,25.52,41.59,35.54,23.29,Mega Sale,Mega Sale,1,0,-1.0,0,1.8,
2026-06-17 01:00:00,725.17,426.62,23.34,43.09,36.87,23.24,Mega Sale,Mega Sale,1,0,-1.0,0,1.8,
2026-06-17 02:00:00,798.8,465.86,27.58,48.31,38.57,22.35,Mega Sale,Mega Sale,1,0,-1.0,0,1.8,
2026-06-17 03:00:00,766.17,420.22,21.75,45.97,36.28,25.7,Mega Sale,Mega Sale,1,0,-1.0,0,1.8,
2026-06-17 04:00:00,653.83,377.57,19.7,41.26,34.67,20.46,Mega Sale,Mega Sale,1,0,-1.0,0,1.8,
2026-06-17 05:00:00,757.53,507.5,27.08,42.62,32.56,25.17,Mega Sale,Mega Sale,1,0,-1.0,0,1.8,
2026-06-17 06:00:00,1055.16,655.77,35.93,53.94,43.25,31.75,Mega Sale,Mega Sale,1,0,-1.0,0,1.8,
2026-06-17 07:00:00,908.41,561.27,28.93,46.8,37.18,26.79,Mega Sale,Mega Sale,1,0,-1.0,0,1.8,
2026-06-17 08:00:00,1042.34,682.76,37.57,52.67,41.24,26.3,Mega Sale,Mega Sale,1,0,-1.0,0,1.8,
2026-06-17 09:00:00,1255.39,792.86,44.0,65.19,44.63,33.4,Mega Sale,Mega Sale,1,0,-1.0,0,1.8,
2026-06-17 10:00:00,1308.39,839.12,46.84,65.71,46.67,32.94,Mega Sale,Mega Sale,1,0,-1.0,0,1.8,
2026-06-17 11:00:00,1442.62,900.56,49.53,69.47,50.21,35.93,Mega Sale,Mega Sale,1,0,-1.0,0,1.8,
2026-06-17 12:00:00,1317.71,788.09,41.54,63.55,49.1,31.2,Mega Sale,Mega Sale,1,0,-1.0,0,1.8,
2026-06-17 13:00:00,1448.82,854.25,50.01,69.45,50.22,35.28,Mega Sale,Mega Sale,1,0,-1.0,0,1.8,
2026-06-17 14:00:00,1480.88,920.26,53.59,71.71,50.35,36.75,Mega Sale,Mega Sale,1,0,-1.0,0,1.8,
2026-06-17 15:00:00,1541.18,952.33,52.31,75.13,51.75,38.14,Mega Sale,Mega Sale,1,0,-1.0,0,1.8,
2026-06-17 16:00:00,1534.33,966.2,52.25,72.3,51.64,35.01,Mega Sale,Mega Sale,1,0,-1.0,0,1.8,
2026-06-17 17:00:00,2119.69,1348.69,76.62,96.4,59.44,45.47,Mega Sale,Mega Sale,1,0,-1.0,0,1.8,
2026-06-17 18:00:00,2213.94,1371.73,74.33,98.0,62.0,45.14,Mega Sale,Mega Sale,1,0,-1.0,0,1.8,
2026-06-17 19:00:00,2172.7,1371.36,73.41,96.59,60.44,47.19,Mega Sale,Mega Sale,1,0,-1.0,0,1.8,
2026-06-17 20:00:00,2188.94,1343.36,70.9,98.0,58.97,46.13,Mega Sale,Mega Sale,1,0,-1.0,0,1.8,
2026-06-17 21:00:00,1639.47,1020.53,59.43,84.64,48.6,39.48,Mega Sale,Mega Sale,1,0,-1.0,0,1.8,
2026-06-17 22:00:00,1637.47,1041.42,59.19,81.49,52.41,36.26,Mega Sale,Mega Sale,1,0,-1.0,0,1.8,
2026-06-17 23:00:00,1726.91,1073.63,58.58,78.94,55.37,42.05,Mega Sale,Mega Sale,1,0,-1.0,0,1.8,
2026-06-18 00:00:00,369.64,244.73,12.72,28.3,30.58,16.45,Normal Sales,Normal Sales,0,0,-1.0,0,1.0,
2026-06-18 01:00:00,362.13,204.97,9.22,28.5,27.5,16.33,Normal Sales,Normal Sales,0,0,-1.0,0,1.0,
2026-06-18 02:00:00,379.12,244.44,14.63,32.68,29.97,17.59,Normal Sales,Normal Sales,0,0,-1.0,0,1.0,
2026-06-18 03:00:00,376.69,213.22,13.13,26.21,30.24,16.68,Normal Sales,Normal Sales,0,0,-1.0,0,1.0,
2026-06-18 04:00:00,404.92,215.42,11.87,31.79,27.07,15.24,Normal Sales,Normal Sales,0,0,-1.0,0,1.0,
2026-06-18 05:00:00,391.34,255.48,14.42,34.03,28.49,15.21,Normal Sales,Normal Sales,0,0,-1.0,0,1.0,
2026-06-18 06:00:00,570.27,322.83,16.03,39.42,34.07,18.93,Normal Sales,Normal Sales,0,0,-1.0,0,1.0,
2026-06-18 07:00:00,548.05,355.31,19.97,35.34,29.42,24.65,Normal Sales,Normal Sales,0,0,-1.0,0,1.0,
2026-06-18 08:00:00,533.16,343.75,21.93,38.1,31.86,17.74,Normal Sales,Normal Sales,0,0,-1.0,0,1.0,
2026-06-18 09:00:00,689.13,436.68,26.92,42.17,34.6,24.31,Normal Sales,Normal Sales,0,0,-1.0,0,1.0,
2026-06-18 10:00:00,717.13,451.48,24.92,43.03,36.16,26.81,Normal Sales,Normal Sales,0,0,-1.0,0,1.0,
2026-06-18 11:00:00,765.04,501.64,25.75,49.43,38.28,21.54,Normal Sales,Normal Sales,0,0,-1.0,0,1.0,
2026-06-18 12:00:00,762.64,460.0,22.21,45.13,38.04,23.8,Normal Sales,Normal Sales,0,0,-1.0,0,1.0,
2026-06-18 13:00:00,825.43,503.5,32.63,44.3,39.78,24.62,Normal Sales,Normal Sales,0,0,-1.0,0,1.0,
2026-06-18 14:00:00,794.5,491.38,24.24,44.98,37.41,21.18,Normal Sales,Normal Sales,0,0,-1.0,0,1.0,
2026-06-18 15:00:00,850.98,503.51,24.79,44.76,42.82,20.63,Normal Sales,Normal Sales,0,0,-1.0,0,1.0,
2026-06-18 16:00:00,848.06,507.01,27.19,49.11,39.53,23.31,Normal Sales,Normal Sales,0,0,-1.0,0,1.0,
2026-06-18 17:00:00,1099.35,697.15,39.45,57.45,43.57,28.54,Normal Sales,Normal Sales,0,0,-1.0,0,1.0,
2026-06-18 18:00:00,1130.65,701.1,39.6,59.37,44.24,28.01,Normal Sales,Normal Sales,0,0,-1.0,0,1.0,
2026-06-18 19:00:00,1272.7,780.52,42.69,60.01,45.25,32.58,Normal Sales,Normal Sales,0,0,-1.0,0,1.0,
2026-06-18 20:00:00,1224.39,798.17,44.94,64.4,43.92,30.63,Normal Sales,Normal Sales,0,0,-1.0,0,1.0,
2026-06-18 21:00:00,961.83,620.11,31.95,55.41,41.65,25.28,Normal Sales,Normal Sales,0,0,-1.0,0,1.0,
2026-06-18 22:00:00,942.11,557.87,25.82,50.24,40.53,25.72,Normal Sales,Normal Sales,0,0,-1.0,0,1.0,
2026-06-18 23:00:00,1048.83,659.75,36.58,57.15,40.95,30.35,Normal Sales,Normal Sales,0,0,-1.0,0,1.0,
2026-06-19 00:00:00,400.44,256.15,12.84,28.82,29.8,18.97,Normal Sales,Normal Sales,0,0,-1.0,0,1.0,
2026-06-19 01:00:00,384.59,245.74,13.05,33.21,28.58,18.53,Normal Sales,Normal Sales,0,0,-1.0,0,1.0,
2026-06-19 02:00:00,380.73,197.6,10.54,33.78,27.56,17.18,Normal Sales,Normal Sales,0,0,-1.0,0,1.0,
2026-06-19 03:00:00,409.02,311.09,16.12,33.69,28.62,22.06,Normal Sales,Normal Sales,0,0,-1.0,0,1.0,
2026-06-19 04:00:00,376.28,224.03,8.62,33.3,32.71,19.29,Normal Sales,Normal Sales,0,0,-1.0,0,1.0,
2026-06-19 05:00:00,361.77,239.47,9.83,31.82,30.56,18.61,Normal Sales,Normal Sales,0,0,-1.0,0,1.0,
2026-06-19 06:00:00,583.34,361.47,15.96,40.27,34.11,19.23,Normal Sales,Normal Sales,0,0,-1.0,0,1.0,
2026-06-19 07:00:00,523.57,363.11,22.43,40.29,31.55,16.04,Normal Sales,Normal Sales,0,0,-1.0,0,1.0,
2026-06-19 08:00:00,589.88,374.89,19.87,42.4,35.72,21.72,Normal Sales,Normal Sales,0,0,-1.0,0,1.0,
2026-06-19 09:00:00,744.27,462.72,26.81,42.63,37.5,21.73,Normal Sales,Normal Sales,0,0,-1.0,0,1.0,
2026-06-19 10:00:00,792.62,504.73,26.38,47.26,35.77,27.63,Normal Sales,Normal Sales,0,0,-1.0,0,1.0,
2026-06-19 11:00:00,803.26,515.43,31.46,48.0,39.18,27.34,Normal Sales,Normal Sales,0,0,-1.0,0,1.0,
2026-06-19 12:00:00,742.76,462.29,27.29,46.36,35.12,19.18,Normal Sales,Normal Sales,0,0,-1.0,0,1.0,
2026-06-19 13:00:00,823.09,457.89,23.2,43.0,36.86,25.09,Normal Sales,Normal Sales,0,0,-1.0,0,1.0,
2026-06-19 14:00:00,873.46,554.26,31.75,51.57,33.86,25.88,Normal Sales,Normal Sales,0,0,-1.0,0,1.0,
2026-06-19 15:00:00,755.79,481.32,22.29,45.25,37.94,21.8,Normal Sales,Normal Sales,0,0,-1.0,0,1.0,
2026-06-19 16:00:00,870.31,552.26,31.14,51.56,38.08,26.11,Normal Sales,Normal Sales,0,0,-1.0,0,1.0,
2026-06-19 17:00:00,1180.6,731.66,38.9,57.26,43.4,29.51,Normal Sales,Normal Sales,0,0,-1.0,0,1.0,
2026-06-19 18:00:00,1136.54,725.96,37.58,59.33,45.65,31.97,Normal Sales,Normal Sales,0,0,-1.0,0,1.0,
2026-06-19 19:00:00,1251.77,761.33,43.44,59.62,44.73,30.67,Normal Sales,Normal Sales,0,0,-1.0,0,1.0,
2026-06-19 20:00:00,1146.04,701.5,37.6,56.28,45.2,29.17,Normal Sales,Normal Sales,0,0,-1.0,0,1.0,
2026-06-19 21:00:00,927.03,578.85,31.95,51.7,39.15,29.31,Normal Sales,Normal Sales,0,0,-1.0,0,1.0,
2026-06-19 22:00:00,952.7,591.13,31.62,51.93,41.03,29.78,Normal Sales,Normal Sales,0,0,-1.0,0,1.0,
2026-06-19 23:00:00,854.78,546.46,32.31,45.71,38.17,23.53,Normal Sales,Normal Sales,0,0,-1.0,0,1.0,
2026-06-20 00:00:00,531.65,320.67,17.38,35.66,34.48,20.47,Weekend Sales,Weekend Sales,0,0,-1.0,0,1.0,
2026-06-20 01:00:00,526.46,330.42,19.32,36.43,36.35,17.79,Weekend Sales,Weekend Sales,0,0,-1.0,0,1.0,
2026-06-20 02:00:00,475.54,249.62,9.57,34.72,33.19,20.66,Weekend Sales,Weekend Sales,0,0,-1.0,0,1.0,
2026-06-20 03:00:00,492.95,324.27,17.95,36.95,33.63,18.59,Weekend Sales,Weekend Sales,0,0,-1.0,0,1.0,
2026-06-20 04:00:00,587.78,397.72,20.81,37.87,33.82,22.31,Weekend Sales,Weekend Sales,0,0,-1.0,0,1.0,
2026-06-20 05:00:00,548.18,310.65,17.66,32.54,34.19,19.55,Weekend Sales,Weekend Sales,0,0,-1.0,0,1.0,
2026-06-20 06:00:00,824.56,472.57,28.73,41.6,35.36,20.46,Weekend Sales,Weekend Sales,0,0,-1.0,0,1.0,
2026-06-20 07:00:00,761.17,442.58,21.65,44.51,37.84,23.14,Weekend Sales,Weekend Sales,0,0,-1.0,0,1.0,
2026-06-20 08:00:00,745.66,508.03,28.23,48.84,36.96,22.51,Weekend Sales,Weekend Sales,0,0,-1.0,0,1.0,
2026-06-20 09:00:00,1010.1,609.87,33.36,54.29,37.29,24.03,Weekend Sales,Weekend Sales,0,0,-1.0,0,1.0,
2026-06-20 10:00:00,1027.77,620.63,32.9,54.57,40.7,28.35,Weekend Sales,Weekend Sales,0,0,-1.0,0,1.0,
2026-06-20 11:00:00,980.56,612.91,32.31,53.91,42.88,26.19,Weekend Sales,Weekend Sales,0,0,-1.0,0,1.0,
2026-06-20 12:00:00,1028.06,636.11,36.45,55.17,41.41,28.6,Weekend Sales,Weekend Sales,0,0,-1.0,0,1.0,
2026-06-20 13:00:00,1165.4,728.45,41.02,59.18,46.95,31.49,Weekend Sales,Weekend Sales,0,0,-1.0,0,1.0,
2026-06-20 14:00:00,1102.99,680.79,39.4,55.94,39.19,29.16,Weekend Sales,Weekend Sales,0,0,-1.0,0,1.0,
2026-06-20 15:00:00,1164.1,761.52,41.67,61.69,44.83,30.51,Weekend Sales,Weekend Sales,0,0,-1.0,0,1.0,
2026-06-20 16:00:00,1127.1,696.66,40.34,60.17,44.78,29.01,Weekend Sales,Weekend Sales,0,0,-1.0,0,1.0,
2026-06-20 17:00:00,1711.7,1073.35,59.53,78.09,52.9,39.06,Weekend Sales,Weekend Sales,0,0,-1.0,0,1.0,
2026-06-20 18:00:00,1499.86,922.6,50.41,71.66,45.97,34.79,Weekend Sales,Weekend Sales,0,0,-1.0,0,1.0,
2026-06-20 19:00:00,1531.89,949.25,54.28,78.1,51.4,33.26,Weekend Sales,Weekend Sales,0,0,-1.0,0,1.0,
2026-06-20 20:00:00,1534.38,966.22,54.11,76.22,49.89,35.43,Weekend Sales,Weekend Sales,0,0,-1.0,0,1.0,
2026-06-20 21:00:00,1320.79,820.35,43.09,69.17,43.46,25.52,Weekend Sales,Weekend Sales,0,0,-1.0,0,1.0,
2026-06-20 22:00:00,1261.1,804.65,45.08,61.04,45.32,31.56,Weekend Sales,Weekend Sales,0,0,-1.0,0,1.0,
2026-06-20 23:00:00,1181.76,767.99,40.15,62.8,46.48,31.96,Weekend Sales,Weekend Sales,0,0,-1.0,0,1.0,
2026-06-21 00:00:00,553.02,356.97,20.49,39.4,34.63,20.15,Weekend Sales,Weekend Sales,0,0,-1.0,0,1.0,
2026-06-21 01:00:00,486.81,325.68,20.24,37.18,31.18,17.03,Weekend Sales,Weekend Sales,0,0,-1.0,0,1.0,
2026-06-21 02:00:00,522.94,290.5,13.0,35.2,31.36,19.95,Weekend Sales,Weekend Sales,0,0,-1.0,0,1.0,
2026-06-21 03:00:00,516.56,305.1,13.37,33.73,31.15,17.18,Weekend Sales,Weekend Sales,0,0,-1.0,0,1.0,
2026-06-21 04:00:00,512.14,288.85,15.56,35.7,31.05,20.07,Weekend Sales,Weekend Sales,0,0,-1.0,0,1.0,
2026-06-21 05:00:00,485.27,273.06,14.79,35.89,33.98,22.05,Weekend Sales,Weekend Sales,0,0,-1.0,0,1.0,
2026-06-21 06:00:00,737.97,454.36,22.92,41.22,37.0,21.81,Weekend Sales,Weekend Sales,0,0,-1.0,0,1.0,
2026-06-21 07:00:00,798.48,458.5,26.19,42.51,35.93,24.54,Weekend Sales,Weekend Sales,0,0,-1.0,0,1.0,
2026-06-21 08:00:00,726.72,437.67,22.45,47.97,35.12,23.04,Weekend Sales,Weekend Sales,0,0,-1.0,0,1.0,
2026-06-21 09:00:00,973.63,609.19,32.28,52.7,41.34,25.5,Weekend Sales,Weekend Sales,0,0,-1.0,0,1.0,
2026-06-21 10:00:00,1037.13,672.66,38.21,56.74,35.65,29.67,Weekend Sales,Weekend Sales,0,0,-1.0,0,1.0,
2026-06-21 11:00:00,964.32,591.72,28.75,53.58,37.5,27.03,Weekend Sales,Weekend Sales,0,0,-1.0,0,1.0,
2026-06-21 12:00:00,1028.05,625.66,36.84,52.51,42.68,25.03,Weekend Sales,Weekend Sales,0,0,-1.0,0,1.0,
2026-06-21 13:00:00,1155.95,738.59,41.56,59.5,40.85,29.68,Weekend Sales,Weekend Sales,0,0,-1.0,0,1.0,
2026-06-21 14:00:00,1160.3,722.64,36.64,56.99,46.23,31.04,Weekend Sales,Weekend Sales,0,0,-1.0,0,1.0,
2026-06-21 15:00:00,1031.45,595.35,31.49,48.41,41.22,31.79,Weekend Sales,Weekend Sales,0,0,-1.0,0,1.0,
2026-06-21 16:00:00,1011.5,622.48,36.86,55.98,40.9,27.27,Weekend Sales,Weekend Sales,0,0,-1.0,0,1.0,
2026-06-21 17:00:00,1471.85,905.85,50.31,73.3,47.78,34.27,Weekend Sales,Weekend Sales,0,0,-1.0,0,1.0,
2026-06-21 18:00:00,1487.99,928.19,52.62,73.25,46.96,35.5,Weekend Sales,Weekend Sales,0,0,-1.0,0,1.0,
2026-06-21 19:00:00,1509.23,961.0,52.53,69.52,49.22,36.94,Weekend Sales,Weekend Sales,0,0,-1.0,0,1.0,
2026-06-21 20:00:00,1581.19,967.54,52.04,71.72,50.09,34.48,Weekend Sales,Weekend Sales,0,0,-1.0,0,1.0,
2026-06-21 21:00:00,1273.92,767.3,42.45,62.86,47.55,33.36,Weekend Sales,Weekend Sales,0,0,-1.0,0,1.0,
2026-06-21 22:00:00,1257.27,788.33,41.26,60.86,43.68,33.21,Weekend Sales,Weekend Sales,0,0,-1.0,0,1.0,
2026-06-21 23:00:00,1219.44,777.77,44.78,60.94,44.79,31.42,Weekend Sales,Weekend Sales,0,0,-1.0,0,1.0,
2026-06-22 00:00:00,387.47,226.86,14.85,31.44,30.61,16.07,Normal Sales,Normal Sales,0,0,-1.0,0,1.0,
2026-06-22 01:00:00,407.23,227.35,13.41,32.69,30.1,18.32,Normal Sales,Normal Sales,0,0,-1.0,0,1.0,
2026-06-22 02:00:00,397.59,245.52,13.53,32.38,31.02,18.26,Normal Sales,Normal Sales,0,0,-1.0,0,1.0,
2026-06-22 03:00:00,372.19,226.95,13.01,31.43,32.23,18.91,Normal Sales,Normal Sales,0,0,-1.0,0,1.0,
2026-06-22 04:00:00,376.78,229.44,12.0,31.33,30.4,18.96,Normal Sales,Normal Sales,0,0,-1.0,0,1.0,
2026-06-22 05:00:00,397.42,277.16,15.73,31.58,29.82,20.14,Normal Sales,Normal Sales,0,0,-1.0,0,1.0,
2026-06-22 06:00:00,523.08,290.67,16.01,37.64,35.51,18.83,Normal Sales,Normal Sales,0,0,-1.0,0,1.0,
2026-06-22 07:00:00,599.19,373.3,17.47,39.57,32.95,23.17,Normal Sales,Normal Sales,0,0,-1.0,0,1.0,
2026-06-22 08:00:00,568.28,320.38,14.62,36.91,28.82,18.97,Normal Sales,Normal Sales,0,0,-1.0,0,1.0,
2026-06-22 09:00:00,752.68,440.24,26.2,46.81,34.76,22.41,Normal Sales,Normal Sales,0,0,-1.0,0,1.0,
2026-06-22 10:00:00,781.09,484.25,23.84,45.68,35.57,26.32,Normal Sales,Normal Sales,0,0,-1.0,0,1.0,
2026-06-22 11:00:00,766.63,467.47,25.99,41.9,35.53,26.79,Normal Sales,Normal Sales,0,0,-1.0,0,1.0,
2026-06-22 12:00:00,746.08,485.82,27.18,49.12,32.69,23.77,Normal Sales,Normal Sales,0,0,-1.0,0,1.0,
2026-06-22 13:00:00,900.02,581.92,34.66,51.37,38.23,24.49,Normal Sales,Normal Sales,0,0,-1.0,0,1.0,
2026-06-22 14:00:00,786.02,507.51,28.94,46.96,38.38,24.97,Normal Sales,Normal Sales,0,0,-1.0,0,1.0,
2026-06-22 15:00:00,871.64,564.23,28.9,51.05,35.48,26.37,Normal Sales,Normal Sales,0,0,-1.0,0,1.0,
2026-06-22 16:00:00,856.76,498.35,26.58,47.3,39.03,23.9,Normal Sales,Normal Sales,0,0,-1.0,0,1.0,
2026-06-22 17:00:00,1112.52,688.41,34.56,57.3,42.03,28.94,Normal Sales,Normal Sales,0,0,-1.0,0,1.0,
2026-06-22 18:00:00,1148.74,674.52,36.37,59.87,46.05,33.74,Normal Sales,Normal Sales,0,0,-1.0,0,1.0,
2026-06-22 19:00:00,1281.74,764.76,41.24,62.61,45.62,31.26,Normal Sales,Normal Sales,0,0,-1.0,0,1.0,
2026-06-22 20:00:00,1324.05,793.86,42.24,68.43,45.28,32.63,Normal Sales,Normal Sales,0,0,-1.0,0,1.0,
2026-06-22 21:00:00,966.72,611.53,34.02,55.6,38.65,26.3,Normal Sales,Normal Sales,0,0,-1.0,0,1.0,
2026-06-22 22:00:00,943.78,533.41,32.17,50.31,40.35,22.07,Normal Sales,Normal Sales,0,0,-1.0,0,1.0,
2026-06-22 23:00:00,860.04,523.26,30.39,43.24,40.2,24.36,Normal Sales,Normal Sales,0,0,-1.0,0,1.0,
2026-06-23 00:00:00,389.72,247.97,14.18,30.5,31.88,13.56,Normal Sales,Normal Sales,0,0,-1.0,0,1.0,
2026-06-23 01:00:00,385.25,242.7,12.66,27.44,32.07,15.57,Normal Sales,Normal Sales,0,0,-1.0,0,1.0,
2026-06-23 02:00:00,392.8,247.36,13.64,35.2,30.57,19.04,Normal Sales,Normal Sales,0,0,-1.0,0,1.0,
2026-06-23 03:00:00,393.02,259.0,17.03,33.14,32.25,21.39,Normal Sales,Normal Sales,0,0,-1.0,0,1.0,
2026-06-23 04:00:00,420.87,251.31,15.89,33.3,33.39,19.42,Normal Sales,Normal Sales,0,0,-1.0,0,1.0,
2026-06-23 05:00:00,399.56,258.58,14.73,33.57,30.47,17.96,Normal Sales,Normal Sales,0,0,-1.0,0,1.0,
2026-06-23 06:00:00,619.48,396.02,20.63,40.08,36.64,20.43,Normal Sales,Normal Sales,0,0,-1.0,0,1.0,
2026-06-23 07:00:00,527.11,291.6,12.58,32.09,30.6,22.06,Normal Sales,Normal Sales,0,0,-1.0,0,1.0,
2026-06-23 08:00:00,567.98,343.07,15.98,37.62,30.18,19.84,Normal Sales,Normal Sales,0,0,-1.0,0,1.0,
2026-06-23 09:00:00,821.31,525.81,28.5,49.98,36.92,23.54,Normal Sales,Normal Sales,0,0,-1.0,0,1.0,
2026-06-23 10:00:00,807.89,472.34,25.27,46.48,35.86,25.11,Normal Sales,Normal Sales,0,0,-1.0,0,1.0,
2026-06-23 11:00:00,733.05,471.09,27.08,44.46,39.88,22.45,Normal Sales,Normal Sales,0,0,-1.0,0,1.0,
2026-06-23 12:00:00,794.67,522.07,32.26,48.29,35.93,29.21,Normal Sales,Normal Sales,0,0,-1.0,0,1.0,
2026-06-23 13:00:00,818.12,486.9,26.4,44.0,38.96,22.96,Normal Sales,Normal Sales,0,0,-1.0,0,1.0,
2026-06-23 14:00:00,820.08,532.65,30.54,48.57,38.28,25.34,Normal Sales,Normal Sales,0,0,-1.0,0,1.0,
2026-06-23 15:00:00,814.11,504.68,28.74,46.91,38.68,22.94,Normal Sales,Normal Sales,0,0,-1.0,0,1.0,
2026-06-23 16:00:00,806.92,481.93,25.38,49.36,39.17,21.89,Normal Sales,Normal Sales,0,0,-1.0,0,1.0,
2026-06-23 17:00:00,1208.24,739.35,39.3,57.22,46.48,27.76,Normal Sales,Normal Sales,0,0,-1.0,0,1.0,
2026-06-23 18:00:00,1179.31,707.51,40.46,58.44,43.78,29.49,Normal Sales,Normal Sales,0,0,-1.0,0,1.0,
2026-06-23 19:00:00,1200.27,744.49,40.86,59.81,41.26,28.38,Normal Sales,Normal Sales,0,0,-1.0,0,1.0,
2026-06-23 20:00:00,1224.85,751.76,40.02,58.11,41.38,29.39,Normal Sales,Normal Sales,0,0,-1.0,0,1.0,
2026-06-23 21:00:00,960.46,581.56,32.79,50.35,41.61,25.84,Normal Sales,Normal Sales,0,0,-1.0,0,1.0,
2026-06-23 22:00:00,862.98,528.33,32.73,53.15,39.64,24.93,Normal Sales,Normal Sales,0,0,-1.0,0,1.0,
2026-06-23 23:00:00,933.6,586.75,32.19,52.98,40.29,26.04,Normal Sales,Normal Sales,0,0,-1.0,0,1.0,
2026-06-24 00:00:00,370.76,218.37,13.61,30.71,30.9,16.89,Normal Sales,Normal Sales,0,0,-1.0,0,1.0,
2026-06-24 01:00:00,373.43,225.56,10.36,28.42,32.76,16.8,Normal Sales,Normal Sales,0,0,-1.0,0,1.0,
2026-06-24 02:00:00,379.7,275.87,16.8,32.52,31.31,18.43,Normal Sales,Normal Sales,0,0,-1.0,0,1.0,
2026-06-24 03:00:00,380.67,247.88,12.98,32.39,32.51,20.02,Normal Sales,Normal Sales,0,0,-1.0,0,1.0,
2026-06-24 04:00:00,383.48,249.91,11.49,33.44,30.82,19.01,Normal Sales,Normal Sales,0,0,-1.0,0,1.0,
2026-06-24 05:00:00,388.46,292.95,14.31,36.72,28.54,20.33,Normal Sales,Normal Sales,0,0,-1.0,0,1.0,
2026-06-24 06:00:00,585.98,364.68,19.07,39.45,34.5,24.7,Normal Sales,Normal Sales,0,0,-1.0,0,1.0,
2026-06-24 07:00:00,544.73,323.84,18.38,36.29,33.06,22.24,Normal Sales,Normal Sales,0,0,-1.0,0,1.0,
2026-06-24 08:00:00,489.26,288.39,12.38,31.9,37.13,20.41,Normal Sales,Normal Sales,0,0,-1.0,0,1.0,
2026-06-24 09:00:00,780.27,481.75,28.01,41.5,39.34,22.4,Normal Sales,Normal Sales,0,0,-1.0,0,1.0,
2026-06-24 10:00:00,725.05,462.16,26.05,44.81,33.6,23.75,Normal Sales,Normal Sales,0,0,-1.0,0,1.0,
2026-06-24 11:00:00,780.61,470.66,28.52,43.24,37.28,26.84,Normal Sales,Normal Sales,0,0,-1.0,0,1.0,
2026-06-24 12:00:00,719.46,472.41,29.93,45.44,35.18,22.26,Normal Sales,Normal Sales,0,0,-1.0,0,1.0,
2026-06-24 13:00:00,886.76,581.71,34.89,51.19,41.15,26.45,Normal Sales,Normal Sales,0,0,-1.0,0,1.0,
2026-06-24 14:00:00,795.7,521.44,31.95,45.28,35.45,25.12,Normal Sales,Normal Sales,0,0,-1.0,0,1.0,
2026-06-24 15:00:00,872.26,512.45,28.64,46.56,40.23,23.22,Normal Sales,Normal Sales,0,0,-1.0,0,1.0,
2026-06-24 16:00:00,864.59,532.09,27.39,49.02,34.82,24.18,Normal Sales,Normal Sales,0,0,-1.0,0,1.0,
2026-06-24 17:00:00,1202.93,701.52,33.44,53.34,47.1,29.38,Normal Sales,Normal Sales,0,0,-1.0,0,1.0,
2026-06-24 18:00:00,1151.48,737.54,39.76,61.07,43.63,29.5,Normal Sales,Normal Sales,0,0,-1.0,0,1.0,
2026-06-24 19:00:00,1200.37,763.56,41.63,60.81,43.72,26.49,Normal Sales,Normal Sales,0,0,-1.0,0,1.0,
2026-06-24 20:00:00,1199.71,713.59,40.51,59.48,44.61,31.24,Normal Sales,Normal Sales,0,0,-1.0,0,1.0,
2026-06-24 21:00:00,877.46,553.26,30.96,49.45,37.06,27.02,Normal Sales,Normal Sales,0,0,-1.0,0,1.0,
2026-06-24 22:00:00,952.45,593.36,30.49,51.0,40.07,28.21,Normal Sales,Normal Sales,0,0,-1.0,0,1.0,
2026-06-24 23:00:00,847.24,511.19,27.31,47.57,35.8,24.34,Normal Sales,Normal Sales,0,0,-1.0,0,1.0,
2026-06-25 00:00:00,388.4,214.87,11.58,29.42,31.59,15.6,Normal Sales,Normal Sales,0,0,-1.0,0,1.0,
2026-06-25 01:00:00,396.29,225.49,11.2,32.06,31.21,16.8,Normal Sales,Normal Sales,0,0,-1.0,0,1.0,
2026-06-25 02:00:00,389.21,204.97,14.08,32.06,31.92,13.93,Normal Sales,Normal Sales,0,0,-1.0,0,1.0,
2026-06-25 03:00:00,382.77,228.96,8.73,33.59,33.41,21.85,Normal Sales,Normal Sales,0,0,-1.0,0,1.0,
2026-06-25 04:00:00,373.89,234.74,15.56,30.92,29.22,14.14,Normal Sales,Normal Sales,0,0,-1.0,0,1.0,
2026-06-25 05:00:00,416.86,257.97,12.73,33.65,31.39,18.79,Normal Sales,Normal Sales,0,0,-1.0,0,1.0,
2026-06-25 06:00:00,563.68,390.04,21.18,44.11,34.71,22.45,Normal Sales,Normal Sales,0,0,-1.0,0,1.0,
2026-06-25 07:00:00,566.64,375.66,20.89,37.11,31.7,22.24,Normal Sales,Normal Sales,0,0,-1.0,0,1.0,
2026-06-25 08:00:00,544.01,335.73,20.58,38.22,31.8,23.21,Normal Sales,Normal Sales,0,0,-1.0,0,1.0,
2026-06-25 09:00:00,765.62,500.13,22.97,47.46,38.7,27.9,Normal Sales,Normal Sales,0,0,-1.0,0,1.0,
2026-06-25 10:00:00,690.66,458.36,28.5,39.11,36.7,24.69,Normal Sales,Normal Sales,0,0,-1.0,0,1.0,
2026-06-25 11:00:00,733.02,442.22,25.66,42.23,36.03,24.68,Normal Sales,Normal Sales,0,0,-1.0,0,1.0,
2026-06-25 12:00:00,810.56,516.0,28.65,46.41,35.76,27.12,Normal Sales,Normal Sales,0,0,-1.0,0,1.0,
2026-06-25 13:00:00,826.49,541.19,29.11,47.34,38.89,25.38,Normal Sales,Normal Sales,0,0,-1.0,0,1.0,
2026-06-25 14:00:00,782.67,530.69,27.93,50.46,38.99,22.75,Normal Sales,Normal Sales,0,0,-1.0,0,1.0,
2026-06-25 15:00:00,791.13,482.97,24.83,50.38,37.05,25.85,Normal Sales,Normal Sales,0,0,-1.0,0,1.0,
2026-06-25 16:00:00,854.27,536.25,29.57,52.06,36.87,28.86,Normal Sales,Normal Sales,0,0,-1.0,0,1.0,
2026-06-25 17:00:00,1107.39,706.12,36.03,57.85,43.01,28.68,Normal Sales,Normal Sales,0,0,-1.0,0,1.0,
2026-06-25 18:00:00,1172.81,692.47,36.11,59.79,44.0,27.93,Normal Sales,Normal Sales,0,0,-1.0,0,1.0,
2026-06-25 19:00:00,1261.93,751.9,40.63,60.67,46.68,30.89,Normal Sales,Normal Sales,0,0,-1.0,0,1.0,
2026-06-25 20:00:00,1177.16,683.73,39.34,57.64,44.24,27.6,Normal Sales,Normal Sales,0,0,-1.0,0,1.0,
2026-06-25 21:00:00,878.86,582.37,28.48,48.6,41.9,27.84,Normal Sales,Normal Sales,0,0,-1.0,0,1.0,
2026-06-25 22:00:00,905.57,592.62,33.49,52.49,39.85,27.75,Normal Sales,Normal Sales,0,0,-1.0,0,1.0,
2026-06-25 23:00:00,943.82,640.07,34.81,53.94,37.57,27.9,Normal Sales,Normal Sales,0,0,-1.0,0,1.0,
2026-06-26 00:00:00,431.48,292.13,14.98,34.67,28.74,17.37,Normal Sales,Normal Sales,0,0,-1.0,0,1.0,
2026-06-26 01:00:00,397.67,234.19,10.79,32.94,30.6,14.72,Normal Sales,Normal Sales,0,0,-1.0,0,1.0,
2026-06-26 02:00:00,353.76,205.08,8.1,25.39,32.27,16.93,Normal Sales,Normal Sales,0,0,-1.0,0,1.0,
2026-06-26 03:00:00,389.48,236.77,10.75,32.8,30.36,16.4,Normal Sales,Normal Sales,0,0,-1.0,0,1.0,
2026-06-26 04:00:00,382.73,206.6,10.55,29.76,29.64,17.28,Normal Sales,Normal Sales,0,0,-1.0,0,1.0,
2026-06-26 05:00:00,393.17,249.53,15.61,33.86,32.59,16.54,Normal Sales,Normal Sales,0,0,-1.0,0,1.0,
2026-06-26 06:00:00,555.65,360.84,21.19,36.99,34.67,19.13,Normal Sales,Normal Sales,0,0,-1.0,0,1.0,
2026-06-26 07:00:00,583.86,361.34,17.1,37.85,38.29,21.44,Normal Sales,Normal Sales,0,0,-1.0,0,1.0,
2026-06-26 08:00:00,635.73,358.05,21.19,32.86,34.81,22.21,Normal Sales,Normal Sales,0,0,-1.0,0,1.0,
2026-06-26 09:00:00,776.81,461.64,27.47,43.65,36.88,22.67,Normal Sales,Normal Sales,0,0,-1.0,0,1.0,
2026-06-26 10:00:00,703.21,475.24,26.23,47.73,38.04,21.95,Normal Sales,Normal Sales,0,0,-1.0,0,1.0,
2026-06-26 11:00:00,790.91,502.95,25.58,48.08,35.4,27.79,Normal Sales,Normal Sales,0,0,-1.0,0,1.0,
2026-06-26 12:00:00,775.92,479.29,28.89,41.82,35.69,23.48,Normal Sales,Normal Sales,0,0,-1.0,0,1.0,
2026-06-26 13:00:00,926.44,547.63,26.71,46.44,41.56,24.5,Normal Sales,Normal Sales,0,0,-1.0,0,1.0,
2026-06-26 14:00:00,826.66,531.6,28.92,49.05,39.12,24.43,Normal Sales,Normal Sales,0,0,-1.0,0,1.0,
2026-06-26 15:00:00,826.36,518.39,30.25,45.96,32.01,26.32,Normal Sales,Normal Sales,0,0,-1.0,0,1.0,
2026-06-26 16:00:00,871.95,545.61,30.54,48.12,39.82,27.35,Normal Sales,Normal Sales,0,0,-1.0,0,1.0,
2026-06-26 17:00:00,1187.5,798.53,40.79,63.84,41.84,33.72,Normal Sales,Normal Sales,0,0,-1.0,0,1.0,
2026-06-26 18:00:00,1090.52,642.77,34.09,56.31,41.35,26.9,Normal Sales,Normal Sales,0,0,-1.0,0,1.0,
2026-06-26 19:00:00,1173.44,721.48,42.66,61.57,43.3,34.23,Normal Sales,Normal Sales,0,0,-1.0,0,1.0,
2026-06-26 20:00:00,1213.26,728.0,40.55,61.8,43.25,28.09,Normal Sales,Normal Sales,0,0,-1.0,0,1.0,
2026-06-26 21:00:00,924.99,564.49,34.01,52.65,38.44,26.96,Normal Sales,Normal Sales,0,0,-1.0,0,1.0,
2026-06-26 22:00:00,979.36,572.36,29.43,51.56,40.72,26.2,Normal Sales,Normal Sales,0,0,-1.0,0,1.0,
2026-06-26 23:00:00,906.7,554.0,31.24,53.02,38.45,30.73,Normal Sales,Normal Sales,0,0,-1.0,0,1.0,
2026-06-27 00:00:00,573.48,388.79,22.63,45.1,33.17,20.05,Weekend Sales,Weekend Sales,0,0,-1.0,0,1.0,
2026-06-27 01:00:00,508.54,290.22,16.21,35.88,33.05,19.23,Weekend Sales,Weekend Sales,0,0,-1.0,0,1.0,
2026-06-27 02:00:00,525.75,369.37,21.56,41.13,33.32,18.0,Weekend Sales,Weekend Sales,0,0,-1.0,0,1.0,
2026-06-27 03:00:00,474.91,346.51,17.99,35.85,32.56,21.76,Weekend Sales,Weekend Sales,0,0,-1.0,0,1.0,
2026-06-27 04:00:00,539.95,379.13,23.85,37.35,35.12,20.71,Weekend Sales,Weekend Sales,0,0,-1.0,0,1.0,
2026-06-27 05:00:00,518.68,294.23,12.8,35.31,30.91,21.21,Weekend Sales,Weekend Sales,0,0,-1.0,0,1.0,
2026-06-27 06:00:00,743.8,468.87,28.52,41.34,35.2,24.08,Weekend Sales,Weekend Sales,0,0,-1.0,0,1.0,
2026-06-27 07:00:00,766.19,502.62,29.38,46.99,37.63,25.23,Weekend Sales,Weekend Sales,0,0,-1.0,0,1.0,
2026-06-27 08:00:00,698.96,429.45,24.12,44.06,34.03,20.2,Weekend Sales,Weekend Sales,0,0,-1.0,0,1.0,
2026-06-27 09:00:00,974.95,653.65,34.31,58.15,43.74,28.43,Weekend Sales,Weekend Sales,0,0,-1.0,0,1.0,
2026-06-27 10:00:00,952.99,603.67,33.59,50.64,38.88,28.0,Weekend Sales,Weekend Sales,0,0,-1.0,0,1.0,
2026-06-27 11:00:00,1032.56,632.12,34.63,56.38,41.21,27.2,Weekend Sales,Weekend Sales,0,0,-1.0,0,1.0,
2026-06-27 12:00:00,949.26,569.23,36.65,50.72,42.87,29.6,Weekend Sales,Weekend Sales,0,0,-1.0,0,1.0,
2026-06-27 13:00:00,1092.46,686.54,37.96,53.6,39.47,29.26,Weekend Sales,Weekend Sales,0,0,-1.0,0,1.0,
2026-06-27 14:00:00,1079.16,716.37,38.93,63.75,41.39,33.73,Weekend Sales,Weekend Sales,0,0,-1.0,0,1.0,
2026-06-27 15:00:00,1130.5,714.99,38.3,60.66,46.6,29.59,Weekend Sales,Weekend Sales,0,0,-1.0,0,1.0,
2026-06-27 16:00:00,1083.87,665.83,39.86,58.77,45.32,29.27,Weekend Sales,Weekend Sales,0,0,-1.0,0,1.0,
2026-06-27 17:00:00,1569.91,983.94,56.26,74.22,53.43,37.33,Weekend Sales,Weekend Sales,0,0,-1.0,0,1.0,
2026-06-27 18:00:00,1378.31,876.64,45.67,70.62,49.23,34.58,Weekend Sales,Weekend Sales,0,0,-1.0,0,1.0,
2026-06-27 19:00:00,1609.42,1025.31,55.4,79.0,53.69,41.15,Weekend Sales,Weekend Sales,0,0,-1.0,0,1.0,
2026-06-27 20:00:00,1480.2,927.94,49.11,69.09,49.88,35.35,Weekend Sales,Weekend Sales,0,0,-1.0,0,1.0,
2026-06-27 21:00:00,1288.41,790.16,43.19,64.39,44.18,30.31,Weekend Sales,Weekend Sales,0,0,-1.0,0,1.0,
2026-06-27 22:00:00,1286.65,784.0,45.48,65.09,42.78,32.66,Weekend Sales,Weekend Sales,0,0,-1.0,0,1.0,
2026-06-27 23:00:00,1250.48,785.87,42.94,61.02,47.95,31.44,Weekend Sales,Weekend Sales,0,0,-1.0,0,1.0,
2026-06-28 00:00:00,499.46,321.1,16.17,34.07,31.74,18.7,Weekend Sales,Weekend Sales,0,0,-1.0,0,1.0,
2026-06-28 01:00:00,498.7,329.36,17.89,39.94,30.77,16.78,Weekend Sales,Weekend Sales,0,0,-1.0,0,1.0,
2026-06-28 02:00:00,526.42,372.78,21.56,47.02,33.61,21.79,Weekend Sales,Weekend Sales,0,0,-1.0,0,1.0,
2026-06-28 03:00:00,466.22,299.76,16.82,34.2,31.65,19.36,Weekend Sales,Weekend Sales,0,0,-1.0,0,1.0,
2026-06-28 04:00:00,517.84,373.3,19.79,39.36,32.0,22.9,Weekend Sales,Weekend Sales,0,0,-1.0,0,1.0,
2026-06-28 05:00:00,527.15,319.84,13.74,37.22,32.34,19.87,Weekend Sales,Weekend Sales,0,0,-1.0,0,1.0,
2026-06-28 06:00:00,710.15,476.12,27.9,48.68,38.37,25.09,Weekend Sales,Weekend Sales,0,0,-1.0,0,1.0,
2026-06-28 07:00:00,711.67,487.32,24.95,44.95,37.51,25.7,Weekend Sales,Weekend Sales,0,0,-1.0,0,1.0,
2026-06-28 08:00:00,776.37,471.34,24.71,51.76,37.12,23.46,Weekend Sales,Weekend Sales,0,0,-1.0,0,1.0,
2026-06-28 09:00:00,951.8,596.23,33.19,52.4,40.94,30.43,Weekend Sales,Weekend Sales,0,0,-1.0,0,1.0,
2026-06-28 10:00:00,957.65,594.82,31.42,53.16,39.14,25.82,Weekend Sales,Weekend Sales,0,0,-1.0,0,1.0,
2026-06-28 11:00:00,914.98,569.74,32.19,55.61,40.49,25.34,Weekend Sales,Weekend Sales,0,0,-1.0,0,1.0,
2026-06-28 12:00:00,919.91,539.81,27.1,54.35,40.21,24.33,Weekend Sales,Weekend Sales,0,0,-1.0,0,1.0,
2026-06-28 13:00:00,1050.19,629.71,33.42,58.03,41.79,24.85,Weekend Sales,Weekend Sales,0,0,-1.0,0,1.0,
2026-06-28 14:00:00,1230.57,734.45,39.21,64.17,45.75,29.42,Weekend Sales,Weekend Sales,0,0,-1.0,0,1.0,
2026-06-28 15:00:00,1035.21,617.67,32.16,54.09,41.98,27.14,Weekend Sales,Weekend Sales,0,0,-1.0,0,1.0,
2026-06-28 16:00:00,1100.97,656.33,36.68,59.54,42.39,28.04,Weekend Sales,Weekend Sales,0,0,-1.0,0,1.0,
2026-06-28 17:00:00,1574.11,1003.91,53.43,79.4,51.6,37.16,Weekend Sales,Weekend Sales,0,0,-1.0,0,1.0,
2026-06-28 18:00:00,1662.7,1001.32,56.12,77.44,50.4,37.95,Weekend Sales,Weekend Sales,0,0,-1.0,0,1.0,
2026-06-28 19:00:00,1589.81,981.22,55.69,73.44,51.57,36.27,Weekend Sales,Weekend Sales,0,0,-1.0,0,1.0,
2026-06-28 20:00:00,1519.43,954.62,52.09,69.43,46.23,37.44,Weekend Sales,Weekend Sales,0,0,-1.0,0,1.0,
2026-06-28 21:00:00,1144.84,716.79,39.53,58.49,47.38,30.28,Weekend Sales,Weekend Sales,0,0,-1.0,0,1.0,
2026-06-28 22:00:00,1265.32,791.62,43.08,63.7,48.43,33.97,Weekend Sales,Weekend Sales,0,0,-1.0,0,1.0,
2026-06-28 23:00:00,1338.25,835.26,44.19,65.19,44.37,34.42,Weekend Sales,Weekend Sales,0,0,-1.0,0,1.0,
2026-06-29 00:00:00,383.73,161.53,13.81,26.91,29.37,19.38,Normal Sales,Normal Sales,0,0,-1.0,0,1.0,
2026-06-29 01:00:00,371.43,258.7,13.05,29.3,33.73,20.31,Normal Sales,Normal Sales,0,0,-1.0,0,1.0,
2026-06-29 02:00:00,413.49,265.56,15.8,30.18,31.25,16.78,Normal Sales,Normal Sales,0,0,-1.0,0,1.0,
2026-06-29 03:00:00,367.86,238.34,15.43,30.71,29.83,15.68,Normal Sales,Normal Sales,0,0,-1.0,0,1.0,
2026-06-29 04:00:00,395.45,264.18,16.11,34.41,29.49,17.3,Normal Sales,Normal Sales,0,0,-1.0,0,1.0,
2026-06-29 05:00:00,411.03,275.14,14.79,32.6,33.32,18.16,Normal Sales,Normal Sales,0,0,-1.0,0,1.0,
2026-06-29 06:00:00,592.3,363.8,17.91,43.14,34.31,19.67,Normal Sales,Normal Sales,0,0,-1.0,0,1.0,
2026-06-29 07:00:00,531.3,297.15,15.6,40.44,31.86,22.32,Normal Sales,Normal Sales,0,0,-1.0,0,1.0,
2026-06-29 08:00:00,567.27,322.18,16.77,33.83,31.93,18.28,Normal Sales,Normal Sales,0,0,-1.0,0,1.0,
2026-06-29 09:00:00,675.62,456.7,25.54,42.24,35.93,21.75,Normal Sales,Normal Sales,0,0,-1.0,0,1.0,
2026-06-29 10:00:00,646.97,475.04,26.51,43.08,31.13,20.89,Normal Sales,Normal Sales,0,0,-1.0,0,1.0,
2026-06-29 11:00:00,808.47,538.8,31.14,45.93,40.76,26.37,Normal Sales,Normal Sales,0,0,-1.0,0,1.0,
2026-06-29 12:00:00,771.15,489.27,23.9,43.19,36.09,25.52,Normal Sales,Normal Sales,0,0,-1.0,0,1.0,
2026-06-29 13:00:00,776.94,477.32,25.9,47.68,38.56,21.91,Normal Sales,Normal Sales,0,0,-1.0,0,1.0,
2026-06-29 14:00:00,894.91,525.76,31.1,47.44,39.54,25.6,Normal Sales,Normal Sales,0,0,-1.0,0,1.0,
2026-06-29 15:00:00,842.79,539.39,30.45,50.97,39.26,22.96,Normal Sales,Normal Sales,0,0,-1.0,0,1.0,
2026-06-29 16:00:00,845.8,510.3,25.85,47.01,38.75,25.26,Normal Sales,Normal Sales,0,0,-1.0,0,1.0,
2026-06-29 17:00:00,1248.55,806.78,45.05,65.59,45.42,33.7,Normal Sales,Normal Sales,0,0,-1.0,0,1.0,
2026-06-29 18:00:00,1214.81,751.82,45.65,60.18,47.56,28.09,Normal Sales,Normal Sales,0,0,-1.0,0,1.0,
2026-06-29 19:00:00,1234.17,801.1,40.25,64.27,46.41,32.53,Normal Sales,Normal Sales,0,0,-1.0,0,1.0,
2026-06-29 20:00:00,1208.35,752.58,39.2,67.45,43.53,31.68,Normal Sales,Normal Sales,0,0,-1.0,0,1.0,
2026-06-29 21:00:00,892.56,496.49,25.46,43.86,41.36,23.2,Normal Sales,Normal Sales,0,0,-1.0,0,1.0,
2026-06-29 22:00:00,898.68,530.57,29.37,47.27,41.26,25.87,Normal Sales,Normal Sales,0,0,-1.0,0,1.0,
2026-06-29 23:00:00,896.02,576.79,31.74,51.18,36.31,26.28,Normal Sales,Normal Sales,0,0,-1.0,0,1.0,
2026-06-30 00:00:00,401.87,282.5,14.03,39.62,31.95,16.02,Normal Sales,Normal Sales,0,0,-1.0,0,1.0,
2026-06-30 01:00:00,378.79,270.38,17.36,33.24,30.74,16.43,Normal Sales,Normal Sales,0,0,-1.0,0,1.0,
2026-06-30 02:00:00,421.64,236.72,14.71,35.41,31.26,19.85,Normal Sales,Normal Sales,0,0,-1.0,0,1.0,
2026-06-30 03:00:00,432.04,274.57,14.75,33.64,29.86,17.33,Normal Sales,Normal Sales,0,0,-1.0,0,1.0,
2026-06-30 04:00:00,404.26,246.54,14.21,28.6,30.69,20.22,Normal Sales,Normal Sales,0,0,-1.0,0,1.0,
2026-06-30 05:00:00,373.38,231.91,9.05,28.16,31.96,17.18,Normal Sales,Normal Sales,0,0,-1.0,0,1.0,
2026-06-30 06:00:00,623.33,397.28,22.91,38.17,33.83,20.47,Normal Sales,Normal Sales,0,0,-1.0,0,1.0,
2026-06-30 07:00:00,540.85,351.93,21.09,39.16,31.54,21.46,Normal Sales,Normal Sales,0,0,-1.0,0,1.0,
2026-06-30 08:00:00,516.65,353.4,16.84,35.24,33.01,21.24,Normal Sales,Normal Sales,0,0,-1.0,0,1.0,
2026-06-30 09:00:00,744.35,433.74,26.12,39.26,33.69,22.63,Normal Sales,Normal Sales,0,0,-1.0,0,1.0,
2026-06-30 10:00:00,699.85,464.47,23.19,48.39,37.97,26.08,Normal Sales,Normal Sales,0,0,-1.0,0,1.0,
2026-06-30 11:00:00,817.56,508.92,25.96,47.18,36.77,23.3,Normal Sales,Normal Sales,0,0,-1.0,0,1.0,
2026-06-30 12:00:00,752.7,458.88,23.73,44.06,37.89,25.38,Normal Sales,Normal Sales,0,0,-1.0,0,1.0,
2026-06-30 13:00:00,768.04,468.6,25.49,42.28,36.82,24.01,Normal Sales,Normal Sales,0,0,-1.0,0,1.0,
2026-06-30 14:00:00,856.62,533.03,27.55,53.87,40.22,26.43,Normal Sales,Normal Sales,0,0,-1.0,0,1.0,
2026-06-30 15:00:00,876.91,549.8,32.81,49.9,38.91,27.02,Normal Sales,Normal Sales,0,0,-1.0,0,1.0,
2026-06-30 16:00:00,900.77,596.28,33.98,53.33,40.71,28.88,Normal Sales,Normal Sales,0,0,-1.0,0,1.0,
2026-06-30 17:00:00,1263.57,777.5,45.4,63.95,46.78,34.2,Normal Sales,Normal Sales,0,0,-1.0,0,1.0,
2026-06-30 18:00:00,1230.84,786.02,42.45,66.96,46.32,31.9,Normal Sales,Normal Sales,0,0,-1.0,0,1.0,
2026-06-30 19:00:00,1251.84,840.84,43.91,63.84,50.65,33.87,Normal Sales,Normal Sales,0,0,-1.0,0,1.0,
2026-06-30 20:00:00,1197.84,739.78,43.1,67.4,43.03,30.3,Normal Sales,Normal Sales,0,0,-1.0,0,1.0,
2026-06-30 21:00:00,906.67,580.45,34.37,55.43,40.95,31.55,Normal Sales,Normal Sales,0,0,-1.0,0,1.0,
2026-06-30 22:00:00,896.33,534.86,32.36,49.55,36.49,24.74,Normal Sales,Normal Sales,0,0,-1.0,0,1.0,
2026-06-30 23:00:00,934.65,563.32,28.95,50.31,37.76,27.35,Normal Sales,Normal Sales,0,0,-1.0,0,1.0,
2026-07-01 00:00:00,357.25,223.75,13.35,30.7,32.26,14.85,Normal Sales,Normal Sales,0,0,-1.0,0,1.0,
2026-07-01 01:00:00,381.83,228.49,13.99,31.88,34.78,16.1,Normal Sales,Normal Sales,0,0,-1.0,0,1.0,
2026-07-01 02:00:00,368.1,272.95,12.15,34.94,28.3,14.69,Normal Sales,Normal Sales,0,0,-1.0,0,1.0,
2026-07-01 03:00:00,388.29,263.23,12.03,34.39,32.13,16.04,Normal Sales,Normal Sales,0,0,-1.0,0,1.0,
2026-07-01 04:00:00,391.2,281.97,16.81,33.16,31.48,17.68,Normal Sales,Normal Sales,0,0,-1.0,0,1.0,
2026-07-01 05:00:00,417.74,286.83,16.02,34.83,29.1,16.47,Normal Sales,Normal Sales,0,0,-1.0,0,1.0,
2026-07-01 06:00:00,560.81,345.52,21.13,40.34,33.9,23.02,Normal Sales,Normal Sales,0,0,-1.0,0,1.0,
2026-07-01 07:00:00,544.61,364.59,18.47,41.86,33.23,17.12,Normal Sales,Normal Sales,0,0,-1.0,0,1.0,
2026-07-01 08:00:00,592.44,387.55,20.4,39.25,33.75,17.84,Normal Sales,Normal Sales,0,0,-1.0,0,1.0,
2026-07-01 09:00:00,659.07,441.16,22.62,47.76,37.94,26.16,Normal Sales,Normal Sales,0,0,-1.0,0,1.0,
2026-07-01 10:00:00,723.14,408.14,20.27,41.04,31.55,21.25,Normal Sales,Normal Sales,0,0,-1.0,0,1.0,
2026-07-01 11:00:00,739.9,426.38,21.37,42.55,37.29,20.88,Normal Sales,Normal Sales,0,0,-1.0,0,1.0,
2026-07-01 12:00:00,758.36,473.61,26.14,43.75,34.23,27.23,Normal Sales,Normal Sales,0,0,-1.0,0,1.0,
2026-07-01 13:00:00,861.7,559.4,30.6,49.66,39.63,22.32,Normal Sales,Normal Sales,0,0,-1.0,0,1.0,
2026-07-01 14:00:00,788.82,469.12,24.89,43.22,38.08,23.89,Normal Sales,Normal Sales,0,0,-1.0,0,1.0,
2026-07-01 15:00:00,893.55,615.85,31.35,53.23,39.48,27.37,Normal Sales,Normal Sales,0,0,-1.0,0,1.0,
2026-07-01 16:00:00,790.06,466.91,26.16,42.97,37.75,23.18,Normal Sales,Normal Sales,0,0,-1.0,0,1.0,
2026-07-01 17:00:00,1195.52,717.39,39.77,57.64,44.65,32.61,Normal Sales,Normal Sales,0,0,-1.0,0,1.0,
2026-07-01 18:00:00,1202.6,753.66,43.09,58.03,47.88,28.73,Normal Sales,Normal Sales,0,0,-1.0,0,1.0,
2026-07-01 19:00:00,1239.33,787.05,41.48,65.85,46.06,35.46,Normal Sales,Normal Sales,0,0,-1.0,0,1.0,
2026-07-01 20:00:00,1198.59,740.41,39.69,56.55,43.74,29.96,Normal Sales,Normal Sales,0,0,-1.0,0,1.0,
2026-07-01 21:00:00,935.41,544.38,29.46,51.42,41.25,21.89,Normal Sales,Normal Sales,0,0,-1.0,0,1.0,
2026-07-01 22:00:00,955.92,586.51,31.89,46.13,43.24,27.02,Normal Sales,Normal Sales,0,0,-1.0,0,1.0,
2026-07-01 23:00:00,852.61,538.0,30.28,52.09,37.87,25.47,Normal Sales,Normal Sales,0,0,-1.0,0,1.0,
2026-07-02 00:00:00,383.18,252.52,12.32,30.2,30.38,15.86,Normal Sales,Normal Sales,0,0,-1.0,0,1.0,
2026-07-02 01:00:00,427.62,313.3,16.32,32.05,31.94,18.87,Normal Sales,Normal Sales,0,0,-1.0,0,1.0,
2026-07-02 02:00:00,419.15,240.2,14.3,32.45,29.77,18.49,Normal Sales,Normal Sales,0,0,-1.0,0,1.0,
2026-07-02 03:00:00,413.29,258.41,14.41,30.75,33.31,20.55,Normal Sales,Normal Sales,0,0,-1.0,0,1.0,
2026-07-02 04:00:00,387.77,237.31,15.88,28.95,31.8,16.82,Normal Sales,Normal Sales,0,0,-1.0,0,1.0,
2026-07-02 05:00:00,431.1,268.87,17.31,31.64,28.83,18.25,Normal Sales,Normal Sales,0,0,-1.0,0,1.0,
2026-07-02 06:00:00,579.37,346.44,20.57,37.7,29.69,21.77,Normal Sales,Normal Sales,0,0,-1.0,0,1.0,
2026-07-02 07:00:00,546.62,329.87,21.25,41.65,32.14,21.4,Normal Sales,Normal Sales,0,0,-1.0,0,1.0,
2026-07-02 08:00:00,556.07,337.59,17.36,33.33,33.64,21.02,Normal Sales,Normal Sales,0,0,-1.0,0,1.0,
2026-07-02 09:00:00,722.72,475.28,25.27,43.58,37.34,20.8,Normal Sales,Normal Sales,0,0,-1.0,0,1.0,
2026-07-02 10:00:00,781.72,474.61,28.08,48.83,38.57,22.24,Normal Sales,Normal Sales,0,0,-1.0,0,1.0,
2026-07-02 11:00:00,701.04,398.8,24.14,41.22,34.72,21.71,Normal Sales,Normal Sales,0,0,-1.0,0,1.0,
2026-07-02 12:00:00,788.22,508.16,28.83,48.77,37.76,25.31,Normal Sales,Normal Sales,0,0,-1.0,0,1.0,
2026-07-02 13:00:00,845.03,523.92,30.32,49.24,36.6,26.16,Normal Sales,Normal Sales,0,0,-1.0,0,1.0,
2026-07-02 14:00:00,846.12,539.88,29.49,51.09,38.26,26.94,Normal Sales,Normal Sales,0,0,-1.0,0,1.0,
2026-07-02 15:00:00,816.72,496.68,28.52,46.06,42.3,25.55,Normal Sales,Normal Sales,0,0,-1.0,0,1.0,
2026-07-02 16:00:00,836.83,539.33,28.7,51.27,40.02,27.99,Normal Sales,Normal Sales,0,0,-1.0,0,1.0,
2026-07-02 17:00:00,1161.53,689.58,36.71,57.62,47.08,33.63,Normal Sales,Normal Sales,0,0,-1.0,0,1.0,
2026-07-02 18:00:00,1208.17,749.3,40.51,63.45,48.92,34.3,Normal Sales,Normal Sales,0,0,-1.0,0,1.0,
2026-07-02 19:00:00,1255.28,806.36,46.01,64.21,43.87,32.12,Normal Sales,Normal Sales,0,0,-1.0,0,1.0,
2026-07-02 20:00:00,1212.78,715.59,39.05,57.84,46.65,28.79,Normal Sales,Normal Sales,0,0,-1.0,0,1.0,
2026-07-02 21:00:00,938.93,564.64,34.25,46.67,40.91,23.56,Normal Sales,Normal Sales,0,0,-1.0,0,1.0,
2026-07-02 22:00:00,900.24,563.31,31.49,51.12,39.61,24.8,Normal Sales,Normal Sales,0,0,-1.0,0,1.0,
2026-07-02 23:00:00,916.19,568.83,31.68,50.76,41.03,26.41,Normal Sales,Normal Sales,0,0,-1.0,0,1.0,
2026-07-03 00:00:00,400.09,238.49,11.01,32.32,33.22,18.85,Normal Sales,Normal Sales,0,0,-1.0,0,1.0,
2026-07-03 01:00:00,379.91,255.91,13.4,34.34,29.72,19.1,Normal Sales,Normal Sales,0,0,-1.0,0,1.0,
2026-07-03 02:00:00,385.83,226.89,9.35,32.58,31.3,18.53,Normal Sales,Normal Sales,0,0,-1.0,0,1.0,
2026-07-03 03:00:00,401.55,229.91,14.58,34.04,29.25,18.81,Normal Sales,Normal Sales,0,0,-1.0,0,1.0,
2026-07-03 04:00:00,413.43,244.57,12.86,33.65,28.01,15.94,Normal Sales,Normal Sales,0,0,-1.0,0,1.0,
2026-07-03 05:00:00,376.5,188.52,12.54,24.53,31.09,18.34,Normal Sales,Normal Sales,0,0,-1.0,0,1.0,
2026-07-03 06:00:00,563.74,332.81,18.77,37.49,35.59,15.06,Normal Sales,Normal Sales,0,0,-1.0,0,1.0,
2026-07-03 07:00:00,545.86,352.47,19.49,40.11,33.8,20.54,Normal Sales,Normal Sales,0,0,-1.0,0,1.0,
2026-07-03 08:00:00,563.49,407.49,25.48,42.08,33.74,23.26,Normal Sales,Normal Sales,0,0,-1.0,0,1.0,
2026-07-03 09:00:00,779.12,493.52,25.64,50.9,37.74,28.37,Normal Sales,Normal Sales,0,0,-1.0,0,1.0,
2026-07-03 10:00:00,755.19,462.07,28.18,45.59,37.11,21.15,Normal Sales,Normal Sales,0,0,-1.0,0,1.0,
2026-07-03 11:00:00,772.88,466.86,24.78,43.97,38.02,20.6,Normal Sales,Normal Sales,0,0,-1.0,0,1.0,
2026-07-03 12:00:00,740.3,483.49,24.1,46.11,35.32,23.28,Normal Sales,Normal Sales,0,0,-1.0,0,1.0,
2026-07-03 13:00:00,905.41,520.09,30.14,47.45,38.34,22.78,Normal Sales,Normal Sales,0,0,-1.0,0,1.0,
2026-07-03 14:00:00,867.73,533.21,28.69,49.21,38.41,21.33,Normal Sales,Normal Sales,0,0,-1.0,0,1.0,
2026-07-03 15:00:00,815.69,528.11,26.03,45.57,37.01,23.75,Normal Sales,Normal Sales,0,0,-1.0,0,1.0,
2026-07-03 16:00:00,835.04,490.4,26.2,46.63,39.49,26.75,Normal Sales,Normal Sales,0,0,-1.0,0,1.0,
2026-07-03 17:00:00,1172.76,774.31,42.22,64.3,47.8,31.64,Normal Sales,Normal Sales,0,0,-1.0,0,1.0,
2026-07-03 18:00:00,1106.69,688.42,36.64,57.15,46.78,26.76,Normal Sales,Normal Sales,0,0,-1.0,0,1.0,
2026-07-03 19:00:00,1206.15,725.87,39.31,62.18,45.14,29.7,Normal Sales,Normal Sales,0,0,-1.0,0,1.0,
2026-07-03 20:00:00,1149.69,720.71,43.05,57.38,47.37,32.42,Normal Sales,Normal Sales,0,0,-1.0,0,1.0,
2026-07-03 21:00:00,987.51,619.97,36.44,51.28,39.45,29.03,Normal Sales,Normal Sales,0,0,-1.0,0,1.0,
2026-07-03 22:00:00,937.9,577.79,26.77,50.42,37.6,27.43,Normal Sales,Normal Sales,0,0,-1.0,0,1.0,
2026-07-03 23:00:00,915.4,551.84,35.64,52.75,41.67,30.2,Normal Sales,Normal Sales,0,0,-1.0,0,1.0,
2026-07-04 00:00:00,545.12,318.7,15.75,39.11,29.15,19.81,Weekend Sales,Weekend Sales,0,0,-1.0,0,1.0,
2026-07-04 01:00:00,467.21,292.14,17.78,35.58,33.82,23.23,Weekend Sales,Weekend Sales,0,0,-1.0,0,1.0,
2026-07-04 02:00:00,520.34,392.8,22.03,42.21,31.62,25.06,Weekend Sales,Weekend Sales,0,0,-1.0,0,1.0,
2026-07-04 03:00:00,551.4,378.65,20.93,36.31,34.29,18.07,Weekend Sales,Weekend Sales,0,0,-1.0,0,1.0,
2026-07-04 04:00:00,515.29,324.26,22.59,37.51,33.04,19.98,Weekend Sales,Weekend Sales,0,0,-1.0,0,1.0,
2026-07-04 05:00:00,488.93,305.28,17.0,33.23,29.94,18.67,Weekend Sales,Weekend Sales,0,0,-1.0,0,1.0,
2026-07-04 06:00:00,759.49,459.45,23.17,45.47,37.99,23.73,Weekend Sales,Weekend Sales,0,0,-1.0,0,1.0,
2026-07-04 07:00:00,735.73,471.02,25.53,42.11,38.58,24.48,Weekend Sales,Weekend Sales,0,0,-1.0,0,1.0,
2026-07-04 08:00:00,752.52,427.29,22.01,48.29,33.78,22.18,Weekend Sales,Weekend Sales,0,0,-1.0,0,1.0,
2026-07-04 09:00:00,989.16,621.29,31.18,54.31,37.44,27.73,Weekend Sales,Weekend Sales,0,0,-1.0,0,1.0,
2026-07-04 10:00:00,957.68,572.11,33.14,50.82,41.23,27.32,Weekend Sales,Weekend Sales,0,0,-1.0,0,1.0,
2026-07-04 11:00:00,1052.83,622.55,36.08,54.48,41.14,25.27,Weekend Sales,Weekend Sales,0,0,-1.0,0,1.0,
2026-07-04 12:00:00,1019.99,609.34,34.55,58.4,43.3,30.02,Weekend Sales,Weekend Sales,0,0,-1.0,0,1.0,
2026-07-04 13:00:00,1066.66,680.4,35.13,56.57,45.62,27.79,Weekend Sales,Weekend Sales,0,0,-1.0,0,1.0,
2026-07-04 14:00:00,1167.92,749.5,43.37,57.9,44.91,30.42,Weekend Sales,Weekend Sales,0,0,-1.0,0,1.0,
2026-07-04 15:00:00,1166.65,681.95,38.24,58.59,39.85,27.28,Weekend Sales,Weekend Sales,0,0,-1.0,0,1.0,
2026-07-04 16:00:00,1005.19,605.06,34.38,53.76,41.43,25.05,Weekend Sales,Weekend Sales,0,0,-1.0,0,1.0,
2026-07-04 17:00:00,1660.39,1028.97,56.66,79.94,50.24,38.18,Weekend Sales,Weekend Sales,0,0,-1.0,0,1.0,
2026-07-04 18:00:00,1605.59,981.83,55.31,76.22,51.09,36.28,Weekend Sales,Weekend Sales,0,0,-1.0,0,1.0,
2026-07-04 19:00:00,1613.46,1020.06,56.23,79.61,52.75,33.92,Weekend Sales,Weekend Sales,0,0,-1.0,0,1.0,
2026-07-04 20:00:00,1461.86,935.91,50.98,72.22,51.13,35.38,Weekend Sales,Weekend Sales,0,0,-1.0,0,1.0,
2026-07-04 21:00:00,1225.18,737.89,41.32,62.47,43.67,28.6,Weekend Sales,Weekend Sales,0,0,-1.0,0,1.0,
2026-07-04 22:00:00,1383.49,855.44,45.68,69.33,47.42,31.21,Weekend Sales,Weekend Sales,0,0,-1.0,0,1.0,
2026-07-04 23:00:00,1252.44,755.18,44.69,63.24,44.74,31.1,Weekend Sales,Weekend Sales,0,0,-1.0,0,1.0,
2026-07-05 00:00:00,548.04,344.44,23.19,40.72,34.29,18.74,Weekend Sales,Weekend Sales,0,0,-1.0,0,1.0,
2026-07-05 01:00:00,520.51,334.69,16.76,40.46,30.9,19.09,Weekend Sales,Weekend Sales,0,0,-1.0,0,1.0,
2026-07-05 02:00:00,509.62,334.56,16.79,32.63,34.84,19.48,Weekend Sales,Weekend Sales,0,0,-1.0,0,1.0,
2026-07-05 03:00:00,496.35,288.86,19.32,33.33,32.19,18.33,Weekend Sales,Weekend Sales,0,0,-1.0,0,1.0,
2026-07-05 04:00:00,492.04,286.5,13.16,37.22,32.57,24.13,Weekend Sales,Weekend Sales,0,0,-1.0,0,1.0,
2026-07-05 05:00:00,505.78,292.11,19.13,37.84,33.37,17.08,Weekend Sales,Weekend Sales,0,0,-1.0,0,1.0,
2026-07-05 06:00:00,823.5,508.77,27.12,50.34,37.95,22.39,Weekend Sales,Weekend Sales,0,0,-1.0,0,1.0,
2026-07-05 07:00:00,758.94,451.01,18.79,42.16,35.85,20.96,Weekend Sales,Weekend Sales,0,0,-1.0,0,1.0,
2026-07-05 08:00:00,779.2,463.67,26.46,42.02,39.06,21.04,Weekend Sales,Weekend Sales,0,0,-1.0,0,1.0,
2026-07-05 09:00:00,874.5,573.12,29.81,55.18,40.0,27.91,Weekend Sales,Weekend Sales,0,0,-1.0,0,1.0,
2026-07-05 10:00:00,1042.24,649.0,35.94,58.75,41.94,26.77,Weekend Sales,Weekend Sales,0,0,-1.0,0,1.0,
2026-07-05 11:00:00,1019.47,579.23,34.5,55.57,43.73,28.8,Weekend Sales,Weekend Sales,0,0,-1.0,0,1.0,
2026-07-05 12:00:00,986.29,608.83,31.03,57.66,39.8,27.9,Weekend Sales,Weekend Sales,0,0,-1.0,0,1.0,
2026-07-05 13:00:00,1121.05,661.54,32.9,56.75,42.15,28.36,Weekend Sales,Weekend Sales,0,0,-1.0,0,1.0,
2026-07-05 14:00:00,1165.96,728.52,41.59,61.22,43.19,28.21,Weekend Sales,Weekend Sales,0,0,-1.0,0,1.0,
2026-07-05 15:00:00,1121.64,697.51,40.19,57.98,42.47,28.98,Weekend Sales,Weekend Sales,0,0,-1.0,0,1.0,
2026-07-05 16:00:00,1056.14,690.98,40.28,54.51,43.56,25.58,Weekend Sales,Weekend Sales,0,0,-1.0,0,1.0,
2026-07-05 17:00:00,1650.58,1005.95,56.05,71.65,49.66,38.09,Weekend Sales,Weekend Sales,0,0,-1.0,0,1.0,
2026-07-05 18:00:00,1517.96,920.13,53.4,77.08,51.68,32.82,Weekend Sales,Weekend Sales,0,0,-1.0,0,1.0,
2026-07-05 19:00:00,1711.8,1022.28,55.62,77.83,56.95,39.38,Weekend Sales,Weekend Sales,0,0,-1.0,0,1.0,
2026-07-05 20:00:00,1536.61,929.07,53.1,70.77,50.56,32.49,Weekend Sales,Weekend Sales,0,0,-1.0,0,1.0,
2026-07-05 21:00:00,1258.34,792.39,41.1,66.3,46.5,33.29,Weekend Sales,Weekend Sales,0,0,-1.0,0,1.0,
2026-07-05 22:00:00,1200.35,748.69,41.3,60.92,44.75,33.23,Weekend Sales,Weekend Sales,0,0,-1.0,0,1.0,
2026-07-05 23:00:00,1289.27,769.8,44.31,65.93,45.62,32.26,Weekend Sales,Weekend Sales,0,0,-1.0,0,1.0,
2026-07-06 00:00:00,406.49,230.77,11.93,33.51,29.92,19.72,Normal Sales,Normal Sales,0,0,-1.0,0,1.0,
2026-07-06 01:00:00,422.57,290.59,19.94,34.23,31.54,19.91,Normal Sales,Normal Sales,0,0,-1.0,0,1.0,
2026-07-06 02:00:00,395.49,258.76,10.81,33.32,27.97,16.54,Normal Sales,Normal Sales,0,0,-1.0,0,1.0,
2026-07-06 03:00:00,411.23,249.98,15.14,31.99,33.2,17.77,Normal Sales,Normal Sales,0,0,-1.0,0,1.0,
2026-07-06 04:00:00,357.92,227.54,8.18,27.47,28.32,15.67,Normal Sales,Normal Sales,0,0,-1.0,0,1.0,
2026-07-06 05:00:00,385.88,213.19,8.91,34.54,29.2,12.87,Normal Sales,Normal Sales,0,0,-1.0,0,1.0,
2026-07-06 06:00:00,562.66,320.73,15.87,38.71,32.67,17.71,Normal Sales,Normal Sales,0,0,-1.0,0,1.0,
2026-07-06 07:00:00,585.78,391.93,22.63,34.19,31.73,21.89,Normal Sales,Normal Sales,0,0,-1.0,0,1.0,
2026-07-06 08:00:00,566.0,342.74,16.89,34.44,37.64,20.62,Normal Sales,Normal Sales,0,0,-1.0,0,1.0,
2026-07-06 09:00:00,773.36,479.64,26.47,45.62,34.91,20.96,Normal Sales,Normal Sales,0,0,-1.0,0,1.0,
2026-07-06 10:00:00,763.77,478.24,28.18,47.47,35.37,26.22,Normal Sales,Normal Sales,0,0,-1.0,0,1.0,
2026-07-06 11:00:00,777.97,499.61,31.98,51.82,38.61,25.62,Normal Sales,Normal Sales,0,0,-1.0,0,1.0,
2026-07-06 12:00:00,789.83,475.09,24.99,47.38,35.71,25.06,Normal Sales,Normal Sales,0,0,-1.0,0,1.0,
2026-07-06 13:00:00,844.02,501.89,27.66,50.6,38.51,24.72,Normal Sales,Normal Sales,0,0,-1.0,0,1.0,
2026-07-06 14:00:00,851.23,539.24,29.0,49.95,36.37,23.88,Normal Sales,Normal Sales,0,0,-1.0,0,1.0,
2026-07-06 15:00:00,809.35,513.54,28.57,47.25,39.14,25.6,Normal Sales,Normal Sales,0,0,-1.0,0,1.0,
2026-07-06 16:00:00,825.32,485.81,25.08,42.8,38.31,22.42,Normal Sales,Normal Sales,0,0,-1.0,0,1.0,
2026-07-06 17:00:00,1160.6,716.38,41.49,61.84,43.62,32.44,Normal Sales,Normal Sales,0,0,-1.0,0,1.0,
2026-07-06 18:00:00,1070.33,710.53,40.46,58.79,40.41,28.89,Normal Sales,Normal Sales,0,0,-1.0,0,1.0,
2026-07-06 19:00:00,1226.33,776.13,44.02,60.92,42.99,31.79,Normal Sales,Normal Sales,0,0,-1.0,0,1.0,
2026-07-06 20:00:00,1235.88,766.33,45.11,62.45,45.01,32.5,Normal Sales,Normal Sales,0,0,-1.0,0,1.0,
2026-07-06 21:00:00,982.04,575.13,29.4,50.95,47.01,25.86,Normal Sales,Normal Sales,0,0,-1.0,0,1.0,
2026-07-06 22:00:00,919.97,585.84,34.18,52.15,41.97,24.26,Normal Sales,Normal Sales,0,0,-1.0,0,1.0,
2026-07-06 23:00:00,890.16,580.96,31.97,48.11,36.49,24.9,Normal Sales,Normal Sales,0,0,-1.0,0,1.0,
2026-07-07 00:00:00,396.93,257.78,13.52,33.74,29.87,20.89,Normal Sales,Normal Sales,0,0,-1.0,0,1.0,
2026-07-07 01:00:00,447.53,267.65,15.68,34.62,31.89,20.0,Normal Sales,Normal Sales,0,0,-1.0,0,1.0,
2026-07-07 02:00:00,406.39,240.19,15.84,32.56,30.14,22.89,Normal Sales,Normal Sales,0,0,-1.0,0,1.0,
2026-07-07 03:00:00,394.58,251.01,14.16,32.13,31.61,16.59,Normal Sales,Normal Sales,0,0,-1.0,0,1.0,
2026-07-07 04:00:00,408.73,209.45,8.92,35.26,28.44,13.32,Normal Sales,Normal Sales,0,0,-1.0,0,1.0,
2026-07-07 05:00:00,372.45,274.42,11.51,30.94,27.42,18.31,Normal Sales,Normal Sales,0,0,-1.0,0,1.0,
2026-07-07 06:00:00,560.78,335.67,22.17,34.59,33.33,21.07,Normal Sales,Normal Sales,0,0,-1.0,0,1.0,
2026-07-07 07:00:00,545.19,350.18,18.46,39.06,33.05,16.65,Normal Sales,Normal Sales,0,0,-1.0,0,1.0,
2026-07-07 08:00:00,610.72,430.41,23.32,40.01,37.39,26.54,Normal Sales,Normal Sales,0,0,-1.0,0,1.0,
2026-07-07 09:00:00,743.35,455.41,24.89,40.25,36.05,26.82,Normal Sales,Normal Sales,0,0,-1.0,0,1.0,
2026-07-07 10:00:00,743.35,434.88,24.91,41.85,36.5,20.33,Normal Sales,Normal Sales,0,0,-1.0,0,1.0,
2026-07-07 11:00:00,710.82,459.15,25.48,42.41,36.32,22.26,Normal Sales,Normal Sales,0,0,-1.0,0,1.0,
2026-07-07 12:00:00,720.3,475.69,27.73,45.12,36.53,23.88,Normal Sales,Normal Sales,0,0,-1.0,0,1.0,
2026-07-07 13:00:00,858.28,512.14,29.89,48.8,38.06,23.83,Normal Sales,Normal Sales,0,0,-1.0,0,1.0,
2026-07-07 14:00:00,873.11,537.57,28.17,48.21,40.38,22.22,Normal Sales,Normal Sales,0,0,-1.0,0,1.0,
2026-07-07 15:00:00,822.98,537.02,29.2,49.43,40.16,27.21,Normal Sales,Normal Sales,0,0,-1.0,0,1.0,
2026-07-07 16:00:00,819.44,504.79,29.57,49.62,37.75,24.51,Normal Sales,Normal Sales,0,0,-1.0,0,1.0,
2026-07-07 17:00:00,1206.6,782.26,45.16,64.59,42.35,31.01,Normal Sales,Normal Sales,0,0,-1.0,0,1.0,
2026-07-07 18:00:00,1177.43,765.47,41.62,65.0,42.87,30.15,Normal Sales,Normal Sales,0,0,-1.0,0,1.0,
2026-07-07 19:00:00,1219.33,795.19,43.31,57.13,41.6,32.48,Normal Sales,Normal Sales,0,0,-1.0,0,1.0,
2026-07-07 20:00:00,1102.86,662.14,36.44,50.5,41.99,26.22,Normal Sales,Normal Sales,0,0,-1.0,0,1.0,
2026-07-07 21:00:00,856.65,511.07,25.97,49.03,40.96,24.05,Normal Sales,Normal Sales,0,0,-1.0,0,1.0,
2026-07-07 22:00:00,898.47,546.7,27.85,46.57,35.98,23.01,Normal Sales,Normal Sales,0,0,-1.0,0,1.0,
2026-07-07 23:00:00,1001.64,603.76,27.32,51.71,37.85,27.21,Normal Sales,Normal Sales,0,0,-1.0,0,1.0,
2026-07-08 00:00:00,396.12,246.99,13.5,31.35,27.82,18.03,Normal Sales,Normal Sales,0,0,-1.0,0,1.0,
2026-07-08 01:00:00,417.31,304.08,16.25,34.7,32.1,22.59,Normal Sales,Normal Sales,0,0,-1.0,0,1.0,
2026-07-08 02:00:00,387.43,257.52,12.52,33.51,32.53,15.86,Normal Sales,Normal Sales,0,0,-1.0,0,1.0,
2026-07-08 03:00:00,386.66,263.6,15.73,35.55,32.27,17.91,Normal Sales,Normal Sales,0,0,-1.0,0,1.0,
2026-07-08 04:00:00,440.75,276.69,9.11,33.27,30.55,20.51,Normal Sales,Normal Sales,0,0,-1.0,0,1.0,
2026-07-08 05:00:00,388.13,268.11,15.86,30.67,30.32,17.15,Normal Sales,Normal Sales,0,0,-1.0,0,1.0,
2026-07-08 06:00:00,578.87,339.36,18.81,37.22,33.54,24.59,Normal Sales,Normal Sales,0,0,-1.0,0,1.0,
2026-07-08 07:00:00,563.23,300.84,18.58,38.56,29.62,18.12,Normal Sales,Normal Sales,0,0,-1.0,0,1.0,
2026-07-08 08:00:00,586.07,376.47,20.7,39.67,32.09,16.61,Normal Sales,Normal Sales,0,0,-1.0,0,1.0,
2026-07-08 09:00:00,826.91,488.47,27.22,46.2,39.85,24.44,Normal Sales,Normal Sales,0,0,-1.0,0,1.0,
2026-07-08 10:00:00,755.8,402.74,20.48,44.03,38.16,20.17,Normal Sales,Normal Sales,0,0,-1.0,0,1.0,
2026-07-08 11:00:00,690.87,431.5,17.92,40.07,39.27,25.68,Normal Sales,Normal Sales,0,0,-1.0,0,1.0,
2026-07-08 12:00:00,768.32,484.04,22.72,44.08,36.47,22.66,Normal Sales,Normal Sales,0,0,-1.0,0,1.0,
2026-07-08 13:00:00,823.61,543.12,28.79,48.18,39.48,22.74,Normal Sales,Normal Sales,0,0,-1.0,0,1.0,
2026-07-08 14:00:00,803.07,479.46,26.48,45.14,37.03,22.66,Normal Sales,Normal Sales,0,0,-1.0,0,1.0,
2026-07-08 15:00:00,793.41,507.14,27.22,48.72,35.26,23.35,Normal Sales,Normal Sales,0,0,-1.0,0,1.0,
2026-07-08 16:00:00,829.02,510.8,29.6,46.54,39.59,25.52,Normal Sales,Normal Sales,0,0,-1.0,0,1.0,
2026-07-08 17:00:00,1184.89,710.85,40.61,57.15,44.1,29.66,Normal Sales,Normal Sales,0,0,-1.0,0,1.0,
2026-07-08 18:00:00,1178.92,721.2,38.02,55.84,46.85,29.05,Normal Sales,Normal Sales,0,0,-1.0,0,1.0,
2026-07-08 19:00:00,1183.62,730.49,42.37,65.17,44.44,29.95,Normal Sales,Normal Sales,0,0,-1.0,0,1.0,
2026-07-08 20:00:00,1124.34,661.0,32.81,54.75,38.93,30.68,Normal Sales,Normal Sales,0,0,-1.0,0,1.0,
2026-07-08 21:00:00,946.13,580.31,34.14,49.01,38.44,22.64,Normal Sales,Normal Sales,0,0,-1.0,0,1.0,
2026-07-08 22:00:00,962.4,576.43,31.74,54.15,43.1,26.35,Normal Sales,Normal Sales,0,0,-1.0,0,1.0,
2026-07-08 23:00:00,944.33,562.89,34.33,50.47,40.21,25.26,Normal Sales,Normal Sales,0,0,-1.0,0,1.0,
2026-07-09 00:00:00,421.1,266.07,16.16,34.23,30.72,20.51,Normal Sales,Normal Sales,0,0,-1.0,0,1.0,
2026-07-09 01:00:00,404.14,226.54,10.48,31.8,32.69,20.94,Normal Sales,Normal Sales,0,0,-1.0,0,1.0,
2026-07-09 02:00:00,361.98,225.07,13.36,31.76,32.17,18.94,Normal Sales,Normal Sales,0,0,-1.0,0,1.0,
2026-07-09 03:00:00,377.71,208.81,12.11,32.89,30.71,14.06,Normal Sales,Normal Sales,0,0,-1.0,0,1.0,
2026-07-09 04:00:00,376.48,250.71,13.09,32.59,32.53,15.86,Normal Sales,Normal Sales,0,0,-1.0,0,1.0,
2026-07-09 05:00:00,389.05,228.14,13.26,33.31,27.65,17.69,Normal Sales,Normal Sales,0,0,-1.0,0,1.0,
2026-07-09 06:00:00,598.8,324.88,17.74,34.37,32.9,15.11,Normal Sales,Normal Sales,0,0,-1.0,0,1.0,
2026-07-09 07:00:00,613.81,371.67,18.83,40.46,32.35,19.02,Normal Sales,Normal Sales,0,0,-1.0,0,1.0,
2026-07-09 08:00:00,617.19,427.87,22.35,44.86,35.2,19.87,Normal Sales,Normal Sales,0,0,-1.0,0,1.0,
2026-07-09 09:00:00,715.6,482.45,23.68,51.14,35.02,27.22,Normal Sales,Normal Sales,0,0,-1.0,0,1.0,
2026-07-09 10:00:00,738.96,478.15,29.09,48.9,35.39,22.24,Normal Sales,Normal Sales,0,0,-1.0,0,1.0,
2026-07-09 11:00:00,747.37,430.86,24.18,41.32,38.87,21.63,Normal Sales,Normal Sales,0,0,-1.0,0,1.0,
2026-07-09 12:00:00,685.05,459.75,25.65,44.24,37.83,25.24,Normal Sales,Normal Sales,0,0,-1.0,0,1.0,
2026-07-09 13:00:00,806.76,488.95,24.67,42.8,38.87,25.01,Normal Sales,Normal Sales,0,0,-1.0,0,1.0,
2026-07-09 14:00:00,870.61,571.82,33.0,52.86,34.64,25.68,Normal Sales,Normal Sales,0,0,-1.0,0,1.0,
2026-07-09 15:00:00,879.16,515.87,28.56,49.55,39.83,25.63,Normal Sales,Normal Sales,0,0,-1.0,0,1.0,
2026-07-09 16:00:00,863.82,540.09,26.78,50.48,39.25,22.6,Normal Sales,Normal Sales,0,0,-1.0,0,1.0,
2026-07-09 17:00:00,1274.07,803.27,41.42,62.3,44.53,30.95,Normal Sales,Normal Sales,0,0,-1.0,0,1.0,
2026-07-09 18:00:00,1209.31,725.36,42.15,62.93,45.8,30.22,Normal Sales,Normal Sales,0,0,-1.0,0,1.0,
2026-07-09 19:00:00,1247.71,766.68,40.72,65.46,45.85,29.8,Normal Sales,Normal Sales,0,0,-1.0,0,1.0,
2026-07-09 20:00:00,1166.95,705.1,42.82,59.08,44.15,31.07,Normal Sales,Normal Sales,0,0,-1.0,0,1.0,
2026-07-09 21:00:00,870.66,567.22,29.98,55.07,38.18,28.26,Normal Sales,Normal Sales,0,0,-1.0,0,1.0,
2026-07-09 22:00:00,811.27,473.61,25.46,40.73,38.99,24.47,Normal Sales,Normal Sales,0,0,-1.0,0,1.0,
2026-07-09 23:00:00,881.07,545.86,31.64,44.35,36.43,24.98,Normal Sales,Normal Sales,0,0,-1.0,0,1.0,
2026-07-10 00:00:00,397.95,245.26,15.27,33.41,32.16,15.35,Normal Sales,Normal Sales,0,0,-1.0,0,1.0,
2026-07-10 01:00:00,400.36,240.54,16.15,32.46,29.47,19.72,Normal Sales,Normal Sales,0,0,-1.0,0,1.0,
2026-07-10 02:00:00,408.67,232.84,12.11,30.92,33.4,18.23,Normal Sales,Normal Sales,0,0,-1.0,0,1.0,
2026-07-10 03:00:00,411.92,243.06,14.04,35.49,30.28,18.31,Normal Sales,Normal Sales,0,0,-1.0,0,1.0,
2026-07-10 04:00:00,370.39,210.5,10.91,27.78,32.94,15.59,Normal Sales,Normal Sales,0,0,-1.0,0,1.0,
2026-07-10 05:00:00,413.12,260.8,14.41,36.76,26.5,18.13,Normal Sales,Normal Sales,0,0,-1.0,0,1.0,
2026-07-10 06:00:00,543.12,287.7,13.43,35.33,31.78,20.99,Normal Sales,Normal Sales,0,0,-1.0,0,1.0,
2026-07-10 07:00:00,568.0,344.04,18.28,37.78,32.82,18.9,Normal Sales,Normal Sales,0,0,-1.0,0,1.0,
2026-07-10 08:00:00,602.53,357.97,18.92,40.0,34.88,19.16,Normal Sales,Normal Sales,0,0,-1.0,0,1.0,
2026-07-10 09:00:00,779.14,496.51,27.66,45.5,36.43,24.01,Normal Sales,Normal Sales,0,0,-1.0,0,1.0,
2026-07-10 10:00:00,704.55,435.84,25.76,45.44,35.22,25.02,Normal Sales,Normal Sales,0,0,-1.0,0,1.0,
2026-07-10 11:00:00,822.34,501.95,28.99,41.51,35.46,24.73,Normal Sales,Normal Sales,0,0,-1.0,0,1.0,
2026-07-10 12:00:00,713.0,493.04,28.31,48.31,36.06,22.32,Normal Sales,Normal Sales,0,0,-1.0,0,1.0,
2026-07-10 13:00:00,817.36,513.12,26.95,49.31,39.32,24.84,Normal Sales,Normal Sales,0,0,-1.0,0,1.0,
2026-07-10 14:00:00,762.53,515.64,27.93,54.08,38.27,24.47,Normal Sales,Normal Sales,0,0,-1.0,0,1.0,
2026-07-10 15:00:00,857.91,481.42,28.53,52.94,34.41,23.46,Normal Sales,Normal Sales,0,0,-1.0,0,1.0,
2026-07-10 16:00:00,834.7,539.4,33.88,49.91,42.47,25.83,Normal Sales,Normal Sales,0,0,-1.0,0,1.0,
2026-07-10 17:00:00,1219.35,764.2,44.47,61.09,46.37,28.64,Normal Sales,Normal Sales,0,0,-1.0,0,1.0,
2026-07-10 18:00:00,1175.48,712.88,39.38,58.69,46.25,28.06,Normal Sales,Normal Sales,0,0,-1.0,0,1.0,
2026-07-10 19:00:00,1089.21,641.38,37.26,53.15,43.31,27.44,Normal Sales,Normal Sales,0,0,-1.0,0,1.0,
2026-07-10 20:00:00,1241.58,764.01,47.55,67.06,44.48,30.2,Normal Sales,Normal Sales,0,0,-1.0,0,1.0,
2026-07-10 21:00:00,1072.71,638.11,34.99,55.35,42.23,24.48,Normal Sales,Normal Sales,0,0,-1.0,0,1.0,
2026-07-10 22:00:00,950.48,565.04,33.95,47.39,40.28,21.69,Normal Sales,Normal Sales,0,0,-1.0,0,1.0,
2026-07-10 23:00:00,827.55,492.1,25.67,50.43,37.99,26.89,Normal Sales,Normal Sales,0,0,-1.0,0,1.0,
2026-07-11 00:00:00,515.94,335.04,16.98,35.22,29.13,21.05,Weekend Sales,Weekend Sales,0,0,-1.0,0,1.0,
2026-07-11 01:00:00,532.82,349.78,19.67,43.07,33.41,22.73,Weekend Sales,Weekend Sales,0,0,-1.0,0,1.0,
2026-07-11 02:00:00,517.4,298.08,17.83,35.33,34.46,20.16,Weekend Sales,Weekend Sales,0,0,-1.0,0,1.0,
2026-07-11 03:00:00,505.07,340.0,16.96,38.9,35.15,19.73,Weekend Sales,Weekend Sales,0,0,-1.0,0,1.0,
2026-07-11 04:00:00,556.33,354.86,21.22,36.33,33.89,18.06,Weekend Sales,Weekend Sales,0,0,-1.0,0,1.0,
2026-07-11 05:00:00,570.93,303.63,15.99,33.9,35.06,23.44,Weekend Sales,Weekend Sales,0,0,-1.0,0,1.0,
2026-07-11 06:00:00,784.55,560.45,28.07,46.24,35.55,26.25,Weekend Sales,Weekend Sales,0,0,-1.0,0,1.0,
2026-07-11 07:00:00,720.67,428.02,24.78,39.93,33.98,21.9,Weekend Sales,Weekend Sales,0,0,-1.0,0,1.0,
2026-07-11 08:00:00,748.11,489.08,25.1,44.19,37.88,25.83,Weekend Sales,Weekend Sales,0,0,-1.0,0,1.0,
2026-07-11 09:00:00,1064.38,671.65,37.2,58.18,41.56,28.24,Weekend Sales,Weekend Sales,0,0,-1.0,0,1.0,
2026-07-11 10:00:00,905.3,583.62,32.52,53.45,33.76,26.5,Weekend Sales,Weekend Sales,0,0,-1.0,0,1.0,
2026-07-11 11:00:00,950.91,627.1,35.72,54.41,39.3,28.47,Weekend Sales,Weekend Sales,0,0,-1.0,0,1.0,
2026-07-11 12:00:00,947.31,584.84,31.01,57.56,43.04,28.75,Weekend Sales,Weekend Sales,0,0,-1.0,0,1.0,
2026-07-11 13:00:00,1027.56,658.69,36.6,58.92,42.11,28.45,Weekend Sales,Weekend Sales,0,0,-1.0,0,1.0,
2026-07-11 14:00:00,1123.27,651.29,34.29,57.23,45.37,27.18,Weekend Sales,Weekend Sales,0,0,-1.0,0,1.0,
2026-07-11 15:00:00,1108.03,646.95,38.5,58.76,44.14,28.99,Weekend Sales,Weekend Sales,0,0,-1.0,0,1.0,
2026-07-11 16:00:00,1196.48,721.69,37.87,62.7,46.33,27.66,Weekend Sales,Weekend Sales,0,0,-1.0,0,1.0,
2026-07-11 17:00:00,1535.86,994.46,55.52,77.01,47.79,38.17,Weekend Sales,Weekend Sales,0,0,-1.0,0,1.0,
2026-07-11 18:00:00,1465.8,859.3,48.72,71.98,48.41,32.39,Weekend Sales,Weekend Sales,0,0,-1.0,0,1.0,
2026-07-11 19:00:00,1712.75,1057.04,58.01,83.5,52.41,37.12,Weekend Sales,Weekend Sales,0,0,-1.0,0,1.0,
2026-07-11 20:00:00,1642.12,1000.32,54.73,72.85,52.29,37.14,Weekend Sales,Weekend Sales,0,0,-1.0,0,1.0,
2026-07-11 21:00:00,1286.56,819.1,46.15,66.14,45.73,33.7,Weekend Sales,Weekend Sales,0,0,-1.0,0,1.0,
2026-07-11 22:00:00,1158.91,659.8,38.61,58.65,43.45,30.64,Weekend Sales,Weekend Sales,0,0,-1.0,0,1.0,
2026-07-11 23:00:00,1182.28,715.38,37.66,61.07,40.93,28.35,Weekend Sales,Weekend Sales,0,0,-1.0,0,1.0,
2026-07-12 00:00:00,533.81,300.86,15.23,30.28,34.29,18.15,Weekend Sales,Weekend Sales,0,0,-1.0,0,1.0,
2026-07-12 01:00:00,497.27,275.93,14.34,30.44,36.34,14.13,Weekend Sales,Weekend Sales,0,0,-1.0,0,1.0,
2026-07-12 02:00:00,514.33,321.56,16.13,37.12,31.14,23.1,Weekend Sales,Weekend Sales,0,0,-1.0,0,1.0,
2026-07-12 03:00:00,496.75,249.21,11.11,34.15,32.21,19.73,Weekend Sales,Weekend Sales,0,0,-1.0,0,1.0,
2026-07-12 04:00:00,539.39,318.51,16.54,35.68,36.94,21.34,Weekend Sales,Weekend Sales,0,0,-1.0,0,1.0,
2026-07-12 05:00:00,575.96,378.11,20.67,37.07,34.19,21.33,Weekend Sales,Weekend Sales,0,0,-1.0,0,1.0,
2026-07-12 06:00:00,756.49,463.8,21.4,48.07,36.76,20.77,Weekend Sales,Weekend Sales,0,0,-1.0,0,1.0,
2026-07-12 07:00:00,778.36,461.19,26.49,47.18,39.27,23.21,Weekend Sales,Weekend Sales,0,0,-1.0,0,1.0,
2026-07-12 08:00:00,744.33,445.84,23.08,43.97,36.23,21.5,Weekend Sales,Weekend Sales,0,0,-1.0,0,1.0,
2026-07-12 09:00:00,937.07,578.26,30.94,48.67,41.59,30.0,Weekend Sales,Weekend Sales,0,0,-1.0,0,1.0,
2026-07-12 10:00:00,1041.75,627.88,34.43,58.44,39.36,29.26,Weekend Sales,Weekend Sales,0,0,-1.0,0,1.0,
2026-07-12 11:00:00,921.95,613.71,32.89,58.57,43.13,27.13,Weekend Sales,Weekend Sales,0,0,-1.0,0,1.0,
2026-07-12 12:00:00,958.16,598.93,32.58,51.61,36.97,25.94,Weekend Sales,Weekend Sales,0,0,-1.0,0,1.0,
2026-07-12 13:00:00,1049.16,664.27,38.52,58.14,42.52,26.9,Weekend Sales,Weekend Sales,0,0,-1.0,0,1.0,
2026-07-12 14:00:00,1122.25,715.61,38.19,59.48,42.79,33.22,Weekend Sales,Weekend Sales,0,0,-1.0,0,1.0,
2026-07-12 15:00:00,1158.14,733.28,36.9,60.69,43.38,30.0,Weekend Sales,Weekend Sales,0,0,-1.0,0,1.0,
2026-07-12 16:00:00,1024.01,607.69,33.29,56.32,40.23,26.39,Weekend Sales,Weekend Sales,0,0,-1.0,0,1.0,
2026-07-12 17:00:00,1719.14,1058.45,57.96,79.1,50.53,39.6,Weekend Sales,Weekend Sales,0,0,-1.0,0,1.0,
2026-07-12 18:00:00,1527.03,946.01,52.92,77.64,47.32,37.38,Weekend Sales,Weekend Sales,0,0,-1.0,0,1.0,
2026-07-12 19:00:00,1647.13,1005.27,56.49,80.52,50.47,37.61,Weekend Sales,Weekend Sales,0,0,-1.0,0,1.0,
2026-07-12 20:00:00,1610.52,1011.87,57.19,76.83,52.41,35.47,Weekend Sales,Weekend Sales,0,0,-1.0,0,1.0,
2026-07-12 21:00:00,1237.84,755.55,39.1,60.63,45.58,31.76,Weekend Sales,Weekend Sales,0,0,-1.0,0,1.0,
2026-07-12 22:00:00,1149.9,689.5,39.37,59.5,45.32,31.97,Weekend Sales,Weekend Sales,0,0,-1.0,0,1.0,
2026-07-12 23:00:00,1260.79,771.32,42.65,66.95,50.96,32.21,Weekend Sales,Weekend Sales,0,0,-1.0,0,1.0,
2026-07-13 00:00:00,408.73,271.56,14.98,36.4,32.96,19.5,Normal Sales,Normal Sales,0,0,-1.0,0,1.0,
2026-07-13 01:00:00,391.74,204.86,12.73,30.88,29.18,14.86,Normal Sales,Normal Sales,0,0,-1.0,0,1.0,
2026-07-13 02:00:00,411.24,214.94,12.42,33.07,32.09,16.59,Normal Sales,Normal Sales,0,0,-1.0,0,1.0,
2026-07-13 03:00:00,373.2,246.06,15.93,30.63,31.36,21.31,Normal Sales,Normal Sales,0,0,-1.0,0,1.0,
2026-07-13 04:00:00,404.82,241.06,15.34,30.24,28.29,19.65,Normal Sales,Normal Sales,0,0,-1.0,0,1.0,
2026-07-13 05:00:00,389.99,233.88,11.61,30.46,33.44,21.17,Normal Sales,Normal Sales,0,0,-1.0,0,1.0,
2026-07-13 06:00:00,626.6,415.74,23.8,38.14,34.28,26.71,Normal Sales,Normal Sales,0,0,-1.0,0,1.0,
2026-07-13 07:00:00,562.47,386.58,21.37,33.2,34.84,24.2,Normal Sales,Normal Sales,0,0,-1.0,0,1.0,
2026-07-13 08:00:00,573.58,386.45,17.92,36.51,34.16,22.62,Normal Sales,Normal Sales,0,0,-1.0,0,1.0,
2026-07-13 09:00:00,802.91,513.78,25.87,48.08,38.85,21.1,Normal Sales,Normal Sales,0,0,-1.0,0,1.0,
2026-07-13 10:00:00,750.27,456.78,23.81,45.8,34.46,24.25,Normal Sales,Normal Sales,0,0,-1.0,0,1.0,
2026-07-13 11:00:00,772.95,506.32,25.6,43.2,37.7,24.09,Normal Sales,Normal Sales,0,0,-1.0,0,1.0,
2026-07-13 12:00:00,861.04,545.31,30.11,49.0,36.2,26.76,Normal Sales,Normal Sales,0,0,-1.0,0,1.0,
2026-07-13 13:00:00,837.05,517.01,28.62,48.51,34.75,26.6,Normal Sales,Normal Sales,0,0,-1.0,0,1.0,
2026-07-13 14:00:00,804.81,495.53,29.83,51.19,34.28,24.45,Normal Sales,Normal Sales,0,0,-1.0,0,1.0,
2026-07-13 15:00:00,851.84,490.45,28.58,47.18,38.87,22.43,Normal Sales,Normal Sales,0,0,-1.0,0,1.0,
2026-07-13 16:00:00,857.72,552.74,30.66,48.45,37.71,26.26,Normal Sales,Normal Sales,0,0,-1.0,0,1.0,
2026-07-13 17:00:00,1197.13,764.84,41.11,58.95,45.07,30.17,Normal Sales,Normal Sales,0,0,-1.0,0,1.0,
2026-07-13 18:00:00,1241.01,769.61,43.64,60.02,45.38,29.84,Normal Sales,Normal Sales,0,0,-1.0,0,1.0,
2026-07-13 19:00:00,1121.34,673.71,35.96,60.4,41.92,26.3,Normal Sales,Normal Sales,0,0,-1.0,0,1.0,
2026-07-13 20:00:00,1202.06,746.01,40.05,60.78,46.39,31.99,Normal Sales,Normal Sales,0,0,-1.0,0,1.0,
2026-07-13 21:00:00,955.97,563.11,36.74,53.62,41.29,23.75,Normal Sales,Normal Sales,0,0,-1.0,0,1.0,
2026-07-13 22:00:00,972.85,590.64,32.1,48.16,38.06,27.64,Normal Sales,Normal Sales,0,0,-1.0,0,1.0,
2026-07-13 23:00:00,975.56,621.97,35.51,53.63,39.77,28.13,Normal Sales,Normal Sales,0,0,-1.0,0,1.0,
2026-07-14 00:00:00,414.63,257.19,16.57,32.35,29.09,18.41,Normal Sales,Normal Sales,0,0,-1.0,0,1.0,
2026-07-14 01:00:00,400.38,246.18,16.1,34.29,27.94,21.22,Normal Sales,Normal Sales,0,0,-1.0,0,1.0,
2026-07-14 02:00:00,343.68,266.86,14.1,32.28,29.72,19.44,Normal Sales,Normal Sales,0,0,-1.0,0,1.0,
2026-07-14 03:00:00,398.26,243.59,16.02,33.56,28.85,19.57,Normal Sales,Normal Sales,0,0,-1.0,0,1.0,
2026-07-14 04:00:00,408.71,239.77,14.77,31.67,30.5,17.5,Normal Sales,Normal Sales,0,0,-1.0,0,1.0,
2026-07-14 05:00:00,349.92,203.78,12.63,29.91,27.38,19.02,Normal Sales,Normal Sales,0,0,-1.0,0,1.0,
2026-07-14 06:00:00,566.69,320.81,22.06,34.34,35.39,18.48,Normal Sales,Normal Sales,0,0,-1.0,0,1.0,
2026-07-14 07:00:00,579.18,336.54,16.03,39.08,34.66,22.7,Normal Sales,Normal Sales,0,0,-1.0,0,1.0,
2026-07-14 08:00:00,574.29,411.57,23.17,42.53,31.05,21.06,Normal Sales,Normal Sales,0,0,-1.0,0,1.0,
2026-07-14 09:00:00,771.83,476.43,26.58,43.57,37.37,24.15,Normal Sales,Normal Sales,0,0,-1.0,0,1.0,
2026-07-14 10:00:00,707.88,454.95,21.62,44.6,39.57,24.73,Normal Sales,Normal Sales,0,0,-1.0,0,1.0,
2026-07-14 11:00:00,777.65,459.71,28.82,48.35,35.53,22.54,Normal Sales,Normal Sales,0,0,-1.0,0,1.0,
2026-07-14 12:00:00,799.48,540.58,27.2,46.21,37.3,21.17,Normal Sales,Normal Sales,0,0,-1.0,0,1.0,
2026-07-14 13:00:00,841.59,551.43,27.45,49.86,37.14,29.07,Normal Sales,Normal Sales,0,0,-1.0,0,1.0,
2026-07-14 14:00:00,816.84,544.41,28.75,50.96,38.39,25.33,Normal Sales,Normal Sales,0,0,-1.0,0,1.0,
2026-07-14 15:00:00,807.56,508.76,27.1,45.63,40.67,25.81,Normal Sales,Normal Sales,0,0,-1.0,0,1.0,
2026-07-14 16:00:00,867.85,528.28,28.68,48.09,39.43,26.49,Normal Sales,Normal Sales,0,0,-1.0,0,1.0,
2026-07-14 17:00:00,1193.0,719.84,41.11,60.02,41.4,25.73,Normal Sales,Normal Sales,0,0,-1.0,0,1.0,
2026-07-14 18:00:00,1212.6,731.08,41.07,58.66,44.88,29.52,Normal Sales,Normal Sales,0,0,-1.0,0,1.0,
2026-07-14 19:00:00,1299.47,829.43,48.31,65.78,47.74,32.92,Normal Sales,Normal Sales,0,0,-1.0,0,1.0,
2026-07-14 20:00:00,1282.6,793.4,40.84,58.97,49.14,32.79,Normal Sales,Normal Sales,0,0,-1.0,0,1.0,
2026-07-14 21:00:00,954.58,629.08,31.3,53.05,39.76,29.21,Normal Sales,Normal Sales,0,0,-1.0,0,1.0,
2026-07-14 22:00:00,897.11,526.17,26.52,51.73,37.77,24.05,Normal Sales,Normal Sales,0,0,-1.0,0,1.0,
2026-07-14 23:00:00,958.77,576.97,28.32,47.68,40.19,27.42,Normal Sales,Normal Sales,0,0,-1.0,0,1.0,
2026-07-15 00:00:00,394.44,255.31,10.82,28.78,35.21,20.85,Normal Sales,Normal Sales,0,0,-1.0,0,1.0,
2026-07-15 01:00:00,413.79,240.05,12.73,32.11,33.66,18.81,Normal Sales,Normal Sales,0,0,-1.0,0,1.0,
2026-07-15 02:00:00,408.94,249.35,15.3,33.25,31.04,16.75,Normal Sales,Normal Sales,0,0,-1.0,0,1.0,
2026-07-15 03:00:00,396.2,218.66,11.95,31.23,25.93,17.01,Normal Sales,Normal Sales,0,0,-1.0,0,1.0,
2026-07-15 04:00:00,375.04,244.99,14.75,30.96,31.47,19.31,Normal Sales,Normal Sales,0,0,-1.0,0,1.0,
2026-07-15 05:00:00,393.89,282.57,14.09,37.55,30.25,17.38,Normal Sales,Normal Sales,0,0,-1.0,0,1.0,
2026-07-15 06:00:00,565.44,323.09,19.34,33.06,36.39,18.21,Normal Sales,Normal Sales,0,0,-1.0,0,1.0,
2026-07-15 07:00:00,599.64,372.38,21.02,38.08,34.9,21.58,Normal Sales,Normal Sales,0,0,-1.0,0,1.0,
2026-07-15 08:00:00,533.61,306.77,15.79,34.19,35.58,19.68,Normal Sales,Normal Sales,0,0,-1.0,0,1.0,
2026-07-15 09:00:00,723.35,436.21,22.98,42.7,34.15,21.28,Normal Sales,Normal Sales,0,0,-1.0,0,1.0,
2026-07-15 10:00:00,781.51,489.17,26.6,46.27,37.19,23.81,Normal Sales,Normal Sales,0,0,-1.0,0,1.0,
2026-07-15 11:00:00,772.12,489.79,23.8,45.89,34.11,25.52,Normal Sales,Normal Sales,0,0,-1.0,0,1.0,
2026-07-15 12:00:00,781.55,469.29,25.58,40.09,39.23,25.15,Normal Sales,Normal Sales,0,0,-1.0,0,1.0,
2026-07-15 13:00:00,889.58,588.7,29.93,53.83,42.08,23.73,Normal Sales,Normal Sales,0,0,-1.0,0,1.0,
2026-07-15 14:00:00,834.0,508.0,29.65,41.55,41.81,24.47,Normal Sales,Normal Sales,0,0,-1.0,0,1.0,
2026-07-15 15:00:00,879.74,543.93,30.9,43.71,38.19,27.29,Normal Sales,Normal Sales,0,0,-1.0,0,1.0,
2026-07-15 16:00:00,853.35,488.16,26.97,44.75,36.7,21.16,Normal Sales,Normal Sales,0,0,-1.0,0,1.0,
2026-07-15 17:00:00,1232.38,791.9,47.79,59.81,46.49,33.46,Normal Sales,Normal Sales,0,0,-1.0,0,1.0,
2026-07-15 18:00:00,1160.7,696.69,36.15,57.32,44.14,32.14,Normal Sales,Normal Sales,0,0,-1.0,0,1.0,
2026-07-15 19:00:00,1261.46,741.72,39.22,64.72,43.98,30.43,Normal Sales,Normal Sales,0,0,-1.0,0,1.0,
2026-07-15 20:00:00,1093.47,706.78,35.05,54.45,44.69,33.51,Normal Sales,Normal Sales,0,0,-1.0,0,1.0,
2026-07-15 21:00:00,916.24,566.9,33.0,51.56,38.83,25.2,Normal Sales,Normal Sales,0,0,-1.0,0,1.0,
2026-07-15 22:00:00,856.92,537.11,29.36,47.93,36.56,23.63,Normal Sales,Normal Sales,0,0,-1.0,0,1.0,
2026-07-15 23:00:00,958.5,616.31,33.24,52.32,38.59,29.28,Normal Sales,Normal Sales,0,0,-1.0,0,1.0,
2026-07-16 00:00:00,399.28,256.75,14.84,31.98,28.46,16.43,Normal Sales,Normal Sales,0,0,-1.0,0,1.0,
2026-07-16 01:00:00,421.15,242.97,12.54,29.47,28.73,16.54,Normal Sales,Normal Sales,0,0,-1.0,0,1.0,
2026-07-16 02:00:00,432.32,284.49,14.59,36.97,31.04,21.82,Normal Sales,Normal Sales,0,0,-1.0,0,1.0,
2026-07-16 03:00:00,442.75,300.21,16.7,36.8,31.56,15.83,Normal Sales,Normal Sales,0,0,-1.0,0,1.0,
2026-07-16 04:00:00,385.61,215.29,10.49,35.26,32.8,18.26,Normal Sales,Normal Sales,0,0,-1.0,0,1.0,
2026-07-16 05:00:00,414.86,209.91,13.0,33.11,26.57,18.78,Normal Sales,Normal Sales,0,0,-1.0,0,1.0,
2026-07-16 06:00:00,534.84,282.35,18.18,32.47,31.66,21.04,Normal Sales,Normal Sales,0,0,-1.0,0,1.0,
2026-07-16 07:00:00,567.06,347.07,18.68,39.02,33.19,20.91,Normal Sales,Normal Sales,0,0,-1.0,0,1.0,
2026-07-16 08:00:00,561.35,356.83,20.25,43.29,32.78,20.55,Normal Sales,Normal Sales,0,0,-1.0,0,1.0,
2026-07-16 09:00:00,762.02,496.56,25.13,46.7,31.94,23.87,Normal Sales,Normal Sales,0,0,-1.0,0,1.0,
2026-07-16 10:00:00,793.42,473.77,26.41,44.34,35.77,25.79,Normal Sales,Normal Sales,0,0,-1.0,0,1.0,
2026-07-16 11:00:00,713.67,449.8,25.36,41.82,36.44,21.38,Normal Sales,Normal Sales,0,0,-1.0,0,1.0,
2026-07-16 12:00:00,772.68,446.19,23.86,43.63,39.36,23.43,Normal Sales,Normal Sales,0,0,-1.0,0,1.0,
2026-07-16 13:00:00,881.81,560.59,31.93,49.45,41.03,25.3,Normal Sales,Normal Sales,0,0,-1.0,0,1.0,
2026-07-16 14:00:00,768.83,471.3,26.83,41.34,35.3,21.32,Normal Sales,Normal Sales,0,0,-1.0,0,1.0,
2026-07-16 15:00:00,874.73,584.15,31.71,52.61,39.88,29.71,Normal Sales,Normal Sales,0,0,-1.0,0,1.0,
2026-07-16 16:00:00,814.16,499.28,26.78,47.17,42.85,24.54,Normal Sales,Normal Sales,0,0,-1.0,0,1.0,
2026-07-16 17:00:00,1144.88,680.96,39.96,55.65,44.79,27.66,Normal Sales,Normal Sales,0,0,-1.0,0,1.0,
2026-07-16 18:00:00,1120.24,709.68,37.77,59.96,44.04,30.83,Normal Sales,Normal Sales,0,0,-1.0,0,1.0,
2026-07-16 19:00:00,1179.95,748.73,39.33,55.0,45.47,31.05,Normal Sales,Normal Sales,0,0,-1.0,0,1.0,
2026-07-16 20:00:00,1159.51,682.12,33.44,58.1,47.01,28.78,Normal Sales,Normal Sales,0,0,-1.0,0,1.0,
2026-07-16 21:00:00,913.41,565.7,35.47,52.64,37.66,26.2,Normal Sales,Normal Sales,0,0,-1.0,0,1.0,
2026-07-16 22:00:00,945.68,559.91,32.31,48.72,37.05,26.15,Normal Sales,Normal Sales,0,0,-1.0,0,1.0,
2026-07-16 23:00:00,926.39,574.34,30.06,49.69,42.01,27.24,Normal Sales,Normal Sales,0,0,-1.0,0,1.0,
2026-07-17 00:00:00,379.78,186.7,8.44,29.83,29.19,15.25,Normal Sales,Normal Sales,0,0,-1.0,0,1.0,
2026-07-17 01:00:00,387.11,238.19,14.67,31.81,30.7,17.51,Normal Sales,Normal Sales,0,0,-1.0,0,1.0,
2026-07-17 02:00:00,388.9,263.48,15.98,38.08,31.83,17.59,Normal Sales,Normal Sales,0,0,-1.0,0,1.0,
2026-07-17 03:00:00,380.82,259.93,12.67,34.77,28.95,19.2,Normal Sales,Normal Sales,0,0,-1.0,0,1.0,
2026-07-17 04:00:00,377.73,253.69,11.49,33.12,30.03,18.55,Normal Sales,Normal Sales,0,0,-1.0,0,1.0,
2026-07-17 05:00:00,390.97,231.92,13.07,29.06,28.63,17.08,Normal Sales,Normal Sales,0,0,-1.0,0,1.0,
2026-07-17 06:00:00,564.68,324.97,19.72,36.3,33.15,17.47,Normal Sales,Normal Sales,0,0,-1.0,0,1.0,
2026-07-17 07:00:00,635.81,454.88,23.46,46.62,34.63,26.58,Normal Sales,Normal Sales,0,0,-1.0,0,1.0,
2026-07-17 08:00:00,585.82,365.7,15.12,36.95,34.0,21.54,Normal Sales,Normal Sales,0,0,-1.0,0,1.0,
2026-07-17 09:00:00,707.64,420.52,24.24,39.13,36.3,24.99,Normal Sales,Normal Sales,0,0,-1.0,0,1.0,
2026-07-17 10:00:00,767.92,484.5,22.61,43.89,41.16,22.91,Normal Sales,Normal Sales,0,0,-1.0,0,1.0,
2026-07-17 11:00:00,801.04,481.37,25.92,47.36,37.82,24.8,Normal Sales,Normal Sales,0,0,-1.0,0,1.0,
2026-07-17 12:00:00,722.57,419.59,21.31,41.33,35.83,24.56,Normal Sales,Normal Sales,0,0,-1.0,0,1.0,
2026-07-17 13:00:00,845.72,536.46,29.79,46.12,38.41,25.67,Normal Sales,Normal Sales,0,0,-1.0,0,1.0,
2026-07-17 14:00:00,874.03,515.19,24.25,48.62,39.57,24.52,Normal Sales,Normal Sales,0,0,-1.0,0,1.0,
2026-07-17 15:00:00,843.22,544.76,29.04,48.56,38.49,23.18,Normal Sales,Normal Sales,0,0,-1.0,0,1.0,
2026-07-17 16:00:00,835.64,516.51,31.68,47.18,38.61,26.75,Normal Sales,Normal Sales,0,0,-1.0,0,1.0,
2026-07-17 17:00:00,1146.47,745.21,44.51,60.63,42.41,33.88,Normal Sales,Normal Sales,0,0,-1.0,0,1.0,
2026-07-17 18:00:00,1244.18,773.44,45.39,66.06,44.48,31.83,Normal Sales,Normal Sales,0,0,-1.0,0,1.0,
2026-07-17 19:00:00,1231.09,763.99,39.24,59.88,42.21,32.09,Normal Sales,Normal Sales,0,0,-1.0,0,1.0,
2026-07-17 20:00:00,1125.72,702.76,42.32,62.2,39.46,27.01,Normal Sales,Normal Sales,0,0,-1.0,0,1.0,
2026-07-17 21:00:00,894.54,525.39,25.59,48.77,40.62,27.04,Normal Sales,Normal Sales,0,0,-1.0,0,1.0,
2026-07-17 22:00:00,908.59,556.53,31.32,50.04,41.07,26.77,Normal Sales,Normal Sales,0,0,-1.0,0,1.0,
2026-07-17 23:00:00,913.16,519.75,31.58,46.98,40.24,21.16,Normal Sales,Normal Sales,0,0,-1.0,0,1.0,
2026-07-18 00:00:00,527.45,329.53,18.42,44.58,31.7,21.88,Weekend Sales,Weekend Sales,0,0,-1.0,0,1.0,
2026-07-18 01:00:00,541.56,318.8,19.15,36.27,34.96,23.89,Weekend Sales,Weekend Sales,0,0,-1.0,0,1.0,
2026-07-18 02:00:00,531.73,322.65,19.85,40.26,31.27,19.16,Weekend Sales,Weekend Sales,0,0,-1.0,0,1.0,
2026-07-18 03:00:00,545.58,334.96,16.51,38.79,34.62,19.71,Weekend Sales,Weekend Sales,0,0,-1.0,0,1.0,
2026-07-18 04:00:00,529.37,313.8,15.07,35.11,33.15,16.89,Weekend Sales,Weekend Sales,0,0,-1.0,0,1.0,
2026-07-18 05:00:00,516.56,322.47,20.12,35.86,30.29,19.64,Weekend Sales,Weekend Sales,0,0,-1.0,0,1.0,
2026-07-18 06:00:00,740.72,473.05,25.34,38.44,43.98,24.11,Weekend Sales,Weekend Sales,0,0,-1.0,0,1.0,
2026-07-18 07:00:00,765.71,436.21,21.06,43.53,37.69,24.31,Weekend Sales,Weekend Sales,0,0,-1.0,0,1.0,
2026-07-18 08:00:00,771.36,448.6,19.66,44.11,36.05,20.69,Weekend Sales,Weekend Sales,0,0,-1.0,0,1.0,
2026-07-18 09:00:00,1038.14,604.26,34.47,49.97,41.92,28.97,Weekend Sales,Weekend Sales,0,0,-1.0,0,1.0,
2026-07-18 10:00:00,980.02,649.86,39.58,55.68,41.74,30.37,Weekend Sales,Weekend Sales,0,0,-1.0,0,1.0,
2026-07-18 11:00:00,1024.0,645.81,34.47,51.04,38.63,32.91,Weekend Sales,Weekend Sales,0,0,-1.0,0,1.0,
2026-07-18 12:00:00,1012.94,621.88,36.73,52.21,42.39,27.7,Weekend Sales,Weekend Sales,0,0,-1.0,0,1.0,
2026-07-18 13:00:00,1139.77,698.25,36.47,56.48,41.81,29.45,Weekend Sales,Weekend Sales,0,0,-1.0,0,1.0,
2026-07-18 14:00:00,1027.46,605.84,33.59,53.16,41.85,27.06,Weekend Sales,Weekend Sales,0,0,-1.0,0,1.0,
2026-07-18 15:00:00,1254.47,780.94,42.19,63.43,47.37,31.42,Weekend Sales,Weekend Sales,0,0,-1.0,0,1.0,
2026-07-18 16:00:00,1152.29,724.32,39.26,60.09,46.79,30.59,Weekend Sales,Weekend Sales,0,0,-1.0,0,1.0,
2026-07-18 17:00:00,1505.2,925.24,46.66,72.02,52.21,32.45,Weekend Sales,Weekend Sales,0,0,-1.0,0,1.0,
2026-07-18 18:00:00,1595.11,1013.61,57.93,79.57,47.38,38.35,Weekend Sales,Weekend Sales,0,0,-1.0,0,1.0,
2026-07-18 19:00:00,1464.08,882.77,50.19,69.83,50.34,32.21,Weekend Sales,Weekend Sales,0,0,-1.0,0,1.0,
2026-07-18 20:00:00,1699.92,1071.16,60.69,77.1,55.24,38.15,Weekend Sales,Weekend Sales,0,0,-1.0,0,1.0,
2026-07-18 21:00:00,1193.79,755.79,42.73,59.44,48.41,34.52,Weekend Sales,Weekend Sales,0,0,-1.0,0,1.0,
2026-07-18 22:00:00,1268.68,797.34,44.51,60.15,45.79,32.13,Weekend Sales,Weekend Sales,0,0,-1.0,0,1.0,
2026-07-18 23:00:00,1195.96,733.76,35.59,57.84,46.17,33.81,Weekend Sales,Weekend Sales,0,0,-1.0,0,1.0,
2026-07-19 00:00:00,503.11,316.5,19.6,34.97,33.91,19.84,Weekend Sales,Weekend Sales,0,0,-1.0,0,1.0,
2026-07-19 01:00:00,559.44,314.79,15.1,37.34,33.7,19.76,Weekend Sales,Weekend Sales,0,0,-1.0,0,1.0,
2026-07-19 02:00:00,543.22,313.53,14.51,35.2,32.46,19.27,Weekend Sales,Weekend Sales,0,0,-1.0,0,1.0,
2026-07-19 03:00:00,561.52,367.4,21.27,39.58,32.68,19.48,Weekend Sales,Weekend Sales,0,0,-1.0,0,1.0,
2026-07-19 04:00:00,496.41,290.41,15.89,32.15,32.78,18.87,Weekend Sales,Weekend Sales,0,0,-1.0,0,1.0,
2026-07-19 05:00:00,517.53,349.9,14.32,36.93,28.09,21.22,Weekend Sales,Weekend Sales,0,0,-1.0,0,1.0,
2026-07-19 06:00:00,791.75,457.11,22.69,40.66,37.59,22.75,Weekend Sales,Weekend Sales,0,0,-1.0,0,1.0,
2026-07-19 07:00:00,752.06,457.08,23.19,47.41,37.33,21.06,Weekend Sales,Weekend Sales,0,0,-1.0,0,1.0,
2026-07-19 08:00:00,735.97,434.5,26.71,45.22,36.26,26.28,Weekend Sales,Weekend Sales,0,0,-1.0,0,1.0,
2026-07-19 09:00:00,1069.77,657.49,35.34,55.24,40.28,31.91,Weekend Sales,Weekend Sales,0,0,-1.0,0,1.0,
2026-07-19 10:00:00,947.17,608.95,34.87,52.22,43.72,24.11,Weekend Sales,Weekend Sales,0,0,-1.0,0,1.0,
2026-07-19 11:00:00,993.39,603.67,35.12,54.0,37.43,29.57,Weekend Sales,Weekend Sales,0,0,-1.0,0,1.0,
2026-07-19 12:00:00,1021.57,607.49,32.71,50.26,41.03,27.49,Weekend Sales,Weekend Sales,0,0,-1.0,0,1.0,
2026-07-19 13:00:00,1096.05,668.29,33.53,57.68,38.78,28.77,Weekend Sales,Weekend Sales,0,0,-1.0,0,1.0,
2026-07-19 14:00:00,1014.42,630.2,34.65,55.48,42.97,29.85,Weekend Sales,Weekend Sales,0,0,-1.0,0,1.0,
2026-07-19 15:00:00,1024.96,634.02,38.89,55.03,39.76,27.69,Weekend Sales,Weekend Sales,0,0,-1.0,0,1.0,
2026-07-19 16:00:00,1093.31,648.44,37.4,57.39,39.92,28.02,Weekend Sales,Weekend Sales,0,0,-1.0,0,1.0,
2026-07-19 17:00:00,1539.18,914.25,47.45,68.29,50.05,33.94,Weekend Sales,Weekend Sales,0,0,-1.0,0,1.0,
2026-07-19 18:00:00,1508.07,925.21,52.38,72.59,51.64,34.67,Weekend Sales,Weekend Sales,0,0,-1.0,0,1.0,
2026-07-19 19:00:00,1710.97,1069.5,57.84,80.05,50.59,38.13,Weekend Sales,Weekend Sales,0,0,-1.0,0,1.0,
2026-07-19 20:00:00,1618.1,1018.51,55.2,83.61,51.16,34.11,Weekend Sales,Weekend Sales,0,0,-1.0,0,1.0,
2026-07-19 21:00:00,1306.77,825.38,45.86,64.43,47.0,35.87,Weekend Sales,Weekend Sales,0,0,-1.0,0,1.0,
2026-07-19 22:00:00,1244.45,734.81,33.51,61.98,43.18,30.17,Weekend Sales,Weekend Sales,0,0,-1.0,0,1.0,
2026-07-19 23:00:00,1182.19,710.94,37.57,57.76,45.65,30.92,Weekend Sales,Weekend Sales,0,0,-1.0,0,1.0,
2026-07-20 00:00:00,375.33,205.91,12.08,32.9,32.45,15.14,Normal Sales,Normal Sales,0,0,-1.0,0,1.0,
2026-07-20 01:00:00,419.21,215.5,11.45,32.27,26.97,21.57,Normal Sales,Normal Sales,0,0,-1.0,0,1.0,
2026-07-20 02:00:00,425.95,280.26,13.48,33.85,32.82,16.76,Normal Sales,Normal Sales,0,0,-1.0,0,1.0,
2026-07-20 03:00:00,395.85,268.19,11.76,34.07,27.22,16.82,Normal Sales,Normal Sales,0,0,-1.0,0,1.0,
2026-07-20 04:00:00,389.37,254.25,12.58,32.87,29.24,17.3,Normal Sales,Normal Sales,0,0,-1.0,0,1.0,
2026-07-20 05:00:00,424.43,234.39,14.41,31.94,30.06,15.42,Normal Sales,Normal Sales,0,0,-1.0,0,1.0,
2026-07-20 06:00:00,543.92,318.76,17.23,38.2,32.65,19.5,Normal Sales,Normal Sales,0,0,-1.0,0,1.0,
2026-07-20 07:00:00,574.56,368.15,21.54,35.7,33.2,23.66,Normal Sales,Normal Sales,0,0,-1.0,0,1.0,
2026-07-20 08:00:00,539.02,336.05,18.14,36.02,36.34,20.47,Normal Sales,Normal Sales,0,0,-1.0,0,1.0,
2026-07-20 09:00:00,811.53,503.29,28.6,45.7,36.66,25.4,Normal Sales,Normal Sales,0,0,-1.0,0,1.0,
2026-07-20 10:00:00,770.66,492.76,27.85,43.0,35.49,26.02,Normal Sales,Normal Sales,0,0,-1.0,0,1.0,
2026-07-20 11:00:00,680.64,429.31,23.39,44.89,36.4,21.4,Normal Sales,Normal Sales,0,0,-1.0,0,1.0,
2026-07-20 12:00:00,727.76,438.14,25.26,37.78,36.69,21.19,Normal Sales,Normal Sales,0,0,-1.0,0,1.0,
2026-07-20 13:00:00,851.33,536.44,26.18,48.38,38.78,25.59,Normal Sales,Normal Sales,0,0,-1.0,0,1.0,
2026-07-20 14:00:00,838.14,489.12,24.76,43.27,39.36,24.0,Normal Sales,Normal Sales,0,0,-1.0,0,1.0,
2026-07-20 15:00:00,841.11,478.85,26.27,47.86,34.62,22.9,Normal Sales,Normal Sales,0,0,-1.0,0,1.0,
2026-07-20 16:00:00,777.07,471.28,24.12,46.38,37.55,26.36,Normal Sales,Normal Sales,0,0,-1.0,0,1.0,
2026-07-20 17:00:00,1195.12,749.43,40.1,58.53,45.99,33.22,Normal Sales,Normal Sales,0,0,-1.0,0,1.0,
2026-07-20 18:00:00,1240.64,772.48,40.54,65.54,46.25,35.36,Normal Sales,Normal Sales,0,0,-1.0,0,1.0,
2026-07-20 19:00:00,1129.19,721.66,40.79,58.65,45.92,30.85,Normal Sales,Normal Sales,0,0,-1.0,0,1.0,
2026-07-20 20:00:00,1142.22,705.22,36.89,57.7,44.83,31.61,Normal Sales,Normal Sales,0,0,-1.0,0,1.0,
2026-07-20 21:00:00,942.36,565.51,31.87,52.8,36.08,26.37,Normal Sales,Normal Sales,0,0,-1.0,0,1.0,
2026-07-20 22:00:00,923.19,596.22,33.56,53.43,38.73,26.91,Normal Sales,Normal Sales,0,0,-1.0,0,1.0,
2026-07-20 23:00:00,976.03,603.52,33.54,49.13,40.46,23.06,Normal Sales,Normal Sales,0,0,-1.0,0,1.0,
2026-07-21 00:00:00,389.34,242.98,14.9,29.55,31.37,21.01,Normal Sales,Normal Sales,0,0,-1.0,0,1.0,
2026-07-21 01:00:00,386.85,201.17,11.64,27.17,28.94,18.88,Normal Sales,Normal Sales,0,0,-1.0,0,1.0,
2026-07-21 02:00:00,437.15,246.02,12.06,31.47,30.34,22.02,Normal Sales,Normal Sales,0,0,-1.0,0,1.0,
2026-07-21 03:00:00,389.05,231.52,15.97,32.97,32.59,15.98,Normal Sales,Normal Sales,0,0,-1.0,0,1.0,
2026-07-21 04:00:00,389.06,215.22,13.44,33.86,29.41,16.65,Normal Sales,Normal Sales,0,0,-1.0,0,1.0,
2026-07-21 05:00:00,393.25,205.13,9.93,32.31,28.93,17.31,Normal Sales,Normal Sales,0,0,-1.0,0,1.0,
2026-07-21 06:00:00,539.52,330.9,17.07,34.15,34.75,21.97,Normal Sales,Normal Sales,0,0,-1.0,0,1.0,
2026-07-21 07:00:00,549.29,335.15,18.52,32.94,30.54,22.95,Normal Sales,Normal Sales,0,0,-1.0,0,1.0,
2026-07-21 08:00:00,546.53,370.3,17.68,40.68,32.67,20.92,Normal Sales,Normal Sales,0,0,-1.0,0,1.0,
2026-07-21 09:00:00,824.94,480.11,27.6,47.59,44.73,21.85,Normal Sales,Normal Sales,0,0,-1.0,0,1.0,
2026-07-21 10:00:00,731.27,473.78,25.66,44.01,38.35,23.31,Normal Sales,Normal Sales,0,0,-1.0,0,1.0,
2026-07-21 11:00:00,721.23,465.32,26.34,43.93,35.54,21.8,Normal Sales,Normal Sales,0,0,-1.0,0,1.0,
2026-07-21 12:00:00,782.26,476.0,24.64,42.46,38.08,22.88,Normal Sales,Normal Sales,0,0,-1.0,0,1.0,
2026-07-21 13:00:00,758.8,440.37,23.75,43.37,36.41,22.24,Normal Sales,Normal Sales,0,0,-1.0,0,1.0,
2026-07-21 14:00:00,781.44,462.63,27.81,47.66,38.44,24.54,Normal Sales,Normal Sales,0,0,-1.0,0,1.0,
2026-07-21 15:00:00,881.87,518.74,28.6,45.6,36.79,25.7,Normal Sales,Normal Sales,0,0,-1.0,0,1.0,
2026-07-21 16:00:00,883.64,543.01,33.16,50.03,37.47,23.4,Normal Sales,Normal Sales,0,0,-1.0,0,1.0,
2026-07-21 17:00:00,1259.98,784.4,44.49,56.73,45.91,30.59,Normal Sales,Normal Sales,0,0,-1.0,0,1.0,
2026-07-21 18:00:00,1115.4,689.98,40.13,63.64,43.45,27.83,Normal Sales,Normal Sales,0,0,-1.0,0,1.0,
2026-07-21 19:00:00,1152.82,738.83,38.64,62.03,44.19,30.84,Normal Sales,Normal Sales,0,0,-1.0,0,1.0,
2026-07-21 20:00:00,1104.94,676.14,34.27,55.8,44.62,31.37,Normal Sales,Normal Sales,0,0,-1.0,0,1.0,
2026-07-21 21:00:00,942.49,570.09,34.53,49.73,37.75,27.65,Normal Sales,Normal Sales,0,0,-1.0,0,1.0,
2026-07-21 22:00:00,953.86,577.83,31.98,52.74,40.62,27.36,Normal Sales,Normal Sales,0,0,-1.0,0,1.0,
2026-07-21 23:00:00,908.94,576.7,31.75,50.04,38.96,26.22,Normal Sales,Normal Sales,0,0,-1.0,0,1.0,
2026-07-22 00:00:00,370.95,214.07,11.9,27.22,29.07,22.12,Normal Sales,Normal Sales,0,0,-1.0,0,1.0,
2026-07-22 01:00:00,377.27,224.31,10.67,30.82,28.78,17.12,Normal Sales,Normal Sales,0,0,-1.0,0,1.0,
2026-07-22 02:00:00,385.48,265.38,14.76,30.52,32.23,16.72,Normal Sales,Normal Sales,0,0,-1.0,0,1.0,
2026-07-22 03:00:00,368.58,228.44,16.38,26.66,27.6,19.22,Normal Sales,Normal Sales,0,0,-1.0,0,1.0,
2026-07-22 04:00:00,387.01,255.24,12.36,32.94,34.07,15.99,Normal Sales,Normal Sales,0,0,-1.0,0,1.0,
2026-07-22 05:00:00,420.31,277.59,12.29,35.25,31.29,19.12,Normal Sales,Normal Sales,0,0,-1.0,0,1.0,
2026-07-22 06:00:00,587.27,355.35,19.68,39.29,35.48,17.83,Normal Sales,Normal Sales,0,0,-1.0,0,1.0,
2026-07-22 07:00:00,614.83,352.31,20.9,38.97,31.89,21.86,Normal Sales,Normal Sales,0,0,-1.0,0,1.0,
2026-07-22 08:00:00,550.25,367.88,18.81,35.22,36.42,21.56,Normal Sales,Normal Sales,0,0,-1.0,0,1.0,
2026-07-22 09:00:00,788.01,467.28,21.92,49.52,37.38,24.66,Normal Sales,Normal Sales,0,0,-1.0,0,1.0,
2026-07-22 10:00:00,780.06,475.25,26.59,49.61,37.2,25.77,Normal Sales,Normal Sales,0,0,-1.0,0,1.0,
2026-07-22 11:00:00,680.07,449.74,21.69,46.2,36.34,23.05,Normal Sales,Normal Sales,0,0,-1.0,0,1.0,
2026-07-22 12:00:00,751.5,459.61,23.64,44.18,41.19,26.09,Normal Sales,Normal Sales,0,0,-1.0,0,1.0,
2026-07-22 13:00:00,807.36,507.25,28.09,46.93,35.72,25.57,Normal Sales,Normal Sales,0,0,-1.0,0,1.0,
2026-07-22 14:00:00,879.83,524.65,32.77,52.45,40.05,22.65,Normal Sales,Normal Sales,0,0,-1.0,0,1.0,
2026-07-22 15:00:00,861.06,540.91,30.78,53.21,38.29,29.62,Normal Sales,Normal Sales,0,0,-1.0,0,1.0,
2026-07-22 16:00:00,861.28,526.73,33.77,50.67,37.73,25.34,Normal Sales,Normal Sales,0,0,-1.0,0,1.0,
2026-07-22 17:00:00,1237.64,763.56,42.26,60.22,41.67,31.3,Normal Sales,Normal Sales,0,0,-1.0,0,1.0,
2026-07-22 18:00:00,1207.94,762.1,40.76,58.61,42.6,33.16,Normal Sales,Normal Sales,0,0,-1.0,0,1.0,
2026-07-22 19:00:00,1159.56,707.87,38.31,57.58,42.33,27.95,Normal Sales,Normal Sales,0,0,-1.0,0,1.0,
2026-07-22 20:00:00,1283.55,812.8,47.2,68.47,41.12,33.01,Normal Sales,Normal Sales,0,0,-1.0,0,1.0,
2026-07-22 21:00:00,905.63,589.41,30.93,49.13,36.53,26.13,Normal Sales,Normal Sales,0,0,-1.0,0,1.0,
2026-07-22 22:00:00,975.66,611.31,31.22,58.7,41.89,28.84,Normal Sales,Normal Sales,0,0,-1.0,0,1.0,
2026-07-22 23:00:00,992.92,574.61,29.78,53.86,39.26,25.82,Normal Sales,Normal Sales,0,0,-1.0,0,1.0,
2026-07-23 00:00:00,398.49,215.13,11.11,33.15,32.23,19.6,Normal Sales,Normal Sales,0,0,-1.0,0,1.0,
2026-07-23 01:00:00,420.24,270.7,15.54,34.18,29.89,16.71,Normal Sales,Normal Sales,0,0,-1.0,0,1.0,
2026-07-23 02:00:00,386.25,231.32,11.41,32.53,30.97,18.4,Normal Sales,Normal Sales,0,0,-1.0,0,1.0,
2026-07-23 03:00:00,407.07,282.28,15.51,36.48,31.95,21.32,Normal Sales,Normal Sales,0,0,-1.0,0,1.0,
2026-07-23 04:00:00,432.34,282.47,15.74,34.41,30.41,18.05,Normal Sales,Normal Sales,0,0,-1.0,0,1.0,
2026-07-23 05:00:00,418.09,235.12,16.16,31.55,36.83,16.49,Normal Sales,Normal Sales,0,0,-1.0,0,1.0,
2026-07-23 06:00:00,585.07,353.95,17.88,41.27,31.74,19.5,Normal Sales,Normal Sales,0,0,-1.0,0,1.0,
2026-07-23 07:00:00,594.78,387.39,18.52,41.64,34.37,19.85,Normal Sales,Normal Sales,0,0,-1.0,0,1.0,
2026-07-23 08:00:00,555.05,293.29,19.57,38.18,30.86,20.93,Normal Sales,Normal Sales,0,0,-1.0,0,1.0,
2026-07-23 09:00:00,733.95,477.92,25.29,44.47,35.9,22.63,Normal Sales,Normal Sales,0,0,-1.0,0,1.0,
2026-07-23 10:00:00,808.51,523.74,29.03,50.6,34.49,22.64,Normal Sales,Normal Sales,0,0,-1.0,0,1.0,
2026-07-23 11:00:00,773.57,498.0,27.95,41.89,35.03,25.28,Normal Sales,Normal Sales,0,0,-1.0,0,1.0,
2026-07-23 12:00:00,847.32,555.78,33.72,50.64,39.07,23.83,Normal Sales,Normal Sales,0,0,-1.0,0,1.0,
2026-07-23 13:00:00,884.73,546.7,31.45,49.76,39.6,25.49,Normal Sales,Normal Sales,0,0,-1.0,0,1.0,
2026-07-23 14:00:00,854.02,554.5,27.96,46.05,39.37,28.74,Normal Sales,Normal Sales,0,0,-1.0,0,1.0,
2026-07-23 15:00:00,916.02,537.32,28.75,45.81,38.47,27.68,Normal Sales,Normal Sales,0,0,-1.0,0,1.0,
2026-07-23 16:00:00,843.99,513.93,29.36,45.89,41.53,24.86,Normal Sales,Normal Sales,0,0,-1.0,0,1.0,
2026-07-23 17:00:00,1176.02,743.8,42.79,64.87,43.57,32.77,Normal Sales,Normal Sales,0,0,-1.0,0,1.0,
2026-07-23 18:00:00,1206.2,732.56,38.74,57.87,43.02,32.55,Normal Sales,Normal Sales,0,0,-1.0,0,1.0,
2026-07-23 19:00:00,1242.54,739.34,37.17,58.43,43.57,29.88,Normal Sales,Normal Sales,0,0,-1.0,0,1.0,
2026-07-23 20:00:00,1270.51,774.02,45.93,58.79,44.9,32.92,Normal Sales,Normal Sales,0,0,-1.0,0,1.0,
2026-07-23 21:00:00,972.98,594.85,34.72,54.58,39.18,27.5,Normal Sales,Normal Sales,0,0,-1.0,0,1.0,
2026-07-23 22:00:00,966.27,583.83,35.5,49.91,40.71,24.1,Normal Sales,Normal Sales,0,0,-1.0,0,1.0,
2026-07-23 23:00:00,938.26,555.04,29.94,46.52,41.55,26.59,Normal Sales,Normal Sales,0,0,-1.0,0,1.0,
2026-07-24 00:00:00,422.0,252.95,16.18,32.86,31.4,22.55,Normal Sales,Normal Sales,0,0,-1.0,0,1.0,
2026-07-24 01:00:00,390.54,272.82,15.96,31.97,28.01,16.75,Normal Sales,Normal Sales,0,0,-1.0,0,1.0,
2026-07-24 02:00:00,422.87,305.54,16.99,35.49,32.74,19.79,Normal Sales,Normal Sales,0,0,-1.0,0,1.0,
2026-07-24 03:00:00,422.25,269.08,15.07,31.74,29.29,12.41,Normal Sales,Normal Sales,0,0,-1.0,0,1.0,
2026-07-24 04:00:00,424.94,259.8,13.49,28.21,29.94,16.95,Normal Sales,Normal Sales,0,0,-1.0,0,1.0,
2026-07-24 05:00:00,384.34,246.61,13.81,28.77,27.94,15.57,Normal Sales,Normal Sales,0,0,-1.0,0,1.0,
2026-07-24 06:00:00,630.46,428.2,21.85,37.37,34.97,22.8,Normal Sales,Normal Sales,0,0,-1.0,0,1.0,
2026-07-24 07:00:00,587.29,382.65,21.95,37.13,34.57,23.27,Normal Sales,Normal Sales,0,0,-1.0,0,1.0,
2026-07-24 08:00:00,557.2,352.96,18.31,43.33,30.82,23.14,Normal Sales,Normal Sales,0,0,-1.0,0,1.0,
2026-07-24 09:00:00,692.85,474.4,23.81,45.36,32.52,21.16,Normal Sales,Normal Sales,0,0,-1.0,0,1.0,
2026-07-24 10:00:00,789.95,515.47,28.83,49.37,39.52,23.52,Normal Sales,Normal Sales,0,0,-1.0,0,1.0,
2026-07-24 11:00:00,703.13,435.6,22.8,44.2,37.05,21.53,Normal Sales,Normal Sales,0,0,-1.0,0,1.0,
2026-07-24 12:00:00,782.63,501.58,29.03,45.81,38.86,25.58,Normal Sales,Normal Sales,0,0,-1.0,0,1.0,
2026-07-24 13:00:00,872.0,582.58,32.7,49.67,36.6,28.82,Normal Sales,Normal Sales,0,0,-1.0,0,1.0,
2026-07-24 14:00:00,860.05,574.98,27.56,53.03,38.1,25.67,Normal Sales,Normal Sales,0,0,-1.0,0,1.0,
2026-07-24 15:00:00,812.64,526.33,30.18,45.33,38.14,26.57,Normal Sales,Normal Sales,0,0,-1.0,0,1.0,
2026-07-24 16:00:00,852.47,556.23,30.01,44.21,38.87,26.27,Normal Sales,Normal Sales,0,0,-1.0,0,1.0,
2026-07-24 17:00:00,1219.41,783.71,39.2,62.43,42.88,29.18,Normal Sales,Normal Sales,0,0,-1.0,0,1.0,
2026-07-24 18:00:00,1196.38,759.3,42.36,60.02,44.05,32.84,Normal Sales,Normal Sales,0,0,-1.0,0,1.0,
2026-07-24 19:00:00,1241.74,756.06,40.35,57.67,44.25,27.43,Normal Sales,Normal Sales,0,0,-1.0,0,1.0,
2026-07-24 20:00:00,1324.82,800.01,46.22,69.14,46.95,31.8,Normal Sales,Normal Sales,0,0,-1.0,0,1.0,
2026-07-24 21:00:00,872.15,528.12,32.25,49.62,38.88,27.83,Normal Sales,Normal Sales,0,0,-1.0,0,1.0,
2026-07-24 22:00:00,966.41,595.48,33.18,50.61,39.31,26.47,Normal Sales,Normal Sales,0,0,-1.0,0,1.0,
2026-07-24 23:00:00,959.93,563.97,31.17,50.08,38.52,25.33,Normal Sales,Normal Sales,0,0,-1.0,0,1.0,
2026-07-25 00:00:00,468.11,271.29,12.72,33.25,27.4,19.16,Weekend Sales,Weekend Sales,0,0,-1.0,0,1.0,
2026-07-25 01:00:00,553.66,340.34,19.72,36.46,30.3,20.51,Weekend Sales,Weekend Sales,0,0,-1.0,0,1.0,
2026-07-25 02:00:00,547.6,306.4,15.92,35.55,39.01,20.11,Weekend Sales,Weekend Sales,0,0,-1.0,0,1.0,
2026-07-25 03:00:00,479.12,243.23,14.84,38.99,31.58,17.4,Weekend Sales,Weekend Sales,0,0,-1.0,0,1.0,
2026-07-25 04:00:00,540.99,315.45,12.26,39.12,31.97,21.99,Weekend Sales,Weekend Sales,0,0,-1.0,0,1.0,
2026-07-25 05:00:00,509.43,318.89,19.25,39.1,33.13,20.34,Weekend Sales,Weekend Sales,0,0,-1.0,0,1.0,
2026-07-25 06:00:00,788.65,500.57,24.95,43.65,33.19,26.05,Weekend Sales,Weekend Sales,0,0,-1.0,0,1.0,
2026-07-25 07:00:00,749.81,485.39,27.5,43.33,36.51,23.23,Weekend Sales,Weekend Sales,0,0,-1.0,0,1.0,
2026-07-25 08:00:00,741.65,482.7,31.57,48.45,36.55,26.59,Weekend Sales,Weekend Sales,0,0,-1.0,0,1.0,
2026-07-25 09:00:00,1085.99,638.5,37.57,57.34,44.84,29.59,Weekend Sales,Weekend Sales,0,0,-1.0,0,1.0,
2026-07-25 10:00:00,988.93,663.96,37.2,54.7,41.82,30.54,Weekend Sales,Weekend Sales,0,0,-1.0,0,1.0,
2026-07-25 11:00:00,1005.06,632.96,34.99,52.87,39.44,25.02,Weekend Sales,Weekend Sales,0,0,-1.0,0,1.0,
2026-07-25 12:00:00,1076.24,661.68,29.54,57.38,43.05,24.81,Weekend Sales,Weekend Sales,0,0,-1.0,0,1.0,
2026-07-25 13:00:00,1071.47,642.4,33.85,58.51,41.92,27.21,Weekend Sales,Weekend Sales,0,0,-1.0,0,1.0,
2026-07-25 14:00:00,1180.74,744.44,37.46,59.4,44.72,28.74,Weekend Sales,Weekend Sales,0,0,-1.0,0,1.0,
2026-07-25 15:00:00,1231.45,766.32,40.64,59.53,46.79,29.86,Weekend Sales,Weekend Sales,0,0,-1.0,0,1.0,
2026-07-25 16:00:00,1139.24,677.54,37.41,56.01,42.74,27.35,Weekend Sales,Weekend Sales,0,0,-1.0,0,1.0,
2026-07-25 17:00:00,1670.21,1023.26,55.99,77.17,55.62,39.36,Weekend Sales,Weekend Sales,0,0,-1.0,0,1.0,
2026-07-25 18:00:00,1651.55,984.51,52.84,78.49,49.73,36.78,Weekend Sales,Weekend Sales,0,0,-1.0,0,1.0,
2026-07-25 19:00:00,1504.12,908.43,53.33,72.71,51.54,36.28,Weekend Sales,Weekend Sales,0,0,-1.0,0,1.0,
2026-07-25 20:00:00,1577.67,960.87,52.04,73.38,54.37,33.35,Weekend Sales,Weekend Sales,0,0,-1.0,0,1.0,
2026-07-25 21:00:00,1201.48,722.09,41.83,64.74,45.04,30.83,Weekend Sales,Weekend Sales,0,0,-1.0,0,1.0,
2026-07-25 22:00:00,1241.33,780.56,44.48,64.12,46.1,33.06,Weekend Sales,Weekend Sales,0,0,-1.0,0,1.0,
2026-07-25 23:00:00,1125.82,698.06,39.0,59.46,42.8,29.77,Weekend Sales,Weekend Sales,0,0,-1.0,0,1.0,
2026-07-26 00:00:00,510.77,272.31,16.94,31.5,32.36,17.31,Weekend Sales,Weekend Sales,0,0,-1.0,0,1.0,
2026-07-26 01:00:00,571.88,352.58,18.77,40.31,38.03,21.63,Weekend Sales,Weekend Sales,0,0,-1.0,0,1.0,
2026-07-26 02:00:00,519.84,339.72,15.54,37.56,36.83,20.81,Weekend Sales,Weekend Sales,0,0,-1.0,0,1.0,
2026-07-26 03:00:00,532.7,330.79,17.4,37.93,34.61,19.61,Weekend Sales,Weekend Sales,0,0,-1.0,0,1.0,
2026-07-26 04:00:00,463.86,299.23,20.72,34.24,28.94,20.84,Weekend Sales,Weekend Sales,0,0,-1.0,0,1.0,
2026-07-26 05:00:00,576.04,370.38,23.82,41.26,35.21,20.22,Weekend Sales,Weekend Sales,0,0,-1.0,0,1.0,
2026-07-26 06:00:00,776.25,480.54,26.3,45.2,37.65,21.42,Weekend Sales,Weekend Sales,0,0,-1.0,0,1.0,
2026-07-26 07:00:00,796.39,471.82,25.45,46.43,35.68,19.86,Weekend Sales,Weekend Sales,0,0,-1.0,0,1.0,
2026-07-26 08:00:00,750.67,429.64,25.05,40.46,39.73,22.73,Weekend Sales,Weekend Sales,0,0,-1.0,0,1.0,
2026-07-26 09:00:00,1003.77,572.82,31.79,51.61,38.47,26.5,Weekend Sales,Weekend Sales,0,0,-1.0,0,1.0,
2026-07-26 10:00:00,980.9,602.74,33.2,51.79,41.17,26.9,Weekend Sales,Weekend Sales,0,0,-1.0,0,1.0,
2026-07-26 11:00:00,1024.47,621.95,32.08,52.41,44.3,29.46,Weekend Sales,Weekend Sales,0,0,-1.0,0,1.0,
2026-07-26 12:00:00,1061.53,690.22,37.03,58.29,42.2,30.57,Weekend Sales,Weekend Sales,0,0,-1.0,0,1.0,
2026-07-26 13:00:00,1102.38,685.8,37.86,59.01,44.05,29.33,Weekend Sales,Weekend Sales,0,0,-1.0,0,1.0,
2026-07-26 14:00:00,1125.49,703.45,41.98,54.33,41.19,30.93,Weekend Sales,Weekend Sales,0,0,-1.0,0,1.0,
2026-07-26 15:00:00,1133.64,709.43,40.35,59.53,42.15,30.99,Weekend Sales,Weekend Sales,0,0,-1.0,0,1.0,
2026-07-26 16:00:00,1119.72,683.04,38.95,59.32,43.46,32.51,Weekend Sales,Weekend Sales,0,0,-1.0,0,1.0,
2026-07-26 17:00:00,1694.97,1075.93,64.31,79.61,51.88,40.62,Weekend Sales,Weekend Sales,0,0,-1.0,0,1.0,
2026-07-26 18:00:00,1569.44,973.35,51.56,75.87,47.74,36.14,Weekend Sales,Weekend Sales,0,0,-1.0,0,1.0,
2026-07-26 19:00:00,1588.3,973.85,50.05,70.12,49.51,37.42,Weekend Sales,Weekend Sales,0,0,-1.0,0,1.0,
2026-07-26 20:00:00,1612.48,999.33,53.19,76.72,47.81,32.19,Weekend Sales,Weekend Sales,0,0,-1.0,0,1.0,
2026-07-26 21:00:00,1221.27,743.54,42.92,61.62,48.06,29.49,Weekend Sales,Weekend Sales,0,0,-1.0,0,1.0,
2026-07-26 22:00:00,1266.38,778.85,45.6,62.67,47.24,29.32,Weekend Sales,Weekend Sales,0,0,-1.0,0,1.0,
2026-07-26 23:00:00,1210.63,748.49,43.69,55.87,43.92,29.98,Weekend Sales,Weekend Sales,0,0,-1.0,0,1.0,
2026-07-27 00:00:00,359.21,211.11,8.53,24.55,29.58,16.69,Normal Sales,Normal Sales,0,0,-1.0,0,1.0,
2026-07-27 01:00:00,395.92,251.79,12.09,36.98,30.66,20.87,Normal Sales,Normal Sales,0,0,-1.0,0,1.0,
2026-07-27 02:00:00,367.16,206.78,12.75,29.68,28.1,13.49,Normal Sales,Normal Sales,0,0,-1.0,0,1.0,
2026-07-27 03:00:00,415.53,273.92,15.55,32.41,28.84,18.74,Normal Sales,Normal Sales,0,0,-1.0,0,1.0,
2026-07-27 04:00:00,374.47,213.38,14.26,25.97,31.72,20.32,Normal Sales,Normal Sales,0,0,-1.0,0,1.0,
2026-07-27 05:00:00,417.19,268.61,13.85,31.81,26.6,18.79,Normal Sales,Normal Sales,0,0,-1.0,0,1.0,
2026-07-27 06:00:00,567.34,334.3,18.35,37.74,32.37,23.58,Normal Sales,Normal Sales,0,0,-1.0,0,1.0,
2026-07-27 07:00:00,600.13,394.49,21.49,41.83,32.41,23.19,Normal Sales,Normal Sales,0,0,-1.0,0,1.0,
2026-07-27 08:00:00,573.06,329.75,18.09,36.69,38.39,21.11,Normal Sales,Normal Sales,0,0,-1.0,0,1.0,
2026-07-27 09:00:00,816.93,534.78,29.49,47.49,34.41,23.63,Normal Sales,Normal Sales,0,0,-1.0,0,1.0,
2026-07-27 10:00:00,782.22,477.42,27.01,40.67,38.2,26.13,Normal Sales,Normal Sales,0,0,-1.0,0,1.0,
2026-07-27 11:00:00,689.9,437.03,26.72,47.39,34.72,24.49,Normal Sales,Normal Sales,0,0,-1.0,0,1.0,
2026-07-27 12:00:00,811.26,513.01,30.79,47.49,38.58,23.58,Normal Sales,Normal Sales,0,0,-1.0,0,1.0,
2026-07-27 13:00:00,839.24,531.17,27.82,48.06,39.79,29.38,Normal Sales,Normal Sales,0,0,-1.0,0,1.0,
2026-07-27 14:00:00,759.49,520.3,28.1,49.9,39.23,28.14,Normal Sales,Normal Sales,0,0,-1.0,0,1.0,
2026-07-27 15:00:00,815.4,499.92,27.39,46.13,40.5,24.34,Normal Sales,Normal Sales,0,0,-1.0,0,1.0,
2026-07-27 16:00:00,777.72,466.36,22.49,44.64,38.57,22.35,Normal Sales,Normal Sales,0,0,-1.0,0,1.0,
2026-07-27 17:00:00,1178.27,723.66,40.08,61.28,45.65,34.6,Normal Sales,Normal Sales,0,0,-1.0,0,1.0,
2026-07-27 18:00:00,1209.92,768.55,39.1,61.32,44.03,29.18,Normal Sales,Normal Sales,0,0,-1.0,0,1.0,
2026-07-27 19:00:00,1170.27,722.88,38.75,66.4,44.92,34.07,Normal Sales,Normal Sales,0,0,-1.0,0,1.0,
2026-07-27 20:00:00,1292.24,785.21,43.26,62.59,45.64,29.68,Normal Sales,Normal Sales,0,0,-1.0,0,1.0,
2026-07-27 21:00:00,914.63,576.06,32.35,51.87,39.43,28.12,Normal Sales,Normal Sales,0,0,-1.0,0,1.0,
2026-07-27 22:00:00,923.26,607.21,29.7,54.35,40.67,25.83,Normal Sales,Normal Sales,0,0,-1.0,0,1.0,
2026-07-27 23:00:00,918.66,581.19,33.8,47.13,40.87,25.61,Normal Sales,Normal Sales,0,0,-1.0,0,1.0,
2026-07-28 00:00:00,423.59,216.65,16.81,28.92,34.06,17.28,Normal Sales,Normal Sales,0,0,-1.0,0,1.0,
2026-07-28 01:00:00,384.61,245.09,15.54,28.22,31.94,18.1,Normal Sales,Normal Sales,0,0,-1.0,0,1.0,
2026-07-28 02:00:00,412.6,256.09,12.94,30.04,32.36,19.74,Normal Sales,Normal Sales,0,0,-1.0,0,1.0,
2026-07-28 03:00:00,414.31,267.56,16.61,36.87,27.29,14.01,Normal Sales,Normal Sales,0,0,-1.0,0,1.0,
2026-07-28 04:00:00,435.48,236.47,10.83,31.41,28.1,17.15,Normal Sales,Normal Sales,0,0,-1.0,0,1.0,
2026-07-28 05:00:00,382.02,231.02,13.27,30.59,29.71,18.29,Normal Sales,Normal Sales,0,0,-1.0,0,1.0,
2026-07-28 06:00:00,609.51,417.97,22.55,46.25,36.12,19.99,Normal Sales,Normal Sales,0,0,-1.0,0,1.0,
2026-07-28 07:00:00,542.74,322.06,20.6,35.58,29.44,19.59,Normal Sales,Normal Sales,0,0,-1.0,0,1.0,
2026-07-28 08:00:00,521.9,297.2,15.17,35.92,34.92,20.82,Normal Sales,Normal Sales,0,0,-1.0,0,1.0,
2026-07-28 09:00:00,712.83,432.66,23.95,42.52,35.58,19.37,Normal Sales,Normal Sales,0,0,-1.0,0,1.0,
2026-07-28 10:00:00,713.84,432.51,17.6,44.78,33.39,24.19,Normal Sales,Normal Sales,0,0,-1.0,0,1.0,
2026-07-28 11:00:00,780.19,470.12,27.86,47.25,36.65,22.91,Normal Sales,Normal Sales,0,0,-1.0,0,1.0,
2026-07-28 12:00:00,799.06,501.22,29.66,40.97,37.78,21.38,Normal Sales,Normal Sales,0,0,-1.0,0,1.0,
2026-07-28 13:00:00,845.53,542.07,33.29,46.81,37.32,25.36,Normal Sales,Normal Sales,0,0,-1.0,0,1.0,
2026-07-28 14:00:00,805.37,523.79,28.67,48.32,38.93,24.95,Normal Sales,Normal Sales,0,0,-1.0,0,1.0,
2026-07-28 15:00:00,812.01,501.87,25.89,47.35,39.8,22.2,Normal Sales,Normal Sales,0,0,-1.0,0,1.0,
2026-07-28 16:00:00,781.75,485.92,25.19,46.2,37.93,19.86,Normal Sales,Normal Sales,0,0,-1.0,0,1.0,
2026-07-28 17:00:00,1244.59,742.4,40.79,59.72,44.05,33.95,Normal Sales,Normal Sales,0,0,-1.0,0,1.0,
2026-07-28 18:00:00,1222.3,780.44,43.23,64.45,45.61,32.02,Normal Sales,Normal Sales,0,0,-1.0,0,1.0,
2026-07-28 19:00:00,1269.69,791.12,48.08,66.16,43.31,31.42,Normal Sales,Normal Sales,0,0,-1.0,0,1.0,
2026-07-28 20:00:00,1226.98,761.84,43.27,64.09,42.14,33.61,Normal Sales,Normal Sales,0,0,-1.0,0,1.0,
2026-07-28 21:00:00,912.49,550.85,29.1,52.11,38.98,24.44,Normal Sales,Normal Sales,0,0,-1.0,0,1.0,
2026-07-28 22:00:00,915.9,522.99,27.08,45.76,39.03,26.4,Normal Sales,Normal Sales,0,0,-1.0,0,1.0,
2026-07-28 23:00:00,961.65,627.64,36.59,52.62,40.39,27.63,Normal Sales,Normal Sales,0,0,-1.0,0,1.0,
2026-07-29 00:00:00,358.07,191.57,10.2,29.05,31.11,17.72,Normal Sales,Normal Sales,0,0,-1.0,0,1.0,
2026-07-29 01:00:00,365.7,239.7,13.54,33.27,32.35,17.71,Normal Sales,Normal Sales,0,0,-1.0,0,1.0,
2026-07-29 02:00:00,426.22,242.02,11.42,33.37,30.51,18.57,Normal Sales,Normal Sales,0,0,-1.0,0,1.0,
2026-07-29 03:00:00,441.21,283.39,16.01,32.11,28.1,18.94,Normal Sales,Normal Sales,0,0,-1.0,0,1.0,
2026-07-29 04:00:00,422.63,253.96,14.77,36.38,33.99,19.21,Normal Sales,Normal Sales,0,0,-1.0,0,1.0,
2026-07-29 05:00:00,404.64,212.91,10.45,30.12,29.17,17.82,Normal Sales,Normal Sales,0,0,-1.0,0,1.0,
2026-07-29 06:00:00,634.95,431.61,24.23,44.45,33.34,25.72,Normal Sales,Normal Sales,0,0,-1.0,0,1.0,
2026-07-29 07:00:00,534.29,354.08,20.47,36.32,32.67,18.58,Normal Sales,Normal Sales,0,0,-1.0,0,1.0,
2026-07-29 08:00:00,547.92,299.93,18.03,38.89,28.99,23.17,Normal Sales,Normal Sales,0,0,-1.0,0,1.0,
2026-07-29 09:00:00,757.42,476.85,23.28,48.82,37.28,26.2,Normal Sales,Normal Sales,0,0,-1.0,0,1.0,
2026-07-29 10:00:00,804.14,531.94,27.96,47.85,36.45,27.09,Normal Sales,Normal Sales,0,0,-1.0,0,1.0,
2026-07-29 11:00:00,770.49,504.43,29.97,42.55,39.8,26.51,Normal Sales,Normal Sales,0,0,-1.0,0,1.0,
2026-07-29 12:00:00,743.88,469.95,25.6,46.64,35.9,24.71,Normal Sales,Normal Sales,0,0,-1.0,0,1.0,
2026-07-29 13:00:00,849.89,516.12,28.77,54.79,37.08,24.4,Normal Sales,Normal Sales,0,0,-1.0,0,1.0,
2026-07-29 14:00:00,818.74,493.54,28.78,48.55,37.91,26.39,Normal Sales,Normal Sales,0,0,-1.0,0,1.0,
2026-07-29 15:00:00,880.64,541.94,26.74,51.51,39.31,25.59,Normal Sales,Normal Sales,0,0,-1.0,0,1.0,
2026-07-29 16:00:00,827.3,531.54,29.93,47.95,35.61,27.42,Normal Sales,Normal Sales,0,0,-1.0,0,1.0,
2026-07-29 17:00:00,1240.09,775.24,37.32,62.71,44.6,30.14,Normal Sales,Normal Sales,0,0,-1.0,0,1.0,
2026-07-29 18:00:00,1249.08,792.3,44.45,66.24,43.19,30.9,Normal Sales,Normal Sales,0,0,-1.0,0,1.0,
2026-07-29 19:00:00,1208.18,733.52,41.8,59.37,47.14,28.48,Normal Sales,Normal Sales,0,0,-1.0,0,1.0,
2026-07-29 20:00:00,1331.99,876.57,48.02,70.97,45.84,35.94,Normal Sales,Normal Sales,0,0,-1.0,0,1.0,
2026-07-29 21:00:00,927.96,543.2,22.81,49.2,40.33,28.24,Normal Sales,Normal Sales,0,0,-1.0,0,1.0,
2026-07-29 22:00:00,937.91,606.58,32.45,51.96,42.05,22.24,Normal Sales,Normal Sales,0,0,-1.0,0,1.0,
2026-07-29 23:00:00,936.81,570.82,34.12,49.86,40.96,28.11,Normal Sales,Normal Sales,0,0,-1.0,0,1.0,
2026-07-30 00:00:00,371.47,226.82,11.61,33.54,31.67,17.2,Normal Sales,Normal Sales,0,0,-1.0,0,1.0,
2026-07-30 01:00:00,380.4,261.8,14.26,28.78,27.4,19.42,Normal Sales,Normal Sales,0,0,-1.0,0,1.0,
2026-07-30 02:00:00,375.82,279.5,13.5,33.58,30.71,17.53,Normal Sales,Normal Sales,0,0,-1.0,0,1.0,
2026-07-30 03:00:00,356.47,225.78,10.91,31.3,29.82,18.17,Normal Sales,Normal Sales,0,0,-1.0,0,1.0,
2026-07-30 04:00:00,432.77,254.66,13.07,28.76,30.97,19.19,Normal Sales,Normal Sales,0,0,-1.0,0,1.0,
2026-07-30 05:00:00,391.72,253.28,13.58,29.28,31.28,17.92,Normal Sales,Normal Sales,0,0,-1.0,0,1.0,
2026-07-30 06:00:00,583.39,347.53,17.8,38.7,33.46,24.14,Normal Sales,Normal Sales,0,0,-1.0,0,1.0,
2026-07-30 07:00:00,602.99,387.48,20.96,35.2,32.64,20.39,Normal Sales,Normal Sales,0,0,-1.0,0,1.0,
2026-07-30 08:00:00,571.86,353.72,20.77,39.18,36.04,20.22,Normal Sales,Normal Sales,0,0,-1.0,0,1.0,
2026-07-30 09:00:00,768.0,484.75,27.15,49.16,38.66,21.48,Normal Sales,Normal Sales,0,0,-1.0,0,1.0,
2026-07-30 10:00:00,753.91,467.08,29.99,44.23,34.85,24.55,Normal Sales,Normal Sales,0,0,-1.0,0,1.0,
2026-07-30 11:00:00,777.09,479.95,25.96,48.19,35.5,23.32,Normal Sales,Normal Sales,0,0,-1.0,0,1.0,
2026-07-30 12:00:00,738.45,485.19,27.26,43.08,34.62,27.88,Normal Sales,Normal Sales,0,0,-1.0,0,1.0,
2026-07-30 13:00:00,893.35,574.92,31.64,54.79,36.98,27.88,Normal Sales,Normal Sales,0,0,-1.0,0,1.0,
2026-07-30 14:00:00,828.67,507.55,29.37,47.11,37.22,23.7,Normal Sales,Normal Sales,0,0,-1.0,0,1.0,
2026-07-30 15:00:00,763.29,492.32,25.06,50.91,36.4,26.93,Normal Sales,Normal Sales,0,0,-1.0,0,1.0,
2026-07-30 16:00:00,770.8,496.18,29.27,49.75,34.05,23.0,Normal Sales,Normal Sales,0,0,-1.0,0,1.0,
2026-07-30 17:00:00,1238.99,771.88,43.04,61.75,48.16,36.51,Normal Sales,Normal Sales,0,0,-1.0,0,1.0,
2026-07-30 18:00:00,1210.53,761.87,42.02,65.18,46.24,28.91,Normal Sales,Normal Sales,0,0,-1.0,0,1.0,
2026-07-30 19:00:00,1167.38,698.54,43.81,60.36,42.65,28.11,Normal Sales,Normal Sales,0,0,-1.0,0,1.0,
2026-07-30 20:00:00,1252.76,799.33,45.56,62.93,45.91,32.21,Normal Sales,Normal Sales,0,0,-1.0,0,1.0,
2026-07-30 21:00:00,892.81,530.38,29.99,49.5,40.28,26.84,Normal Sales,Normal Sales,0,0,-1.0,0,1.0,
2026-07-30 22:00:00,1006.88,604.87,34.53,55.15,40.49,27.37,Normal Sales,Normal Sales,0,0,-1.0,0,1.0,
2026-07-30 23:00:00,923.24,625.12,34.59,54.65,39.17,26.67,Normal Sales,Normal Sales,0,0,-1.0,0,1.0,
2026-07-31 00:00:00,375.48,260.29,15.85,31.96,28.58,18.87,Normal Sales,Normal Sales,0,0,-1.0,0,1.0,
2026-07-31 01:00:00,391.63,237.26,10.52,32.35,31.13,20.12,Normal Sales,Normal Sales,0,0,-1.0,0,1.0,
2026-07-31 02:00:00,398.59,238.79,10.02,34.69,32.56,18.03,Normal Sales,Normal Sales,0,0,-1.0,0,1.0,
2026-07-31 03:00:00,374.93,202.09,10.02,32.51,30.95,14.07,Normal Sales,Normal Sales,0,0,-1.0,0,1.0,
2026-07-31 04:00:00,409.74,233.06,11.77,34.19,32.5,20.01,Normal Sales,Normal Sales,0,0,-1.0,0,1.0,
2026-07-31 05:00:00,401.16,270.79,13.72,32.75,30.17,18.82,Normal Sales,Normal Sales,0,0,-1.0,0,1.0,
2026-07-31 06:00:00,542.8,330.91,21.1,34.5,30.57,17.78,Normal Sales,Normal Sales,0,0,-1.0,0,1.0,
2026-07-31 07:00:00,657.33,419.17,22.51,42.29,35.63,21.2,Normal Sales,Normal Sales,0,0,-1.0,0,1.0,
2026-07-31 08:00:00,565.12,346.43,17.6,37.12,34.31,18.67,Normal Sales,Normal Sales,0,0,-1.0,0,1.0,
2026-07-31 09:00:00,857.62,550.55,27.74,43.44,37.2,27.13,Normal Sales,Normal Sales,0,0,-1.0,0,1.0,
2026-07-31 10:00:00,777.22,479.11,25.15,43.52,36.41,21.95,Normal Sales,Normal Sales,0,0,-1.0,0,1.0,
2026-07-31 11:00:00,743.49,494.24,25.64,47.72,38.17,22.2,Normal Sales,Normal Sales,0,0,-1.0,0,1.0,
2026-07-31 12:00:00,726.63,477.23,24.4,45.14,40.43,25.89,Normal Sales,Normal Sales,0,0,-1.0,0,1.0,
2026-07-31 13:00:00,851.48,548.94,30.08,52.06,34.38,25.44,Normal Sales,Normal Sales,0,0,-1.0,0,1.0,
2026-07-31 14:00:00,759.42,474.88,25.65,48.85,38.33,22.82,Normal Sales,Normal Sales,0,0,-1.0,0,1.0,
2026-07-31 15:00:00,830.65,524.52,27.7,48.17,40.75,23.45,Normal Sales,Normal Sales,0,0,-1.0,0,1.0,
2026-07-31 16:00:00,828.89,506.23,34.16,48.93,40.36,26.19,Normal Sales,Normal Sales,0,0,-1.0,0,1.0,
2026-07-31 17:00:00,1255.19,790.06,44.18,59.97,46.05,31.53,Normal Sales,Normal Sales,0,0,-1.0,0,1.0,
2026-07-31 18:00:00,1237.73,765.62,43.64,64.7,39.22,30.27,Normal Sales,Normal Sales,0,0,-1.0,0,1.0,
2026-07-31 19:00:00,1092.97,683.62,37.0,60.9,42.99,28.12,Normal Sales,Normal Sales,0,0,-1.0,0,1.0,
2026-07-31 20:00:00,1261.41,774.12,41.58,63.91,48.67,33.06,Normal Sales,Normal Sales,0,0,-1.0,0,1.0,
2026-07-31 21:00:00,963.68,666.26,35.18,53.8,40.67,31.69,Normal Sales,Normal Sales,0,0,-1.0,0,1.0,
2026-07-31 22:00:00,892.99,597.52,29.99,51.73,39.53,25.17,Normal Sales,Normal Sales,0,0,-1.0,0,1.0,
2026-07-31 23:00:00,908.01,582.88,34.94,46.21,39.8,26.35,Normal Sales,Normal Sales,0,0,-1.0,0,1.0,
2026-08-01 00:00:00,534.26,323.32,15.2,40.68,35.4,19.88,Weekend Sales,Weekend Sales,0,0,-1.0,0,1.0,
2026-08-01 01:00:00,518.43,306.19,11.67,36.81,34.37,19.93,Weekend Sales,Weekend Sales,0,0,-1.0,0,1.0,
2026-08-01 02:00:00,529.11,331.38,16.52,35.9,32.66,21.68,Weekend Sales,Weekend Sales,0,0,-1.0,0,1.0,
2026-08-01 03:00:00,568.04,346.46,16.97,38.22,37.68,18.75,Weekend Sales,Weekend Sales,0,0,-1.0,0,1.0,
2026-08-01 04:00:00,554.94,377.46,20.04,37.67,34.58,22.14,Weekend Sales,Weekend Sales,0,0,-1.0,0,1.0,
2026-08-01 05:00:00,549.87,392.76,21.94,37.09,33.48,22.3,Weekend Sales,Weekend Sales,0,0,-1.0,0,1.0,
2026-08-01 06:00:00,816.22,501.14,26.74,43.65,38.97,31.22,Weekend Sales,Weekend Sales,0,0,-1.0,0,1.0,
2026-08-01 07:00:00,759.04,481.91,25.41,42.55,37.77,24.1,Weekend Sales,Weekend Sales,0,0,-1.0,0,1.0,
2026-08-01 08:00:00,676.03,459.39,26.1,44.27,34.65,24.3,Weekend Sales,Weekend Sales,0,0,-1.0,0,1.0,
2026-08-01 09:00:00,1026.42,646.41,37.69,58.54,45.46,26.49,Weekend Sales,Weekend Sales,0,0,-1.0,0,1.0,
2026-08-01 10:00:00,974.99,613.52,32.19,51.86,41.53,29.14,Weekend Sales,Weekend Sales,0,0,-1.0,0,1.0,
2026-08-01 11:00:00,1067.8,657.22,37.07,56.72,42.19,26.8,Weekend Sales,Weekend Sales,0,0,-1.0,0,1.0,
2026-08-01 12:00:00,956.43,609.65,31.87,48.64,40.2,30.15,Weekend Sales,Weekend Sales,0,0,-1.0,0,1.0,
2026-08-01 13:00:00,965.09,591.14,33.86,47.76,39.98,24.5,Weekend Sales,Weekend Sales,0,0,-1.0,0,1.0,
2026-08-01 14:00:00,1065.36,650.46,33.53,52.78,41.99,32.72,Weekend Sales,Weekend Sales,0,0,-1.0,0,1.0,
2026-08-01 15:00:00,1164.36,747.17,42.69,59.19,44.42,32.87,Weekend Sales,Weekend Sales,0,0,-1.0,0,1.0,
2026-08-01 16:00:00,1168.32,729.22,41.15,66.32,45.54,29.6,Weekend Sales,Weekend Sales,0,0,-1.0,0,1.0,
2026-08-01 17:00:00,1588.32,958.4,57.41,77.84,51.17,40.32,Weekend Sales,Weekend Sales,0,0,-1.0,0,1.0,
2026-08-01 18:00:00,1644.63,1008.9,57.3,77.55,53.63,34.48,Weekend Sales,Weekend Sales,0,0,-1.0,0,1.0,
2026-08-01 19:00:00,1529.63,985.58,57.59,78.13,54.44,37.79,Weekend Sales,Weekend Sales,0,0,-1.0,0,1.0,
2026-08-01 20:00:00,1634.64,990.65,53.32,70.69,51.15,32.65,Weekend Sales,Weekend Sales,0,0,-1.0,0,1.0,
2026-08-01 21:00:00,1306.96,820.03,41.05,64.88,50.15,32.25,Weekend Sales,Weekend Sales,0,0,-1.0,0,1.0,
2026-08-01 22:00:00,1178.05,685.75,34.21,59.62,43.16,28.44,Weekend Sales,Weekend Sales,0,0,-1.0,0,1.0,
2026-08-01 23:00:00,1213.3,748.74,38.73,62.19,41.78,29.21,Weekend Sales,Weekend Sales,0,0,-1.0,0,1.0,
2026-08-02 00:00:00,558.54,355.7,20.93,43.85,33.38,20.94,Weekend Sales,Weekend Sales,0,0,-1.0,0,1.0,
2026-08-02 01:00:00,524.64,314.19,15.26,36.55,33.63,20.68,Weekend Sales,Weekend Sales,0,0,-1.0,0,1.0,
2026-08-02 02:00:00,533.38,353.85,19.52,37.17,31.21,17.75,Weekend Sales,Weekend Sales,0,0,-1.0,0,1.0,
2026-08-02 03:00:00,570.49,336.23,16.64,36.65,33.14,23.68,Weekend Sales,Weekend Sales,0,0,-1.0,0,1.0,
2026-08-02 04:00:00,522.94,390.06,21.58,44.88,34.68,22.47,Weekend Sales,Weekend Sales,0,0,-1.0,0,1.0,
2026-08-02 05:00:00,573.61,383.69,22.37,45.65,32.75,19.6,Weekend Sales,Weekend Sales,0,0,-1.0,0,1.0,
2026-08-02 06:00:00,742.0,503.85,30.61,45.3,31.9,24.18,Weekend Sales,Weekend Sales,0,0,-1.0,0,1.0,
2026-08-02 07:00:00,729.06,439.67,22.07,39.59,40.16,21.62,Weekend Sales,Weekend Sales,0,0,-1.0,0,1.0,
2026-08-02 08:00:00,822.21,504.23,25.47,48.54,37.2,24.19,Weekend Sales,Weekend Sales,0,0,-1.0,0,1.0,
2026-08-02 09:00:00,1011.54,606.85,30.13,53.27,43.12,25.37,Weekend Sales,Weekend Sales,0,0,-1.0,0,1.0,
2026-08-02 10:00:00,1011.99,665.07,36.4,56.24,41.31,27.26,Weekend Sales,Weekend Sales,0,0,-1.0,0,1.0,
2026-08-02 11:00:00,954.38,566.98,31.92,53.04,41.83,25.42,Weekend Sales,Weekend Sales,0,0,-1.0,0,1.0,
2026-08-02 12:00:00,1059.16,664.36,36.68,48.02,40.37,25.57,Weekend Sales,Weekend Sales,0,0,-1.0,0,1.0,
2026-08-02 13:00:00,1157.6,720.09,37.46,60.43,40.83,27.91,Weekend Sales,Weekend Sales,0,0,-1.0,0,1.0,
2026-08-02 14:00:00,1082.55,684.68,40.46,56.01,45.05,29.21,Weekend Sales,Weekend Sales,0,0,-1.0,0,1.0,
2026-08-02 15:00:00,1135.66,702.51,38.24,59.8,44.79,27.79,Weekend Sales,Weekend Sales,0,0,-1.0,0,1.0,
2026-08-02 16:00:00,1111.78,731.04,40.56,60.51,45.23,29.27,Weekend Sales,Weekend Sales,0,0,-1.0,0,1.0,
2026-08-02 17:00:00,1592.29,1007.64,57.9,70.17,49.6,35.19,Weekend Sales,Weekend Sales,0,0,-1.0,0,1.0,
2026-08-02 18:00:00,1585.13,959.71,54.11,74.3,52.73,37.9,Weekend Sales,Weekend Sales,0,0,-1.0,0,1.0,
2026-08-02 19:00:00,1649.16,1014.08,55.98,75.67,49.31,39.26,Weekend Sales,Weekend Sales,0,0,-1.0,0,1.0,
2026-08-02 20:00:00,1588.3,947.18,53.17,72.77,46.88,32.93,Weekend Sales,Weekend Sales,0,0,-1.0,0,1.0,
2026-08-02 21:00:00,1197.1,747.46,42.69,63.1,45.56,30.62,Weekend Sales,Weekend Sales,0,0,-1.0,0,1.0,
2026-08-02 22:00:00,1347.38,852.87,47.35,68.57,46.11,33.21,Weekend Sales,Weekend Sales,0,0,-1.0,0,1.0,
2026-08-02 23:00:00,1111.42,679.41,40.89,57.84,43.11,30.98,Weekend Sales,Weekend Sales,0,0,-1.0,0,1.0,
2026-08-03 00:00:00,409.41,234.17,12.93,28.97,31.33,16.18,Normal Sales,Normal Sales,0,0,-1.0,0,1.0,
2026-08-03 01:00:00,420.88,248.19,12.0,32.25,31.89,15.79,Normal Sales,Normal Sales,0,0,-1.0,0,1.0,
2026-08-03 02:00:00,391.73,245.5,16.18,25.86,31.89,17.37,Normal Sales,Normal Sales,0,0,-1.0,0,1.0,
2026-08-03 03:00:00,392.27,226.18,11.71,32.87,29.59,20.97,Normal Sales,Normal Sales,0,0,-1.0,0,1.0,
2026-08-03 04:00:00,414.76,262.1,14.08,36.09,33.72,16.23,Normal Sales,Normal Sales,0,0,-1.0,0,1.0,
2026-08-03 05:00:00,388.1,256.49,15.98,31.9,29.11,18.57,Normal Sales,Normal Sales,0,0,-1.0,0,1.0,
2026-08-03 06:00:00,623.87,387.83,18.8,40.72,36.17,21.49,Normal Sales,Normal Sales,0,0,-1.0,0,1.0,
2026-08-03 07:00:00,617.52,404.51,22.12,41.25,30.81,24.53,Normal Sales,Normal Sales,0,0,-1.0,0,1.0,
2026-08-03 08:00:00,571.4,344.27,17.84,39.21,31.46,18.64,Normal Sales,Normal Sales,0,0,-1.0,0,1.0,
2026-08-03 09:00:00,757.74,454.14,25.65,43.02,40.07,24.74,Normal Sales,Normal Sales,0,0,-1.0,0,1.0,
2026-08-03 10:00:00,785.6,471.95,30.77,44.42,35.93,25.21,Normal Sales,Normal Sales,0,0,-1.0,0,1.0,
2026-08-03 11:00:00,767.15,455.18,29.43,47.06,37.05,28.18,Normal Sales,Normal Sales,0,0,-1.0,0,1.0,
2026-08-03 12:00:00,790.54,489.83,31.5,48.01,38.67,23.47,Normal Sales,Normal Sales,0,0,-1.0,0,1.0,
2026-08-03 13:00:00,851.22,517.49,31.34,44.07,41.2,23.18,Normal Sales,Normal Sales,0,0,-1.0,0,1.0,
2026-08-03 14:00:00,846.66,517.55,27.42,49.79,38.38,23.6,Normal Sales,Normal Sales,0,0,-1.0,0,1.0,
2026-08-03 15:00:00,855.66,513.1,27.15,44.19,37.65,25.82,Normal Sales,Normal Sales,0,0,-1.0,0,1.0,
2026-08-03 16:00:00,850.69,572.81,36.73,49.42,36.8,28.58,Normal Sales,Normal Sales,0,0,-1.0,0,1.0,
2026-08-03 17:00:00,1226.86,789.05,44.2,62.84,44.48,32.59,Normal Sales,Normal Sales,0,0,-1.0,0,1.0,
2026-08-03 18:00:00,1193.9,770.71,39.78,65.27,40.55,31.56,Normal Sales,Normal Sales,0,0,-1.0,0,1.0,
2026-08-03 19:00:00,1186.67,697.83,34.26,56.15,44.26,28.24,Normal Sales,Normal Sales,0,0,-1.0,0,1.0,
2026-08-03 20:00:00,1143.84,742.99,38.4,62.28,41.67,28.33,Normal Sales,Normal Sales,0,0,-1.0,0,1.0,
2026-08-03 21:00:00,910.16,579.8,29.15,52.09,37.55,24.93,Normal Sales,Normal Sales,0,0,-1.0,0,1.0,
2026-08-03 22:00:00,957.3,647.86,33.81,56.61,39.65,27.25,Normal Sales,Normal Sales,0,0,-1.0,0,1.0,
2026-08-03 23:00:00,988.77,591.95,30.25,53.7,44.0,28.3,Normal Sales,Normal Sales,0,0,-1.0,0,1.0,
2026-08-04 00:00:00,374.1,216.56,13.87,34.69,30.82,16.26,Normal Sales,Normal Sales,0,0,-1.0,0,1.0,
2026-08-04 01:00:00,435.53,268.16,13.54,31.61,29.01,24.37,Normal Sales,Normal Sales,0,0,-1.0,0,1.0,
2026-08-04 02:00:00,431.0,250.81,17.26,34.07,32.28,16.83,Normal Sales,Normal Sales,0,0,-1.0,0,1.0,
2026-08-04 03:00:00,392.07,242.02,9.38,30.81,30.67,20.67,Normal Sales,Normal Sales,0,0,-1.0,0,1.0,
2026-08-04 04:00:00,390.01,262.11,10.29,35.83,28.83,18.81,Normal Sales,Normal Sales,0,0,-1.0,0,1.0,
2026-08-04 05:00:00,410.59,259.82,14.08,29.87,29.2,20.49,Normal Sales,Normal Sales,0,0,-1.0,0,1.0,
2026-08-04 06:00:00,563.9,347.03,16.1,40.27,30.95,22.51,Normal Sales,Normal Sales,0,0,-1.0,0,1.0,
2026-08-04 07:00:00,550.37,366.59,20.18,37.5,36.56,21.03,Normal Sales,Normal Sales,0,0,-1.0,0,1.0,
2026-08-04 08:00:00,570.74,376.59,17.75,33.19,36.02,19.74,Normal Sales,Normal Sales,0,0,-1.0,0,1.0,
2026-08-04 09:00:00,792.97,492.8,24.78,48.04,36.66,22.17,Normal Sales,Normal Sales,0,0,-1.0,0,1.0,
2026-08-04 10:00:00,720.15,403.17,22.98,39.57,36.17,21.72,Normal Sales,Normal Sales,0,0,-1.0,0,1.0,
2026-08-04 11:00:00,724.33,411.01,27.67,42.17,39.96,24.61,Normal Sales,Normal Sales,0,0,-1.0,0,1.0,
2026-08-04 12:00:00,747.9,468.22,26.06,49.66,38.37,22.09,Normal Sales,Normal Sales,0,0,-1.0,0,1.0,
2026-08-04 13:00:00,864.47,556.08,28.23,51.17,41.39,24.19,Normal Sales,Normal Sales,0,0,-1.0,0,1.0,
2026-08-04 14:00:00,818.98,536.78,28.81,46.25,39.69,26.57,Normal Sales,Normal Sales,0,0,-1.0,0,1.0,
2026-08-04 15:00:00,853.54,557.31,33.04,49.7,42.46,29.1,Normal Sales,Normal Sales,0,0,-1.0,0,1.0,
2026-08-04 16:00:00,765.25,448.7,20.17,43.5,34.59,21.59,Normal Sales,Normal Sales,0,0,-1.0,0,1.0,
2026-08-04 17:00:00,1273.06,745.43,41.26,62.04,45.48,30.9,Normal Sales,Normal Sales,0,0,-1.0,0,1.0,
2026-08-04 18:00:00,1072.49,644.7,38.54,52.6,45.57,25.3,Normal Sales,Normal Sales,0,0,-1.0,0,1.0,
2026-08-04 19:00:00,1115.06,667.54,38.97,55.59,43.65,28.84,Normal Sales,Normal Sales,0,0,-1.0,0,1.0,
2026-08-04 20:00:00,1203.95,778.3,44.35,59.8,43.92,34.94,Normal Sales,Normal Sales,0,0,-1.0,0,1.0,
2026-08-04 21:00:00,953.96,553.76,27.58,52.78,41.62,24.0,Normal Sales,Normal Sales,0,0,-1.0,0,1.0,
2026-08-04 22:00:00,974.06,643.9,38.33,58.78,41.67,27.74,Normal Sales,Normal Sales,0,0,-1.0,0,1.0,
2026-08-04 23:00:00,920.06,570.0,29.6,50.11,42.19,23.03,Normal Sales,Normal Sales,0,0,-1.0,0,1.0,
2026-08-05 00:00:00,371.59,251.15,13.11,27.46,30.19,17.87,Normal Sales,Normal Sales,0,0,-1.0,0,1.0,
2026-08-05 01:00:00,393.93,261.38,11.71,32.95,30.27,18.61,Normal Sales,Normal Sales,0,0,-1.0,0,1.0,
2026-08-05 02:00:00,367.74,214.93,11.86,31.97,33.94,18.99,Normal Sales,Normal Sales,0,0,-1.0,0,1.0,
2026-08-05 03:00:00,411.89,287.16,15.19,38.1,33.24,18.29,Normal Sales,Normal Sales,0,0,-1.0,0,1.0,
2026-08-05 04:00:00,441.34,284.8,20.05,35.1,30.38,17.59,Normal Sales,Normal Sales,0,0,-1.0,0,1.0,
2026-08-05 05:00:00,395.45,230.89,15.24,31.48,27.49,18.2,Normal Sales,Normal Sales,0,0,-1.0,0,1.0,
2026-08-05 06:00:00,585.19,351.11,19.85,38.37,35.22,21.93,Normal Sales,Normal Sales,0,0,-1.0,0,1.0,
2026-08-05 07:00:00,592.16,334.67,22.64,33.91,33.81,18.18,Normal Sales,Normal Sales,0,0,-1.0,0,1.0,
2026-08-05 08:00:00,593.07,371.16,20.08,43.24,36.3,20.62,Normal Sales,Normal Sales,0,0,-1.0,0,1.0,
2026-08-05 09:00:00,791.06,529.57,31.33,47.82,34.27,25.89,Normal Sales,Normal Sales,0,0,-1.0,0,1.0,
2026-08-05 10:00:00,785.91,468.02,25.79,45.14,40.14,27.41,Normal Sales,Normal Sales,0,0,-1.0,0,1.0,
2026-08-05 11:00:00,805.17,497.07,29.63,48.43,37.54,28.61,Normal Sales,Normal Sales,0,0,-1.0,0,1.0,
2026-08-05 12:00:00,732.42,469.2,27.49,44.25,37.57,25.62,Normal Sales,Normal Sales,0,0,-1.0,0,1.0,
2026-08-05 13:00:00,860.35,545.23,30.2,51.41,38.17,25.01,Normal Sales,Normal Sales,0,0,-1.0,0,1.0,
2026-08-05 14:00:00,850.82,557.1,27.15,47.6,43.02,26.48,Normal Sales,Normal Sales,0,0,-1.0,0,1.0,
2026-08-05 15:00:00,832.65,536.12,27.92,43.53,38.86,23.94,Normal Sales,Normal Sales,0,0,-1.0,0,1.0,
2026-08-05 16:00:00,854.26,537.88,29.87,44.77,38.57,26.34,Normal Sales,Normal Sales,0,0,-1.0,0,1.0,
2026-08-05 17:00:00,1123.27,658.45,34.08,58.48,39.1,30.12,Normal Sales,Normal Sales,0,0,-1.0,0,1.0,
2026-08-05 18:00:00,1231.5,757.09,38.68,59.93,46.5,33.44,Normal Sales,Normal Sales,0,0,-1.0,0,1.0,
2026-08-05 19:00:00,1145.54,738.78,42.0,60.39,42.0,29.31,Normal Sales,Normal Sales,0,0,-1.0,0,1.0,
2026-08-05 20:00:00,1317.91,821.57,47.85,66.12,45.5,33.71,Normal Sales,Normal Sales,0,0,-1.0,0,1.0,
2026-08-05 21:00:00,1040.77,629.18,36.43,55.12,38.79,24.79,Normal Sales,Normal Sales,0,0,-1.0,0,1.0,
2026-08-05 22:00:00,918.19,577.96,33.54,47.43,40.91,26.21,Normal Sales,Normal Sales,0,0,-1.0,0,1.0,
2026-08-05 23:00:00,939.57,597.25,36.34,53.15,37.26,26.56,Normal Sales,Normal Sales,0,0,-1.0,0,1.0,
2026-08-06 00:00:00,419.97,282.51,16.87,32.8,28.4,20.24,Normal Sales,Normal Sales,0,0,-1.0,0,1.0,
2026-08-06 01:00:00,378.35,251.9,15.24,31.19,30.21,18.69,Normal Sales,Normal Sales,0,0,-1.0,0,1.0,
2026-08-06 02:00:00,390.42,207.52,11.34,30.62,33.36,15.62,Normal Sales,Normal Sales,0,0,-1.0,0,1.0,
2026-08-06 03:00:00,424.33,234.4,10.2,31.19,29.33,15.14,Normal Sales,Normal Sales,0,0,-1.0,0,1.0,
2026-08-06 04:00:00,441.96,262.73,19.07,30.87,28.1,21.15,Normal Sales,Normal Sales,0,0,-1.0,0,1.0,
2026-08-06 05:00:00,388.17,244.14,10.72,32.0,27.86,17.96,Normal Sales,Normal Sales,0,0,-1.0,0,1.0,
2026-08-06 06:00:00,568.04,357.94,20.94,39.25,34.56,20.73,Normal Sales,Normal Sales,0,0,-1.0,0,1.0,
2026-08-06 07:00:00,569.17,364.64,19.83,38.78,34.47,19.05,Normal Sales,Normal Sales,0,0,-1.0,0,1.0,
2026-08-06 08:00:00,623.42,380.29,21.16,39.99,35.9,22.19,Normal Sales,Normal Sales,0,0,-1.0,0,1.0,
2026-08-06 09:00:00,758.96,506.77,21.47,49.98,38.74,21.0,Normal Sales,Normal Sales,0,0,-1.0,0,1.0,
2026-08-06 10:00:00,796.21,520.11,29.73,43.88,38.9,27.02,Normal Sales,Normal Sales,0,0,-1.0,0,1.0,
2026-08-06 11:00:00,739.09,469.26,25.1,47.24,35.94,22.57,Normal Sales,Normal Sales,0,0,-1.0,0,1.0,
2026-08-06 12:00:00,759.36,437.26,23.77,44.66,38.65,23.43,Normal Sales,Normal Sales,0,0,-1.0,0,1.0,
2026-08-06 13:00:00,789.46,523.27,31.65,48.14,35.92,24.02,Normal Sales,Normal Sales,0,0,-1.0,0,1.0,
2026-08-06 14:00:00,841.71,528.83,28.48,46.39,40.36,25.74,Normal Sales,Normal Sales,0,0,-1.0,0,1.0,
2026-08-06 15:00:00,805.62,506.77,28.2,45.45,40.09,24.94,Normal Sales,Normal Sales,0,0,-1.0,0,1.0,
2026-08-06 16:00:00,841.16,519.43,29.46,47.92,38.14,27.12,Normal Sales,Normal Sales,0,0,-1.0,0,1.0,
2026-08-06 17:00:00,1122.72,664.79,38.12,62.94,44.84,32.35,Normal Sales,Normal Sales,0,0,-1.0,0,1.0,
2026-08-06 18:00:00,1182.17,717.02,40.35,62.11,41.47,29.5,Normal Sales,Normal Sales,0,0,-1.0,0,1.0,
2026-08-06 19:00:00,1206.78,731.23,39.09,62.67,45.45,31.88,Normal Sales,Normal Sales,0,0,-1.0,0,1.0,
2026-08-06 20:00:00,1228.77,740.01,41.55,58.75,44.27,28.43,Normal Sales,Normal Sales,0,0,-1.0,0,1.0,
2026-08-06 21:00:00,911.17,567.19,30.28,48.6,41.77,25.94,Normal Sales,Normal Sales,0,0,-1.0,0,1.0,
2026-08-06 22:00:00,915.07,540.28,25.97,49.08,36.8,26.93,Normal Sales,Normal Sales,0,0,-1.0,0,1.0,
2026-08-06 23:00:00,941.27,622.54,34.69,51.73,36.24,29.18,Normal Sales,Normal Sales,0,0,-1.0,0,1.0,
2026-08-07 00:00:00,376.83,223.43,15.64,32.6,31.19,19.47,Normal Sales,Normal Sales,0,0,-1.0,0,1.0,
2026-08-07 01:00:00,421.28,300.72,15.34,33.96,29.32,19.45,Normal Sales,Normal Sales,0,0,-1.0,0,1.0,
2026-08-07 02:00:00,400.34,204.34,9.93,34.0,31.29,18.54,Normal Sales,Normal Sales,0,0,-1.0,0,1.0,
2026-08-07 03:00:00,400.57,201.18,10.81,32.86,28.44,18.52,Normal Sales,Normal Sales,0,0,-1.0,0,1.0,
2026-08-07 04:00:00,368.71,229.11,13.69,30.48,35.21,16.74,Normal Sales,Normal Sales,0,0,-1.0,0,1.0,
2026-08-07 05:00:00,391.35,247.75,12.12,28.68,28.46,19.71,Normal Sales,Normal Sales,0,0,-1.0,0,1.0,
2026-08-07 06:00:00,573.24,397.96,21.01,42.27,34.77,21.04,Normal Sales,Normal Sales,0,0,-1.0,0,1.0,
2026-08-07 07:00:00,556.54,301.76,17.7,39.03,30.28,18.8,Normal Sales,Normal Sales,0,0,-1.0,0,1.0,
2026-08-07 08:00:00,562.7,362.66,19.29,42.13,32.8,18.59,Normal Sales,Normal Sales,0,0,-1.0,0,1.0,
2026-08-07 09:00:00,743.38,451.93,25.91,43.35,37.52,21.72,Normal Sales,Normal Sales,0,0,-1.0,0,1.0,
2026-08-07 10:00:00,750.01,445.38,22.8,47.23,35.32,22.44,Normal Sales,Normal Sales,0,0,-1.0,0,1.0,
2026-08-07 11:00:00,800.99,515.36,31.63,48.81,36.42,29.0,Normal Sales,Normal Sales,0,0,-1.0,0,1.0,
2026-08-07 12:00:00,783.38,481.83,26.62,46.4,36.84,21.29,Normal Sales,Normal Sales,0,0,-1.0,0,1.0,
2026-08-07 13:00:00,919.98,569.84,31.71,56.2,38.27,27.56,Normal Sales,Normal Sales,0,0,-1.0,0,1.0,
2026-08-07 14:00:00,817.08,514.62,28.71,49.67,40.31,23.71,Normal Sales,Normal Sales,0,0,-1.0,0,1.0,
2026-08-07 15:00:00,911.05,602.04,32.61,52.36,38.5,26.44,Normal Sales,Normal Sales,0,0,-1.0,0,1.0,
2026-08-07 16:00:00,799.59,515.18,24.23,45.84,37.5,27.48,Normal Sales,Normal Sales,0,0,-1.0,0,1.0,
2026-08-07 17:00:00,1176.05,739.85,40.53,63.06,44.74,32.16,Normal Sales,Normal Sales,0,0,-1.0,0,1.0,
2026-08-07 18:00:00,1175.72,703.6,39.43,57.85,44.05,30.22,Normal Sales,Normal Sales,0,0,-1.0,0,1.0,
2026-08-07 19:00:00,1284.08,815.8,43.51,62.12,49.24,29.23,Normal Sales,Normal Sales,0,0,-1.0,0,1.0,
2026-08-07 20:00:00,1181.65,748.76,44.46,60.67,44.14,28.97,Normal Sales,Normal Sales,0,0,-1.0,0,1.0,
2026-08-07 21:00:00,946.29,557.95,29.19,52.59,39.22,27.78,Normal Sales,Normal Sales,0,0,-1.0,0,1.0,
2026-08-07 22:00:00,933.12,544.31,32.27,46.67,38.66,25.21,Normal Sales,Normal Sales,0,0,-1.0,0,1.0,
2026-08-07 23:00:00,987.63,599.17,31.1,53.27,40.36,26.04,Normal Sales,Normal Sales,0,0,-1.0,0,1.0,
2026-08-08 00:00:00,539.0,304.09,13.28,41.34,33.37,19.95,Weekend Sales,Weekend Sales,0,1,168.0,24,2.0,Flash Sale
2026-08-08 01:00:00,512.38,340.12,17.64,30.44,31.58,19.94,Weekend Sales,Weekend Sales,0,1,167.0,24,2.0,Flash Sale
2026-08-08 02:00:00,528.7,322.82,16.47,34.9,32.39,16.78,Weekend Sales,Weekend Sales,0,1,166.0,24,2.0,Flash Sale
2026-08-08 03:00:00,481.04,300.7,16.77,37.58,31.67,17.13,Weekend Sales,Weekend Sales,0,1,165.0,24,2.0,Flash Sale
2026-08-08 04:00:00,481.52,276.29,16.04,37.89,32.29,16.48,Weekend Sales,Weekend Sales,0,1,164.0,24,2.0,Flash Sale
2026-08-08 05:00:00,509.77,294.84,15.4,38.15,35.06,19.03,Weekend Sales,Weekend Sales,0,1,163.0,24,2.0,Flash Sale
2026-08-08 06:00:00,777.27,461.97,21.99,49.48,32.57,19.88,Weekend Sales,Weekend Sales,0,1,162.0,24,2.0,Flash Sale
2026-08-08 07:00:00,839.41,520.85,26.39,49.86,39.82,22.36,Weekend Sales,Weekend Sales,0,1,161.0,24,2.0,Flash Sale
2026-08-08 08:00:00,749.7,486.72,25.14,46.61,39.59,19.38,Weekend Sales,Weekend Sales,0,1,160.0,24,2.0,Flash Sale
2026-08-08 09:00:00,990.03,620.36,30.54,52.51,42.92,26.1,Weekend Sales,Weekend Sales,0,1,159.0,24,2.0,Flash Sale
2026-08-08 10:00:00,932.46,606.4,34.24,52.58,39.66,29.22,Weekend Sales,Weekend Sales,0,1,158.0,24,2.0,Flash Sale
2026-08-08 11:00:00,1022.05,649.81,34.35,50.62,42.62,30.45,Weekend Sales,Weekend Sales,0,1,157.0,24,2.0,Flash Sale
2026-08-08 12:00:00,995.91,639.66,34.51,54.53,44.44,27.41,Weekend Sales,Weekend Sales,0,1,156.0,24,2.0,Flash Sale
2026-08-08 13:00:00,1105.98,638.96,36.52,53.83,43.1,27.34,Weekend Sales,Weekend Sales,0,1,155.0,24,2.0,Flash Sale
2026-08-08 14:00:00,1100.62,679.44,37.29,60.32,45.75,30.29,Weekend Sales,Weekend Sales,0,1,154.0,24,2.0,Flash Sale
2026-08-08 15:00:00,1197.28,763.67,42.99,65.58,41.74,29.72,Weekend Sales,Weekend Sales,0,1,153.0,24,2.0,Flash Sale
2026-08-08 16:00:00,1079.51,661.76,37.77,53.63,43.36,27.37,Weekend Sales,Weekend Sales,0,1,152.0,24,2.0,Flash Sale
2026-08-08 17:00:00,1571.94,979.61,57.24,72.88,50.56,34.33,Weekend Sales,Weekend Sales,0,1,151.0,24,2.0,Flash Sale
2026-08-08 18:00:00,1541.95,928.83,51.58,73.2,51.59,33.71,Weekend Sales,Weekend Sales,0,1,150.0,24,2.0,Flash Sale
2026-08-08 19:00:00,1640.32,1019.83,55.98,73.91,52.19,37.87,Weekend Sales,Weekend Sales,0,1,149.0,24,2.0,Flash Sale
2026-08-08 20:00:00,1607.83,1006.86,56.77,73.43,50.9,38.2,Weekend Sales,Weekend Sales,0,1,148.0,24,2.0,Flash Sale
2026-08-08 21:00:00,1227.51,785.04,43.36,58.26,46.55,31.39,Weekend Sales,Weekend Sales,0,1,147.0,24,2.0,Flash Sale
2026-08-08 22:00:00,1134.11,696.84,35.79,60.31,43.21,27.57,Weekend Sales,Weekend Sales,0,1,146.0,24,2.0,Flash Sale
2026-08-08 23:00:00,1294.65,814.15,44.31,61.88,44.32,30.64,Weekend Sales,Weekend Sales,0,1,145.0,24,2.0,Flash Sale
2026-08-09 00:00:00,553.41,301.09,16.47,35.35,35.48,19.99,Weekend Sales,Weekend Sales,0,1,144.0,24,2.0,Flash Sale
2026-08-09 01:00:00,547.77,326.48,15.49,36.26,34.87,21.71,Weekend Sales,Weekend Sales,0,1,143.0,24,2.0,Flash Sale
2026-08-09 02:00:00,522.01,302.13,14.5,35.43,33.15,22.5,Weekend Sales,Weekend Sales,0,1,142.0,24,2.0,Flash Sale
2026-08-09 03:00:00,536.78,348.15,17.59,38.07,33.41,20.42,Weekend Sales,Weekend Sales,0,1,141.0,24,2.0,Flash Sale
2026-08-09 04:00:00,532.91,333.56,19.31,40.2,28.53,22.57,Weekend Sales,Weekend Sales,0,1,140.0,24,2.0,Flash Sale
2026-08-09 05:00:00,487.86,310.19,21.77,35.76,32.65,19.13,Weekend Sales,Weekend Sales,0,1,139.0,24,2.0,Flash Sale
2026-08-09 06:00:00,796.31,502.77,26.3,46.71,35.3,24.33,Weekend Sales,Weekend Sales,0,1,138.0,24,2.0,Flash Sale
2026-08-09 07:00:00,754.44,471.17,24.49,44.7,36.84,23.94,Weekend Sales,Weekend Sales,0,1,137.0,24,2.0,Flash Sale
2026-08-09 08:00:00,781.17,479.97,24.82,46.05,36.92,26.05,Weekend Sales,Weekend Sales,0,1,136.0,24,2.0,Flash Sale
2026-08-09 09:00:00,1065.69,626.43,35.69,56.76,39.43,28.82,Weekend Sales,Weekend Sales,0,1,135.0,24,2.0,Flash Sale
2026-08-09 10:00:00,1052.85,629.03,34.12,55.19,43.04,25.75,Weekend Sales,Weekend Sales,0,1,134.0,24,2.0,Flash Sale
2026-08-09 11:00:00,1066.01,610.19,36.21,55.36,40.88,28.98,Weekend Sales,Weekend Sales,0,1,133.0,24,2.0,Flash Sale
2026-08-09 12:00:00,954.91,594.92,33.2,53.0,38.55,25.88,Weekend Sales,Weekend Sales,0,1,132.0,24,2.0,Flash Sale
2026-08-09 13:00:00,1133.4,684.54,38.19,56.34,45.27,32.24,Weekend Sales,Weekend Sales,0,1,131.0,24,2.0,Flash Sale
2026-08-09 14:00:00,1109.51,710.9,38.68,56.53,42.01,29.94,Weekend Sales,Weekend Sales,0,1,130.0,24,2.0,Flash Sale
2026-08-09 15:00:00,1025.63,651.53,36.01,58.03,42.65,28.53,Weekend Sales,Weekend Sales,0,1,129.0,24,2.0,Flash Sale
2026-08-09 16:00:00,1106.22,723.93,44.16,58.58,44.89,28.68,Weekend Sales,Weekend Sales,0,1,128.0,24,2.0,Flash Sale
2026-08-09 17:00:00,1553.45,953.48,53.81,70.65,53.51,37.71,Weekend Sales,Weekend Sales,0,1,127.0,24,2.0,Flash Sale
2026-08-09 18:00:00,1653.42,1017.77,57.64,69.73,52.99,37.76,Weekend Sales,Weekend Sales,0,1,126.0,24,2.0,Flash Sale
2026-08-09 19:00:00,1449.54,908.87,51.17,65.86,46.27,38.85,Weekend Sales,Weekend Sales,0,1,125.0,24,2.0,Flash Sale
2026-08-09 20:00:00,1585.57,1007.44,57.66,77.0,52.99,32.96,Weekend Sales,Weekend Sales,0,1,124.0,24,2.0,Flash Sale
2026-08-09 21:00:00,1230.47,685.88,34.23,57.34,43.59,29.23,Weekend Sales,Weekend Sales,0,1,123.0,24,2.0,Flash Sale
2026-08-09 22:00:00,1243.53,774.33,42.94,63.63,43.22,29.91,Weekend Sales,Weekend Sales,0,1,122.0,24,2.0,Flash Sale
2026-08-09 23:00:00,1242.52,769.83,40.18,65.29,46.57,29.53,Weekend Sales,Weekend Sales,0,1,121.0,24,2.0,Flash Sale
2026-08-10 00:00:00,399.39,297.86,16.7,35.59,29.57,18.82,Normal Sales,Normal Sales,0,1,120.0,24,2.0,Flash Sale
2026-08-10 01:00:00,434.09,271.97,14.82,33.73,36.47,18.88,Normal Sales,Normal Sales,0,1,119.0,24,2.0,Flash Sale
2026-08-10 02:00:00,386.84,223.46,13.85,27.58,31.48,16.14,Normal Sales,Normal Sales,0,1,118.0,24,2.0,Flash Sale
2026-08-10 03:00:00,366.09,202.47,11.19,33.53,32.05,16.47,Normal Sales,Normal Sales,0,1,117.0,24,2.0,Flash Sale
2026-08-10 04:00:00,423.21,253.47,11.01,32.84,28.18,19.92,Normal Sales,Normal Sales,0,1,116.0,24,2.0,Flash Sale
2026-08-10 05:00:00,419.86,238.31,13.4,32.42,32.88,15.47,Normal Sales,Normal Sales,0,1,115.0,24,2.0,Flash Sale
2026-08-10 06:00:00,600.44,339.36,20.22,40.73,32.87,22.92,Normal Sales,Normal Sales,0,1,114.0,24,2.0,Flash Sale
2026-08-10 07:00:00,537.09,360.48,22.7,39.38,32.74,21.64,Normal Sales,Normal Sales,0,1,113.0,24,2.0,Flash Sale
2026-08-10 08:00:00,565.37,416.15,21.71,44.54,32.13,25.6,Normal Sales,Normal Sales,0,1,112.0,24,2.0,Flash Sale
2026-08-10 09:00:00,839.05,529.86,29.72,46.16,36.11,25.84,Normal Sales,Normal Sales,0,1,111.0,24,2.0,Flash Sale
2026-08-10 10:00:00,817.93,493.41,31.55,45.22,38.36,24.8,Normal Sales,Normal Sales,0,1,110.0,24,2.0,Flash Sale
2026-08-10 11:00:00,758.47,419.16,21.82,43.43,36.7,23.75,Normal Sales,Normal Sales,0,1,109.0,24,2.0,Flash Sale
2026-08-10 12:00:00,791.19,484.54,24.72,50.0,34.74,22.92,Normal Sales,Normal Sales,0,1,108.0,24,2.0,Flash Sale
2026-08-10 13:00:00,815.82,524.47,31.48,47.69,38.33,25.97,Normal Sales,Normal Sales,0,1,107.0,24,2.0,Flash Sale
2026-08-10 14:00:00,928.89,531.57,30.72,50.29,39.05,25.94,Normal Sales,Normal Sales,0,1,106.0,24,2.0,Flash Sale
2026-08-10 15:00:00,883.59,562.41,35.25,50.7,39.07,25.7,Normal Sales,Normal Sales,0,1,105.0,24,2.0,Flash Sale
2026-08-10 16:00:00,875.59,542.06,29.84,49.44,38.62,24.33,Normal Sales,Normal Sales,0,1,104.0,24,2.0,Flash Sale
2026-08-10 17:00:00,1236.1,759.25,42.99,62.33,44.24,34.11,Normal Sales,Normal Sales,0,1,103.0,24,2.0,Flash Sale
2026-08-10 18:00:00,1204.59,762.42,40.53,56.88,43.34,26.79,Normal Sales,Normal Sales,0,1,102.0,24,2.0,Flash Sale
2026-08-10 19:00:00,1196.44,778.51,41.01,57.34,47.34,30.51,Normal Sales,Normal Sales,0,1,101.0,24,2.0,Flash Sale
2026-08-10 20:00:00,1209.83,769.8,43.39,64.2,46.37,27.75,Normal Sales,Normal Sales,0,1,100.0,24,2.0,Flash Sale
2026-08-10 21:00:00,875.12,571.86,29.89,49.05,36.35,25.49,Normal Sales,Normal Sales,0,1,99.0,24,2.0,Flash Sale
2026-08-10 22:00:00,925.27,550.23,28.16,50.96,38.11,24.54,Normal Sales,Normal Sales,0,1,98.0,24,2.0,Flash Sale
2026-08-10 23:00:00,838.78,568.5,33.15,49.06,36.46,26.23,Normal Sales,Normal Sales,0,1,97.0,24,2.0,Flash Sale
2026-08-11 00:00:00,403.46,218.24,6.9,29.73,27.73,17.8,Normal Sales,Normal Sales,0,1,96.0,24,2.0,Flash Sale
2026-08-11 01:00:00,407.39,228.25,11.48,35.94,32.48,16.8,Normal Sales,Normal Sales,0,1,95.0,24,2.0,Flash Sale
2026-08-11 02:00:00,450.07,249.12,12.08,32.53,28.59,21.81,Normal Sales,Normal Sales,0,1,94.0,24,2.0,Flash Sale
2026-08-11 03:00:00,407.49,232.89,13.7,32.11,30.32,15.41,Normal Sales,Normal Sales,0,1,93.0,24,2.0,Flash Sale
2026-08-11 04:00:00,374.8,287.04,13.08,38.16,28.68,20.76,Normal Sales,Normal Sales,0,1,92.0,24,2.0,Flash Sale
2026-08-11 05:00:00,413.19,272.81,16.47,29.55,29.67,16.08,Normal Sales,Normal Sales,0,1,91.0,24,2.0,Flash Sale
2026-08-11 06:00:00,588.78,331.96,14.3,37.05,29.59,20.82,Normal Sales,Normal Sales,0,1,90.0,24,2.0,Flash Sale
2026-08-11 07:00:00,546.58,317.86,12.92,40.8,30.37,19.22,Normal Sales,Normal Sales,0,1,89.0,24,2.0,Flash Sale
2026-08-11 08:00:00,531.0,308.33,20.46,36.87,31.58,19.64,Normal Sales,Normal Sales,0,1,88.0,24,2.0,Flash Sale
2026-08-11 09:00:00,741.34,457.32,26.64,43.68,37.04,23.91,Normal Sales,Normal Sales,0,1,87.0,24,2.0,Flash Sale
2026-08-11 10:00:00,750.28,446.78,23.52,45.86,38.32,20.89,Normal Sales,Normal Sales,0,1,86.0,24,2.0,Flash Sale
2026-08-11 11:00:00,752.76,447.89,26.23,43.0,41.2,23.63,Normal Sales,Normal Sales,0,1,85.0,24,2.0,Flash Sale
2026-08-11 12:00:00,807.79,475.47,26.17,47.4,35.67,23.93,Normal Sales,Normal Sales,0,1,84.0,24,2.0,Flash Sale
2026-08-11 13:00:00,897.28,548.13,28.44,54.35,36.91,26.01,Normal Sales,Normal Sales,0,1,83.0,24,2.0,Flash Sale
2026-08-11 14:00:00,822.26,486.38,28.23,45.95,38.79,19.65,Normal Sales,Normal Sales,0,1,82.0,24,2.0,Flash Sale
2026-08-11 15:00:00,873.89,523.8,25.05,53.27,40.06,25.55,Normal Sales,Normal Sales,0,1,81.0,24,2.0,Flash Sale
2026-08-11 16:00:00,905.7,567.72,29.63,50.36,38.04,25.19,Normal Sales,Normal Sales,0,1,80.0,24,2.0,Flash Sale
2026-08-11 17:00:00,1135.2,679.57,39.17,58.49,42.29,26.93,Normal Sales,Normal Sales,0,1,79.0,24,2.0,Flash Sale
2026-08-11 18:00:00,1186.82,693.73,38.41,61.08,48.91,27.14,Normal Sales,Normal Sales,0,1,78.0,24,2.0,Flash Sale
2026-08-11 19:00:00,1266.12,767.31,39.95,59.84,45.81,29.32,Normal Sales,Normal Sales,0,1,77.0,24,2.0,Flash Sale
2026-08-11 20:00:00,1174.62,717.25,37.97,57.64,39.11,30.11,Normal Sales,Normal Sales,0,1,76.0,24,2.0,Flash Sale
2026-08-11 21:00:00,945.37,566.2,31.86,54.53,40.12,28.82,Normal Sales,Normal Sales,0,1,75.0,24,2.0,Flash Sale
2026-08-11 22:00:00,1047.62,712.79,36.83,55.5,40.92,30.08,Normal Sales,Normal Sales,0,1,74.0,24,2.0,Flash Sale
2026-08-11 23:00:00,1016.93,646.18,33.13,53.68,41.2,25.18,Normal Sales,Normal Sales,0,1,73.0,24,2.0,Flash Sale
2026-08-12 00:00:00,404.27,220.93,8.85,28.81,31.69,18.33,Normal Sales,Normal Sales,0,1,72.0,24,2.0,Flash Sale
2026-08-12 01:00:00,405.94,276.47,16.98,34.2,31.03,19.17,Normal Sales,Normal Sales,0,1,71.0,24,2.0,Flash Sale
2026-08-12 02:00:00,401.01,194.27,12.96,30.94,28.38,19.71,Normal Sales,Normal Sales,0,1,70.0,24,2.0,Flash Sale
2026-08-12 03:00:00,392.07,240.39,15.27,32.5,33.34,17.31,Normal Sales,Normal Sales,0,1,69.0,24,2.0,Flash Sale
2026-08-12 04:00:00,438.15,252.21,16.51,27.19,29.25,18.9,Normal Sales,Normal Sales,0,1,68.0,24,2.0,Flash Sale
2026-08-12 05:00:00,395.9,243.59,13.48,29.15,28.5,18.55,Normal Sales,Normal Sales,0,1,67.0,24,2.0,Flash Sale
2026-08-12 06:00:00,564.1,383.27,20.7,41.56,34.48,20.38,Normal Sales,Normal Sales,0,1,66.0,24,2.0,Flash Sale
2026-08-12 07:00:00,525.76,355.59,17.6,37.2,32.64,20.79,Normal Sales,Normal Sales,0,1,65.0,24,2.0,Flash Sale
2026-08-12 08:00:00,611.61,379.34,20.61,42.51,35.6,20.01,Normal Sales,Normal Sales,0,1,64.0,24,2.0,Flash Sale
2026-08-12 09:00:00,719.32,425.39,23.3,39.78,36.41,22.38,Normal Sales,Normal Sales,0,1,63.0,24,2.0,Flash Sale
2026-08-12 10:00:00,666.08,377.82,15.01,39.47,37.47,17.66,Normal Sales,Normal Sales,0,1,62.0,24,2.0,Flash Sale
2026-08-12 11:00:00,712.64,437.74,21.95,40.73,37.2,21.95,Normal Sales,Normal Sales,0,1,61.0,24,2.0,Flash Sale
2026-08-12 12:00:00,706.37,385.75,25.63,43.83,35.1,21.82,Normal Sales,Normal Sales,0,1,60.0,24,2.0,Flash Sale
2026-08-12 13:00:00,832.03,528.62,27.37,47.09,39.06,28.12,Normal Sales,Normal Sales,0,1,59.0,24,2.0,Flash Sale
2026-08-12 14:00:00,884.48,579.23,31.23,49.58,35.16,26.63,Normal Sales,Normal Sales,0,1,58.0,24,2.0,Flash Sale
2026-08-12 15:00:00,869.03,531.3,27.67,51.97,40.04,27.91,Normal Sales,Normal Sales,0,1,57.0,24,2.0,Flash Sale
2026-08-12 16:00:00,812.2,485.86,29.13,46.24,36.67,23.15,Normal Sales,Normal Sales,0,1,56.0,24,2.0,Flash Sale
2026-08-12 17:00:00,1211.3,776.08,42.36,64.59,45.53,29.65,Normal Sales,Normal Sales,0,1,55.0,24,2.0,Flash Sale
2026-08-12 18:00:00,1158.69,707.13,36.22,57.81,46.72,29.62,Normal Sales,Normal Sales,0,1,54.0,24,2.0,Flash Sale
2026-08-12 19:00:00,1165.52,770.52,40.52,59.59,46.27,32.59,Normal Sales,Normal Sales,0,1,53.0,24,2.0,Flash Sale
2026-08-12 20:00:00,1204.09,767.33,42.8,59.2,39.67,30.05,Normal Sales,Normal Sales,0,1,52.0,24,2.0,Flash Sale
2026-08-12 21:00:00,993.78,605.43,34.22,53.66,37.51,26.32,Normal Sales,Normal Sales,0,1,51.0,24,2.0,Flash Sale
2026-08-12 22:00:00,959.56,575.25,30.91,52.54,40.46,28.47,Normal Sales,Normal Sales,0,1,50.0,24,2.0,Flash Sale
2026-08-12 23:00:00,960.72,571.75,30.49,51.47,43.01,25.35,Normal Sales,Normal Sales,0,1,49.0,24,2.0,Flash Sale
2026-08-13 00:00:00,369.17,239.9,11.68,28.54,30.31,19.94,Normal Sales,Normal Sales,0,1,48.0,24,2.0,Flash Sale
2026-08-13 01:00:00,392.59,255.82,15.43,34.63,29.21,16.15,Normal Sales,Normal Sales,0,1,47.0,24,2.0,Flash Sale
2026-08-13 02:00:00,384.29,258.03,15.53,30.29,34.8,16.3,Normal Sales,Normal Sales,0,1,46.0,24,2.0,Flash Sale
2026-08-13 03:00:00,424.38,301.11,16.78,33.02,29.72,19.0,Normal Sales,Normal Sales,0,1,45.0,24,2.0,Flash Sale
2026-08-13 04:00:00,426.03,234.14,9.2,32.85,32.41,21.79,Normal Sales,Normal Sales,0,1,44.0,24,2.0,Flash Sale
2026-08-13 05:00:00,376.25,229.91,14.97,31.66,30.01,19.33,Normal Sales,Normal Sales,0,1,43.0,24,2.0,Flash Sale
2026-08-13 06:00:00,566.33,372.41,17.98,35.49,33.08,16.18,Normal Sales,Normal Sales,0,1,42.0,24,2.0,Flash Sale
2026-08-13 07:00:00,586.3,320.19,18.18,37.56,33.83,20.88,Normal Sales,Normal Sales,0,1,41.0,24,2.0,Flash Sale
2026-08-13 08:00:00,589.79,358.34,23.37,39.83,35.57,23.1,Normal Sales,Normal Sales,0,1,40.0,24,2.0,Flash Sale
2026-08-13 09:00:00,788.97,540.73,30.07,48.63,36.11,25.01,Normal Sales,Normal Sales,0,1,39.0,24,2.0,Flash Sale
2026-08-13 10:00:00,735.55,472.97,24.19,45.35,37.62,24.12,Normal Sales,Normal Sales,0,1,38.0,24,2.0,Flash Sale
2026-08-13 11:00:00,729.26,469.62,25.66,37.79,34.43,26.54,Normal Sales,Normal Sales,0,1,37.0,24,2.0,Flash Sale
2026-08-13 12:00:00,820.12,521.63,30.26,46.09,37.42,27.51,Normal Sales,Normal Sales,0,1,36.0,24,2.0,Flash Sale
2026-08-13 13:00:00,871.45,541.92,29.43,52.29,41.06,26.85,Normal Sales,Normal Sales,0,1,35.0,24,2.0,Flash Sale
2026-08-13 14:00:00,856.11,521.87,30.09,45.58,36.76,22.14,Normal Sales,Normal Sales,0,1,34.0,24,2.0,Flash Sale
2026-08-13 15:00:00,905.98,543.69,30.71,49.4,45.2,26.48,Normal Sales,Normal Sales,0,1,33.0,24,2.0,Flash Sale
2026-08-13 16:00:00,773.84,509.16,27.23,46.6,35.81,25.12,Normal Sales,Normal Sales,0,1,32.0,24,2.0,Flash Sale
2026-08-13 17:00:00,1223.62,742.51,39.82,61.46,40.12,27.68,Normal Sales,Normal Sales,0,1,31.0,24,2.0,Flash Sale
2026-08-13 18:00:00,1313.81,822.76,44.2,61.29,46.22,34.54,Normal Sales,Normal Sales,0,1,30.0,24,2.0,Flash Sale
2026-08-13 19:00:00,1372.57,898.29,47.63,68.16,44.39,32.77,Normal Sales,Normal Sales,0,1,29.0,24,2.0,Flash Sale
2026-08-13 20:00:00,1199.65,734.61,44.51,57.37,44.3,26.24,Normal Sales,Normal Sales,0,1,28.0,24,2.0,Flash Sale
2026-08-13 21:00:00,958.7,560.85,33.05,50.18,37.49,21.82,Normal Sales,Normal Sales,0,1,27.0,24,2.0,Flash Sale
2026-08-13 22:00:00,896.95,562.1,31.76,49.22,41.1,23.78,Normal Sales,Normal Sales,0,1,26.0,24,2.0,Flash Sale
2026-08-13 23:00:00,805.08,506.21,30.42,50.47,35.09,23.57,Normal Sales,Normal Sales,0,1,25.0,24,2.0,Flash Sale
2026-08-14 00:00:00,419.02,244.11,13.64,30.55,28.94,16.31,Normal Sales,Normal Sales,0,1,24.0,24,2.0,Flash Sale
2026-08-14 01:00:00,423.71,263.04,17.01,34.53,34.42,20.21,Normal Sales,Normal Sales,0,1,23.0,24,2.0,Flash Sale
2026-08-14 02:00:00,419.74,257.22,20.17,33.21,27.19,18.97,Normal Sales,Normal Sales,0,1,22.0,24,2.0,Flash Sale
2026-08-14 03:00:00,384.52,263.83,15.96,32.47,28.76,18.89,Normal Sales,Normal Sales,0,1,21.0,24,2.0,Flash Sale
2026-08-14 04:00:00,391.42,262.37,15.54,40.28,29.76,17.95,Normal Sales,Normal Sales,0,1,20.0,24,2.0,Flash Sale
2026-08-14 05:00:00,401.25,246.0,15.58,31.59,34.77,19.31,Normal Sales,Normal Sales,0,1,19.0,24,2.0,Flash Sale
2026-08-14 06:00:00,569.92,334.82,20.5,37.7,33.71,19.17,Normal Sales,Normal Sales,0,1,18.0,24,2.0,Flash Sale
2026-08-14 07:00:00,582.32,345.06,21.7,39.98,33.55,20.25,Normal Sales,Normal Sales,0,1,17.0,24,2.0,Flash Sale
2026-08-14 08:00:00,586.8,363.68,18.09,34.31,32.38,20.83,Normal Sales,Normal Sales,0,1,16.0,24,2.0,Flash Sale
2026-08-14 09:00:00,735.66,476.59,25.75,50.02,35.38,24.2,Normal Sales,Normal Sales,0,1,15.0,24,2.0,Flash Sale
2026-08-14 10:00:00,752.8,477.73,28.41,47.04,32.74,24.94,Normal Sales,Normal Sales,0,1,14.0,24,2.0,Flash Sale
2026-08-14 11:00:00,725.23,441.9,25.68,40.89,38.64,22.34,Normal Sales,Normal Sales,0,1,13.0,24,2.0,Flash Sale
2026-08-14 12:00:00,846.75,526.7,32.38,51.47,37.17,22.56,Normal Sales,Normal Sales,0,1,12.0,24,2.0,Flash Sale
2026-08-14 13:00:00,858.55,517.73,31.63,47.55,37.99,22.15,Normal Sales,Normal Sales,0,1,11.0,24,2.0,Flash Sale
2026-08-14 14:00:00,871.59,511.03,28.99,49.42,37.32,26.69,Normal Sales,Normal Sales,0,1,10.0,24,2.0,Flash Sale
2026-08-14 15:00:00,841.97,485.24,29.78,44.26,39.33,24.98,Normal Sales,Normal Sales,0,1,9.0,24,2.0,Flash Sale
2026-08-14 16:00:00,870.31,548.89,28.25,53.89,40.71,26.67,Normal Sales,Normal Sales,0,1,8.0,24,2.0,Flash Sale
2026-08-14 17:00:00,1132.3,677.56,38.58,52.54,43.93,26.28,Normal Sales,Normal Sales,0,1,7.0,24,2.0,Flash Sale
2026-08-14 18:00:00,1160.5,684.23,38.12,60.87,44.42,30.02,Normal Sales,Normal Sales,0,1,6.0,24,2.0,Flash Sale
2026-08-14 19:00:00,1223.34,775.54,43.59,55.9,46.61,32.99,Normal Sales,Normal Sales,0,1,5.0,24,2.0,Flash Sale
2026-08-14 20:00:00,1191.17,689.17,38.39,59.36,43.37,29.6,Normal Sales,Normal Sales,0,1,4.0,24,2.0,Flash Sale
2026-08-14 21:00:00,994.13,676.3,37.49,57.22,39.25,27.9,Normal Sales,Normal Sales,0,1,3.0,24,2.0,Flash Sale
2026-08-14 22:00:00,937.14,610.47,35.21,57.79,36.95,24.61,Normal Sales,Normal Sales,0,1,2.0,24,2.0,Flash Sale
2026-08-14 23:00:00,995.56,653.47,36.01,44.21,39.44,29.01,Normal Sales,Normal Sales,0,1,1.0,24,2.0,Flash Sale
2026-08-15 00:00:00,888.69,555.62,34.36,53.68,40.73,25.76,Flash Sale,Flash Sale,1,0,-1.0,0,2.0,
2026-08-15 01:00:00,907.52,581.61,32.04,51.58,36.33,25.11,Flash Sale,Flash Sale,1,0,-1.0,0,2.0,
2026-08-15 02:00:00,965.52,571.09,31.94,52.45,41.36,27.4,Flash Sale,Flash Sale,1,0,-1.0,0,2.0,
2026-08-15 03:00:00,959.74,579.45,28.93,49.57,41.78,24.08,Flash Sale,Flash Sale,1,0,-1.0,0,2.0,
2026-08-15 04:00:00,882.12,520.76,24.95,45.62,41.0,23.59,Flash Sale,Flash Sale,1,0,-1.0,0,2.0,
2026-08-15 05:00:00,849.16,513.69,29.27,43.33,40.34,21.96,Flash Sale,Flash Sale,1,0,-1.0,0,2.0,
2026-08-15 06:00:00,1317.53,806.66,43.24,64.68,47.96,32.08,Flash Sale,Flash Sale,1,0,-1.0,0,2.0,
2026-08-15 07:00:00,1303.4,819.54,45.49,63.63,46.24,30.98,Flash Sale,Flash Sale,1,0,-1.0,0,2.0,
2026-08-15 08:00:00,1285.93,817.42,45.85,67.0,47.13,30.66,Flash Sale,Flash Sale,1,0,-1.0,0,2.0,
2026-08-15 09:00:00,1845.68,1136.88,64.39,83.61,56.0,41.11,Flash Sale,Flash Sale,1,0,-1.0,0,2.0,
2026-08-15 10:00:00,1829.15,1093.21,56.97,83.51,55.81,37.78,Flash Sale,Flash Sale,1,0,-1.0,0,2.0,
2026-08-15 11:00:00,1789.7,1074.41,65.62,83.95,55.67,39.01,Flash Sale,Flash Sale,1,0,-1.0,0,2.0,
2026-08-15 12:00:00,1703.3,1023.29,56.05,75.53,51.35,34.75,Flash Sale,Flash Sale,1,0,-1.0,0,2.0,
2026-08-15 13:00:00,1988.99,1223.75,68.38,90.12,58.27,47.91,Flash Sale,Flash Sale,1,0,-1.0,0,2.0,
2026-08-15 14:00:00,2045.37,1236.62,68.93,89.88,56.09,40.07,Flash Sale,Flash Sale,1,0,-1.0,0,2.0,
2026-08-15 15:00:00,2008.98,1263.01,67.37,93.33,58.72,45.97,Flash Sale,Flash Sale,1,0,-1.0,0,2.0,
2026-08-15 16:00:00,2071.49,1280.36,73.69,89.38,64.0,42.25,Flash Sale,Flash Sale,1,0,-1.0,0,2.0,
2026-08-15 17:00:00,2784.91,1712.46,93.43,98.0,70.42,56.51,Flash Sale,Flash Sale,1,0,-1.0,0,2.0,
2026-08-15 18:00:00,2758.75,1733.84,94.27,98.0,72.16,53.9,Flash Sale,Flash Sale,1,0,-1.0,0,2.0,
2026-08-15 19:00:00,3176.53,1986.47,108.8,98.0,78.18,59.23,Flash Sale,Flash Sale,1,0,-1.0,0,2.0,
2026-08-15 20:00:00,3040.38,1895.82,104.09,98.0,74.24,57.08,Flash Sale,Flash Sale,1,0,-1.0,0,2.0,
2026-08-15 21:00:00,2157.12,1340.6,74.79,91.89,59.76,39.35,Flash Sale,Flash Sale,1,0,-1.0,0,2.0,
2026-08-15 22:00:00,2042.89,1284.47,72.57,89.29,58.08,44.16,Flash Sale,Flash Sale,1,0,-1.0,0,2.0,
2026-08-15 23:00:00,2288.29,1456.97,80.44,98.0,60.01,48.64,Flash Sale,Flash Sale,1,0,-1.0,0,2.0,
2026-08-16 00:00:00,590.86,398.59,22.27,41.42,32.67,21.25,Weekend Sales,Weekend Sales,0,0,-1.0,0,1.0,
2026-08-16 01:00:00,539.27,338.11,20.62,39.93,34.21,18.45,Weekend Sales,Weekend Sales,0,0,-1.0,0,1.0,
2026-08-16 02:00:00,509.59,293.75,16.63,30.23,32.65,22.16,Weekend Sales,Weekend Sales,0,0,-1.0,0,1.0,
2026-08-16 03:00:00,553.17,334.2,16.98,39.48,34.02,19.86,Weekend Sales,Weekend Sales,0,0,-1.0,0,1.0,
2026-08-16 04:00:00,519.55,324.03,17.22,38.7,35.31,17.37,Weekend Sales,Weekend Sales,0,0,-1.0,0,1.0,
2026-08-16 05:00:00,502.51,345.26,19.32,34.73,34.51,21.31,Weekend Sales,Weekend Sales,0,0,-1.0,0,1.0,
2026-08-16 06:00:00,858.42,526.34,31.17,44.93,41.39,27.05,Weekend Sales,Weekend Sales,0,0,-1.0,0,1.0,
2026-08-16 07:00:00,835.27,545.63,29.81,46.31,37.0,22.12,Weekend Sales,Weekend Sales,0,0,-1.0,0,1.0,
2026-08-16 08:00:00,737.63,467.98,25.64,44.4,34.95,20.15,Weekend Sales,Weekend Sales,0,0,-1.0,0,1.0,
2026-08-16 09:00:00,1020.36,642.1,33.33,53.72,44.43,30.37,Weekend Sales,Weekend Sales,0,0,-1.0,0,1.0,
2026-08-16 10:00:00,936.11,578.27,34.71,50.97,39.38,28.64,Weekend Sales,Weekend Sales,0,0,-1.0,0,1.0,
2026-08-16 11:00:00,1061.06,681.24,36.94,58.8,45.03,28.93,Weekend Sales,Weekend Sales,0,0,-1.0,0,1.0,
2026-08-16 12:00:00,990.76,645.02,39.57,60.24,40.09,27.58,Weekend Sales,Weekend Sales,0,0,-1.0,0,1.0,
2026-08-16 13:00:00,1071.96,667.57,34.57,55.3,43.63,29.47,Weekend Sales,Weekend Sales,0,0,-1.0,0,1.0,
2026-08-16 14:00:00,1027.8,676.49,35.03,54.26,38.99,27.59,Weekend Sales,Weekend Sales,0,0,-1.0,0,1.0,
2026-08-16 15:00:00,1079.44,647.44,30.68,56.1,42.81,32.67,Weekend Sales,Weekend Sales,0,0,-1.0,0,1.0,
2026-08-16 16:00:00,1157.6,705.3,36.39,58.76,44.58,28.63,Weekend Sales,Weekend Sales,0,0,-1.0,0,1.0,
2026-08-16 17:00:00,1610.86,1046.16,56.77,73.25,53.13,38.78,Weekend Sales,Weekend Sales,0,0,-1.0,0,1.0,
2026-08-16 18:00:00,1468.73,921.3,48.68,72.31,52.78,34.68,Weekend Sales,Weekend Sales,0,0,-1.0,0,1.0,
2026-08-16 19:00:00,1692.94,1018.91,53.0,82.44,53.4,38.75,Weekend Sales,Weekend Sales,0,0,-1.0,0,1.0,
2026-08-16 20:00:00,1698.46,1039.85,58.84,80.06,50.28,41.02,Weekend Sales,Weekend Sales,0,0,-1.0,0,1.0,
2026-08-16 21:00:00,1330.7,792.94,44.01,63.75,49.46,29.0,Weekend Sales,Weekend Sales,0,0,-1.0,0,1.0,
2026-08-16 22:00:00,1474.06,909.56,51.5,74.19,48.67,34.51,Weekend Sales,Weekend Sales,0,0,-1.0,0,1.0,
2026-08-16 23:00:00,1217.67,732.82,40.85,60.38,43.68,29.42,Weekend Sales,Weekend Sales,0,0,-1.0,0,1.0,
2026-08-17 00:00:00,416.64,238.38,12.62,34.31,31.58,15.86,Normal Sales,Normal Sales,0,0,-1.0,0,1.0,
2026-08-17 01:00:00,404.49,261.71,16.37,31.12,29.76,17.15,Normal Sales,Normal Sales,0,0,-1.0,0,1.0,
2026-08-17 02:00:00,391.9,253.11,15.11,35.15,30.48,15.52,Normal Sales,Normal Sales,0,0,-1.0,0,1.0,
2026-08-17 03:00:00,418.53,263.47,14.61,30.0,30.72,16.2,Normal Sales,Normal Sales,0,0,-1.0,0,1.0,
2026-08-17 04:00:00,414.73,246.39,12.51,28.56,33.1,17.64,Normal Sales,Normal Sales,0,0,-1.0,0,1.0,
2026-08-17 05:00:00,406.74,233.79,9.56,30.45,30.17,18.43,Normal Sales,Normal Sales,0,0,-1.0,0,1.0,
2026-08-17 06:00:00,574.58,338.28,15.6,37.94,32.17,23.1,Normal Sales,Normal Sales,0,0,-1.0,0,1.0,
2026-08-17 07:00:00,589.36,379.45,20.37,40.29,32.24,19.13,Normal Sales,Normal Sales,0,0,-1.0,0,1.0,
2026-08-17 08:00:00,585.41,377.21,16.86,38.41,37.64,22.39,Normal Sales,Normal Sales,0,0,-1.0,0,1.0,
2026-08-17 09:00:00,823.76,494.88,26.3,49.28,39.25,24.18,Normal Sales,Normal Sales,0,0,-1.0,0,1.0,
2026-08-17 10:00:00,716.67,473.25,31.05,41.1,38.99,22.89,Normal Sales,Normal Sales,0,0,-1.0,0,1.0,
2026-08-17 11:00:00,752.2,473.1,23.61,45.21,33.56,24.78,Normal Sales,Normal Sales,0,0,-1.0,0,1.0,
2026-08-17 12:00:00,850.39,511.25,27.78,47.51,40.43,25.59,Normal Sales,Normal Sales,0,0,-1.0,0,1.0,
2026-08-17 13:00:00,894.29,541.8,30.67,41.12,40.54,23.11,Normal Sales,Normal Sales,0,0,-1.0,0,1.0,
2026-08-17 14:00:00,840.94,540.02,26.63,51.75,38.05,28.41,Normal Sales,Normal Sales,0,0,-1.0,0,1.0,
2026-08-17 15:00:00,816.35,460.82,25.29,46.74,39.22,21.25,Normal Sales,Normal Sales,0,0,-1.0,0,1.0,
2026-08-17 16:00:00,785.5,479.2,27.39,47.01,40.5,23.23,Normal Sales,Normal Sales,0,0,-1.0,0,1.0,
2026-08-17 17:00:00,1102.86,713.69,39.64,59.64,44.28,32.37,Normal Sales,Normal Sales,0,0,-1.0,0,1.0,
2026-08-17 18:00:00,1213.53,781.8,44.1,61.25,44.16,32.78,Normal Sales,Normal Sales,0,0,-1.0,0,1.0,
2026-08-17 19:00:00,1171.87,748.72,41.5,62.02,46.8,31.43,Normal Sales,Normal Sales,0,0,-1.0,0,1.0,
2026-08-17 20:00:00,1219.26,753.88,41.19,62.46,47.45,29.62,Normal Sales,Normal Sales,0,0,-1.0,0,1.0,
2026-08-17 21:00:00,912.46,597.85,31.75,52.74,38.33,23.59,Normal Sales,Normal Sales,0,0,-1.0,0,1.0,
2026-08-17 22:00:00,954.31,619.55,33.95,49.81,40.44,25.98,Normal Sales,Normal Sales,0,0,-1.0,0,1.0,
2026-08-17 23:00:00,821.18,507.11,28.93,50.33,41.47,25.98,Normal Sales,Normal Sales,0,0,-1.0,0,1.0,
2026-08-18 00:00:00,424.09,230.82,15.94,34.95,30.48,19.13,Normal Sales,Normal Sales,0,0,-1.0,0,1.0,
2026-08-18 01:00:00,416.94,295.26,15.94,32.76,30.11,21.18,Normal Sales,Normal Sales,0,0,-1.0,0,1.0,
2026-08-18 02:00:00,366.28,152.17,10.16,28.46,30.26,13.19,Normal Sales,Normal Sales,0,0,-1.0,0,1.0,
2026-08-18 03:00:00,370.53,213.87,12.49,29.12,32.1,15.44,Normal Sales,Normal Sales,0,0,-1.0,0,1.0,
2026-08-18 04:00:00,394.65,262.26,13.67,32.14,29.42,16.9,Normal Sales,Normal Sales,0,0,-1.0,0,1.0,
2026-08-18 05:00:00,412.35,267.75,15.18,31.81,30.61,21.89,Normal Sales,Normal Sales,0,0,-1.0,0,1.0,
2026-08-18 06:00:00,543.66,384.22,21.33,39.19,35.15,17.47,Normal Sales,Normal Sales,0,0,-1.0,0,1.0,
2026-08-18 07:00:00,625.64,434.34,26.06,37.29,36.16,26.15,Normal Sales,Normal Sales,0,0,-1.0,0,1.0,
2026-08-18 08:00:00,630.39,355.64,21.59,43.54,34.78,17.99,Normal Sales,Normal Sales,0,0,-1.0,0,1.0,
2026-08-18 09:00:00,797.04,520.51,28.35,44.82,39.51,23.48,Normal Sales,Normal Sales,0,0,-1.0,0,1.0,
2026-08-18 10:00:00,780.53,522.88,25.44,50.04,36.86,24.71,Normal Sales,Normal Sales,0,0,-1.0,0,1.0,
2026-08-18 11:00:00,785.01,467.42,23.36,40.85,39.81,22.94,Normal Sales,Normal Sales,0,0,-1.0,0,1.0,
2026-08-18 12:00:00,787.14,475.9,23.85,47.34,38.04,23.42,Normal Sales,Normal Sales,0,0,-1.0,0,1.0,
2026-08-18 13:00:00,868.28,514.32,30.41,51.32,40.28,24.11,Normal Sales,Normal Sales,0,0,-1.0,0,1.0,
2026-08-18 14:00:00,857.9,571.12,33.97,55.55,37.02,24.54,Normal Sales,Normal Sales,0,0,-1.0,0,1.0,
2026-08-18 15:00:00,861.11,544.06,29.64,48.4,41.17,25.42,Normal Sales,Normal Sales,0,0,-1.0,0,1.0,
2026-08-18 16:00:00,803.39,470.61,26.38,53.11,35.71,23.14,Normal Sales,Normal Sales,0,0,-1.0,0,1.0,
2026-08-18 17:00:00,1361.67,832.13,46.68,71.03,45.25,32.18,Normal Sales,Normal Sales,0,0,-1.0,0,1.0,
2026-08-18 18:00:00,1186.08,697.42,41.5,57.41,42.41,28.55,Normal Sales,Normal Sales,0,0,-1.0,0,1.0,
2026-08-18 19:00:00,1271.97,791.44,41.95,64.81,47.25,31.74,Normal Sales,Normal Sales,0,0,-1.0,0,1.0,
2026-08-18 20:00:00,1201.25,770.17,42.0,66.29,42.91,29.69,Normal Sales,Normal Sales,0,0,-1.0,0,1.0,
2026-08-18 21:00:00,902.68,553.69,30.46,46.82,39.54,26.97,Normal Sales,Normal Sales,0,0,-1.0,0,1.0,
2026-08-18 22:00:00,876.13,530.17,30.29,46.14,38.26,27.43,Normal Sales,Normal Sales,0,0,-1.0,0,1.0,
2026-08-18 23:00:00,1030.26,649.76,35.4,54.23,43.34,30.51,Normal Sales,Normal Sales,0,0,-1.0,0,1.0,
2026-08-19 00:00:00,381.93,259.56,13.06,30.59,30.19,20.47,Normal Sales,Normal Sales,0,0,-1.0,0,1.0,
2026-08-19 01:00:00,411.64,262.28,15.13,34.26,30.77,19.82,Normal Sales,Normal Sales,0,0,-1.0,0,1.0,
2026-08-19 02:00:00,392.0,259.31,15.98,34.55,32.17,19.41,Normal Sales,Normal Sales,0,0,-1.0,0,1.0,
2026-08-19 03:00:00,429.15,209.29,13.22,35.79,30.05,15.76,Normal Sales,Normal Sales,0,0,-1.0,0,1.0,
2026-08-19 04:00:00,431.44,244.33,12.1,32.87,29.74,19.86,Normal Sales,Normal Sales,0,0,-1.0,0,1.0,
2026-08-19 05:00:00,389.34,250.41,14.34,36.54,32.95,17.2,Normal Sales,Normal Sales,0,0,-1.0,0,1.0,
2026-08-19 06:00:00,548.51,361.03,18.55,37.8,31.21,22.38,Normal Sales,Normal Sales,0,0,-1.0,0,1.0,
2026-08-19 07:00:00,566.61,350.42,19.23,38.76,34.96,20.27,Normal Sales,Normal Sales,0,0,-1.0,0,1.0,
2026-08-19 08:00:00,563.83,303.08,16.87,35.76,32.16,19.7,Normal Sales,Normal Sales,0,0,-1.0,0,1.0,
2026-08-19 09:00:00,798.47,522.85,25.69,47.01,39.5,28.26,Normal Sales,Normal Sales,0,0,-1.0,0,1.0,
2026-08-19 10:00:00,734.41,489.79,24.24,48.79,35.92,27.37,Normal Sales,Normal Sales,0,0,-1.0,0,1.0,
2026-08-19 11:00:00,747.93,455.97,24.81,40.66,33.19,24.42,Normal Sales,Normal Sales,0,0,-1.0,0,1.0,
2026-08-19 12:00:00,803.54,513.39,25.73,48.73,35.68,25.65,Normal Sales,Normal Sales,0,0,-1.0,0,1.0,
2026-08-19 13:00:00,904.19,569.78,34.28,50.5,38.94,26.38,Normal Sales,Normal Sales,0,0,-1.0,0,1.0,
2026-08-19 14:00:00,798.33,484.89,26.04,45.5,38.11,21.16,Normal Sales,Normal Sales,0,0,-1.0,0,1.0,
2026-08-19 15:00:00,806.76,528.49,25.05,49.78,36.97,25.53,Normal Sales,Normal Sales,0,0,-1.0,0,1.0,
2026-08-19 16:00:00,922.45,568.64,32.53,51.11,39.46,25.75,Normal Sales,Normal Sales,0,0,-1.0,0,1.0,
2026-08-19 17:00:00,1258.74,762.13,39.65,62.55,45.78,27.4,Normal Sales,Normal Sales,0,0,-1.0,0,1.0,
2026-08-19 18:00:00,1215.47,722.92,41.01,55.75,48.51,29.4,Normal Sales,Normal Sales,0,0,-1.0,0,1.0,
2026-08-19 19:00:00,1163.52,714.31,40.4,61.68,43.23,26.98,Normal Sales,Normal Sales,0,0,-1.0,0,1.0,
2026-08-19 20:00:00,1142.4,715.44,41.32,62.13,43.76,31.82,Normal Sales,Normal Sales,0,0,-1.0,0,1.0,
2026-08-19 21:00:00,1036.3,672.27,38.82,54.53,43.54,29.73,Normal Sales,Normal Sales,0,0,-1.0,0,1.0,
2026-08-19 22:00:00,976.63,637.04,35.75,54.22,38.46,27.33,Normal Sales,Normal Sales,0,0,-1.0,0,1.0,
2026-08-19 23:00:00,955.93,599.62,33.47,55.03,41.98,26.87,Normal Sales,Normal Sales,0,0,-1.0,0,1.0,
2026-08-20 00:00:00,388.39,250.38,18.26,33.18,30.01,19.33,Normal Sales,Normal Sales,0,0,-1.0,0,1.0,
2026-08-20 01:00:00,417.65,273.56,17.79,34.62,33.75,19.3,Normal Sales,Normal Sales,0,0,-1.0,0,1.0,
2026-08-20 02:00:00,436.24,300.64,18.38,36.99,36.02,21.67,Normal Sales,Normal Sales,0,0,-1.0,0,1.0,
2026-08-20 03:00:00,388.34,246.92,13.05,37.38,33.1,22.24,Normal Sales,Normal Sales,0,0,-1.0,0,1.0,
2026-08-20 04:00:00,390.16,269.44,12.09,29.27,29.84,21.76,Normal Sales,Normal Sales,0,0,-1.0,0,1.0,
2026-08-20 05:00:00,385.44,238.55,15.5,33.93,34.98,17.97,Normal Sales,Normal Sales,0,0,-1.0,0,1.0,
2026-08-20 06:00:00,572.88,327.83,17.29,34.58,30.15,24.12,Normal Sales,Normal Sales,0,0,-1.0,0,1.0,
2026-08-20 07:00:00,587.25,428.88,21.91,40.93,32.43,21.44,Normal Sales,Normal Sales,0,0,-1.0,0,1.0,
2026-08-20 08:00:00,611.41,393.23,23.38,43.94,36.61,19.81,Normal Sales,Normal Sales,0,0,-1.0,0,1.0,
2026-08-20 09:00:00,746.01,465.56,33.06,46.85,36.9,24.99,Normal Sales,Normal Sales,0,0,-1.0,0,1.0,
2026-08-20 10:00:00,742.97,467.2,27.61,44.9,35.12,23.52,Normal Sales,Normal Sales,0,0,-1.0,0,1.0,
2026-08-20 11:00:00,753.83,433.45,22.7,40.05,34.34,20.55,Normal Sales,Normal Sales,0,0,-1.0,0,1.0,
2026-08-20 12:00:00,802.59,534.84,26.34,52.44,35.39,26.86,Normal Sales,Normal Sales,0,0,-1.0,0,1.0,
2026-08-20 13:00:00,867.27,553.6,28.12,45.32,37.14,26.69,Normal Sales,Normal Sales,0,0,-1.0,0,1.0,
2026-08-20 14:00:00,939.97,557.04,30.44,48.71,39.95,22.06,Normal Sales,Normal Sales,0,0,-1.0,0,1.0,
2026-08-20 15:00:00,920.33,571.2,33.25,50.49,40.03,28.54,Normal Sales,Normal Sales,0,0,-1.0,0,1.0,
2026-08-20 16:00:00,861.84,538.53,28.03,47.79,36.63,23.99,Normal Sales,Normal Sales,0,0,-1.0,0,1.0,
2026-08-20 17:00:00,1292.82,846.76,44.08,67.43,45.34,35.96,Normal Sales,Normal Sales,0,0,-1.0,0,1.0,
2026-08-20 18:00:00,1224.91,759.25,40.27,58.14,46.35,31.69,Normal Sales,Normal Sales,0,0,-1.0,0,1.0,
2026-08-20 19:00:00,1239.66,753.61,41.16,63.81,47.04,28.48,Normal Sales,Normal Sales,0,0,-1.0,0,1.0,
2026-08-20 20:00:00,1178.17,695.72,38.67,60.94,43.47,28.07,Normal Sales,Normal Sales,0,0,-1.0,0,1.0,
2026-08-20 21:00:00,930.46,634.54,37.28,55.83,40.46,27.84,Normal Sales,Normal Sales,0,0,-1.0,0,1.0,
2026-08-20 22:00:00,903.42,533.58,28.21,46.85,38.14,25.14,Normal Sales,Normal Sales,0,0,-1.0,0,1.0,
2026-08-20 23:00:00,945.13,570.47,32.37,50.76,40.5,24.77,Normal Sales,Normal Sales,0,0,-1.0,0,1.0,
2026-08-21 00:00:00,419.82,246.92,16.8,31.91,30.95,19.36,Normal Sales,Normal Sales,0,0,-1.0,0,1.0,
2026-08-21 01:00:00,422.24,284.78,19.21,35.85,31.04,18.06,Normal Sales,Normal Sales,0,0,-1.0,0,1.0,
2026-08-21 02:00:00,403.05,286.99,13.01,32.09,30.41,17.51,Normal Sales,Normal Sales,0,0,-1.0,0,1.0,
2026-08-21 03:00:00,397.47,291.59,15.44,35.33,27.44,17.08,Normal Sales,Normal Sales,0,0,-1.0,0,1.0,
2026-08-21 04:00:00,424.69,305.01,17.22,34.36,32.21,14.43,Normal Sales,Normal Sales,0,0,-1.0,0,1.0,
2026-08-21 05:00:00,410.41,228.3,14.14,26.08,29.72,17.63,Normal Sales,Normal Sales,0,0,-1.0,0,1.0,
2026-08-21 06:00:00,563.78,340.16,20.52,37.76,31.72,22.38,Normal Sales,Normal Sales,0,0,-1.0,0,1.0,
2026-08-21 07:00:00,593.46,375.26,18.85,33.27,32.28,19.37,Normal Sales,Normal Sales,0,0,-1.0,0,1.0,
2026-08-21 08:00:00,568.13,331.2,18.44,39.65,35.81,21.95,Normal Sales,Normal Sales,0,0,-1.0,0,1.0,
2026-08-21 09:00:00,732.04,455.34,28.17,40.38,39.14,21.39,Normal Sales,Normal Sales,0,0,-1.0,0,1.0,
2026-08-21 10:00:00,777.7,492.49,27.47,51.96,36.62,21.03,Normal Sales,Normal Sales,0,0,-1.0,0,1.0,
2026-08-21 11:00:00,780.1,479.41,27.48,48.02,37.19,24.86,Normal Sales,Normal Sales,0,0,-1.0,0,1.0,
2026-08-21 12:00:00,771.97,523.42,28.05,46.01,38.88,23.23,Normal Sales,Normal Sales,0,0,-1.0,0,1.0,
2026-08-21 13:00:00,873.41,537.27,29.35,55.26,41.32,27.48,Normal Sales,Normal Sales,0,0,-1.0,0,1.0,
2026-08-21 14:00:00,879.34,527.9,29.56,50.25,39.35,25.39,Normal Sales,Normal Sales,0,0,-1.0,0,1.0,
2026-08-21 15:00:00,839.59,527.38,27.95,50.21,34.24,27.9,Normal Sales,Normal Sales,0,0,-1.0,0,1.0,
2026-08-21 16:00:00,800.43,469.59,26.65,46.88,41.76,24.33,Normal Sales,Normal Sales,0,0,-1.0,0,1.0,
2026-08-21 17:00:00,1214.83,757.98,44.87,67.89,44.28,32.03,Normal Sales,Normal Sales,0,0,-1.0,0,1.0,
2026-08-21 18:00:00,1212.77,749.56,44.98,59.12,39.95,31.37,Normal Sales,Normal Sales,0,0,-1.0,0,1.0,
2026-08-21 19:00:00,1290.39,805.54,45.31,66.45,46.16,33.25,Normal Sales,Normal Sales,0,0,-1.0,0,1.0,
2026-08-21 20:00:00,1250.14,726.12,40.16,56.74,45.18,29.16,Normal Sales,Normal Sales,0,0,-1.0,0,1.0,
2026-08-21 21:00:00,995.73,623.46,35.24,53.54,43.03,24.39,Normal Sales,Normal Sales,0,0,-1.0,0,1.0,
2026-08-21 22:00:00,904.39,592.88,31.74,46.55,42.28,28.98,Normal Sales,Normal Sales,0,0,-1.0,0,1.0,
2026-08-21 23:00:00,980.44,610.23,36.88,56.45,43.76,28.65,Normal Sales,Normal Sales,0,0,-1.0,0,1.0,
2026-08-22 00:00:00,540.18,324.93,15.33,38.2,34.35,19.42,Weekend Sales,Weekend Sales,0,0,-1.0,0,1.0,
2026-08-22 01:00:00,553.36,334.78,20.15,35.29,31.3,19.89,Weekend Sales,Weekend Sales,0,0,-1.0,0,1.0,
2026-08-22 02:00:00,559.13,317.69,19.57,32.66,33.01,17.12,Weekend Sales,Weekend Sales,0,0,-1.0,0,1.0,
2026-08-22 03:00:00,466.82,298.59,16.07,31.68,30.9,20.35,Weekend Sales,Weekend Sales,0,0,-1.0,0,1.0,
2026-08-22 04:00:00,527.0,321.77,16.9,35.24,31.77,18.79,Weekend Sales,Weekend Sales,0,0,-1.0,0,1.0,
2026-08-22 05:00:00,516.67,294.9,15.46,33.8,30.64,20.9,Weekend Sales,Weekend Sales,0,0,-1.0,0,1.0,
2026-08-22 06:00:00,823.29,510.44,28.21,45.82,40.13,28.24,Weekend Sales,Weekend Sales,0,0,-1.0,0,1.0,
2026-08-22 07:00:00,769.15,463.84,26.19,45.35,36.08,24.54,Weekend Sales,Weekend Sales,0,0,-1.0,0,1.0,
2026-08-22 08:00:00,811.88,483.72,31.69,42.43,36.1,24.56,Weekend Sales,Weekend Sales,0,0,-1.0,0,1.0,
2026-08-22 09:00:00,1128.04,685.32,35.56,59.24,42.68,30.46,Weekend Sales,Weekend Sales,0,0,-1.0,0,1.0,
2026-08-22 10:00:00,1010.53,605.1,37.98,45.93,44.82,28.99,Weekend Sales,Weekend Sales,0,0,-1.0,0,1.0,
2026-08-22 11:00:00,976.31,652.12,33.12,57.68,36.43,26.01,Weekend Sales,Weekend Sales,0,0,-1.0,0,1.0,
2026-08-22 12:00:00,955.89,573.88,31.59,49.41,36.18,27.27,Weekend Sales,Weekend Sales,0,0,-1.0,0,1.0,
2026-08-22 13:00:00,1136.2,714.66,39.65,61.64,43.16,31.89,Weekend Sales,Weekend Sales,0,0,-1.0,0,1.0,
2026-08-22 14:00:00,1089.46,657.5,38.91,59.69,43.67,26.66,Weekend Sales,Weekend Sales,0,0,-1.0,0,1.0,
2026-08-22 15:00:00,1078.47,701.85,41.15,58.05,47.02,30.46,Weekend Sales,Weekend Sales,0,0,-1.0,0,1.0,
2026-08-22 16:00:00,1070.68,656.93,36.14,56.34,44.7,26.51,Weekend Sales,Weekend Sales,0,0,-1.0,0,1.0,
2026-08-22 17:00:00,1503.42,947.18,51.08,78.71,51.44,34.63,Weekend Sales,Weekend Sales,0,0,-1.0,0,1.0,
2026-08-22 18:00:00,1708.33,1077.42,60.53,79.85,53.88,34.73,Weekend Sales,Weekend Sales,0,0,-1.0,0,1.0,
2026-08-22 19:00:00,1716.72,978.47,52.93,71.78,52.18,36.31,Weekend Sales,Weekend Sales,0,0,-1.0,0,1.0,
2026-08-22 20:00:00,1514.27,869.49,48.24,74.46,49.04,35.66,Weekend Sales,Weekend Sales,0,0,-1.0,0,1.0,
2026-08-22 21:00:00,1346.96,787.61,42.4,61.03,45.29,35.09,Weekend Sales,Weekend Sales,0,0,-1.0,0,1.0,
2026-08-22 22:00:00,1266.74,805.1,44.19,61.34,46.89,34.63,Weekend Sales,Weekend Sales,0,0,-1.0,0,1.0,
2026-08-22 23:00:00,1272.61,801.25,41.6,66.0,48.33,32.84,Weekend Sales,Weekend Sales,0,0,-1.0,0,1.0,
2026-08-23 00:00:00,488.89,344.0,17.03,38.36,34.22,22.76,Weekend Sales,Weekend Sales,0,0,-1.0,0,1.0,
2026-08-23 01:00:00,488.8,305.99,16.93,39.28,33.23,22.55,Weekend Sales,Weekend Sales,0,0,-1.0,0,1.0,
2026-08-23 02:00:00,551.65,340.17,19.1,41.53,30.78,22.32,Weekend Sales,Weekend Sales,0,0,-1.0,0,1.0,
2026-08-23 03:00:00,520.29,301.52,18.63,33.52,33.6,18.56,Weekend Sales,Weekend Sales,0,0,-1.0,0,1.0,
2026-08-23 04:00:00,473.84,305.73,17.07,30.77,30.66,16.03,Weekend Sales,Weekend Sales,0,0,-1.0,0,1.0,
2026-08-23 05:00:00,556.8,379.91,22.59,42.02,32.43,22.59,Weekend Sales,Weekend Sales,0,0,-1.0,0,1.0,
2026-08-23 06:00:00,775.52,485.46,28.62,48.99,36.4,21.32,Weekend Sales,Weekend Sales,0,0,-1.0,0,1.0,
2026-08-23 07:00:00,768.61,471.05,26.48,47.43,33.24,22.43,Weekend Sales,Weekend Sales,0,0,-1.0,0,1.0,
2026-08-23 08:00:00,738.48,489.13,26.49,44.64,37.63,23.04,Weekend Sales,Weekend Sales,0,0,-1.0,0,1.0,
2026-08-23 09:00:00,1013.84,673.93,40.64,55.42,40.87,27.61,Weekend Sales,Weekend Sales,0,0,-1.0,0,1.0,
2026-08-23 10:00:00,916.91,594.39,37.53,50.97,37.95,26.31,Weekend Sales,Weekend Sales,0,0,-1.0,0,1.0,
2026-08-23 11:00:00,1018.92,603.34,32.27,55.84,41.58,29.62,Weekend Sales,Weekend Sales,0,0,-1.0,0,1.0,
2026-08-23 12:00:00,1033.11,613.31,32.58,54.48,39.32,24.83,Weekend Sales,Weekend Sales,0,0,-1.0,0,1.0,
2026-08-23 13:00:00,1066.38,674.05,36.34,59.82,40.34,23.94,Weekend Sales,Weekend Sales,0,0,-1.0,0,1.0,
2026-08-23 14:00:00,1126.56,739.66,40.75,56.87,39.9,32.89,Weekend Sales,Weekend Sales,0,0,-1.0,0,1.0,
2026-08-23 15:00:00,1088.19,713.22,40.54,56.88,44.83,27.98,Weekend Sales,Weekend Sales,0,0,-1.0,0,1.0,
2026-08-23 16:00:00,1051.91,630.52,36.22,57.63,41.09,24.03,Weekend Sales,Weekend Sales,0,0,-1.0,0,1.0,
2026-08-23 17:00:00,1486.0,894.63,46.62,70.81,53.14,35.96,Weekend Sales,Weekend Sales,0,0,-1.0,0,1.0,
2026-08-23 18:00:00,1520.53,925.37,49.9,72.78,52.99,34.2,Weekend Sales,Weekend Sales,0,0,-1.0,0,1.0,
2026-08-23 19:00:00,1735.42,1128.56,61.37,81.73,52.78,40.34,Weekend Sales,Weekend Sales,0,0,-1.0,0,1.0,
2026-08-23 20:00:00,1582.58,1003.3,52.08,74.47,51.56,38.82,Weekend Sales,Weekend Sales,0,0,-1.0,0,1.0,
2026-08-23 21:00:00,1390.91,830.14,44.35,60.82,45.43,29.22,Weekend Sales,Weekend Sales,0,0,-1.0,0,1.0,
2026-08-23 22:00:00,1220.67,751.11,42.25,60.82,45.69,31.01,Weekend Sales,Weekend Sales,0,0,-1.0,0,1.0,
2026-08-23 23:00:00,1188.58,694.76,39.38,62.89,49.28,31.24,Weekend Sales,Weekend Sales,0,0,-1.0,0,1.0,
2026-08-24 00:00:00,435.97,281.84,16.11,34.45,31.2,20.26,Normal Sales,Normal Sales,0,0,-1.0,0,1.0,
2026-08-24 01:00:00,395.78,241.7,10.94,33.23,28.81,18.11,Normal Sales,Normal Sales,0,0,-1.0,0,1.0,
2026-08-24 02:00:00,416.53,272.89,16.55,33.08,32.05,17.85,Normal Sales,Normal Sales,0,0,-1.0,0,1.0,
2026-08-24 03:00:00,366.31,240.37,13.82,34.28,30.18,14.8,Normal Sales,Normal Sales,0,0,-1.0,0,1.0,
2026-08-24 04:00:00,404.49,272.95,15.96,33.15,27.55,16.77,Normal Sales,Normal Sales,0,0,-1.0,0,1.0,
2026-08-24 05:00:00,416.05,216.32,11.26,31.16,33.37,18.64,Normal Sales,Normal Sales,0,0,-1.0,0,1.0,
2026-08-24 06:00:00,615.22,388.98,19.7,38.89,32.59,22.91,Normal Sales,Normal Sales,0,0,-1.0,0,1.0,
2026-08-24 07:00:00,566.59,341.44,18.82,42.0,34.95,18.99,Normal Sales,Normal Sales,0,0,-1.0,0,1.0,
2026-08-24 08:00:00,591.42,407.96,23.67,37.09,32.22,20.22,Normal Sales,Normal Sales,0,0,-1.0,0,1.0,
2026-08-24 09:00:00,822.85,541.58,28.54,47.34,38.08,25.69,Normal Sales,Normal Sales,0,0,-1.0,0,1.0,
2026-08-24 10:00:00,730.63,446.76,21.66,47.13,32.9,19.63,Normal Sales,Normal Sales,0,0,-1.0,0,1.0,
2026-08-24 11:00:00,784.26,455.32,24.04,44.92,38.68,22.94,Normal Sales,Normal Sales,0,0,-1.0,0,1.0,
2026-08-24 12:00:00,835.84,518.21,30.88,48.7,42.47,27.07,Normal Sales,Normal Sales,0,0,-1.0,0,1.0,
2026-08-24 13:00:00,859.73,548.75,29.66,48.89,36.01,24.1,Normal Sales,Normal Sales,0,0,-1.0,0,1.0,
2026-08-24 14:00:00,946.26,556.58,29.3,50.38,39.97,26.68,Normal Sales,Normal Sales,0,0,-1.0,0,1.0,
2026-08-24 15:00:00,837.74,530.53,31.46,51.74,37.71,26.49,Normal Sales,Normal Sales,0,0,-1.0,0,1.0,
2026-08-24 16:00:00,808.7,483.35,24.24,46.11,36.03,21.04,Normal Sales,Normal Sales,0,0,-1.0,0,1.0,
2026-08-24 17:00:00,1195.54,698.02,41.05,57.58,46.29,28.47,Normal Sales,Normal Sales,0,0,-1.0,0,1.0,
2026-08-24 18:00:00,1146.23,740.05,40.88,65.19,42.55,29.61,Normal Sales,Normal Sales,0,0,-1.0,0,1.0,
2026-08-24 19:00:00,1280.31,819.09,45.36,73.44,45.2,29.94,Normal Sales,Normal Sales,0,0,-1.0,0,1.0,
2026-08-24 20:00:00,1157.96,711.07,42.15,58.8,46.82,30.65,Normal Sales,Normal Sales,0,0,-1.0,0,1.0,
2026-08-24 21:00:00,999.52,629.38,35.37,56.2,39.86,26.62,Normal Sales,Normal Sales,0,0,-1.0,0,1.0,
2026-08-24 22:00:00,964.74,646.66,32.49,49.74,39.87,30.23,Normal Sales,Normal Sales,0,0,-1.0,0,1.0,
2026-08-24 23:00:00,950.6,560.14,30.97,46.48,41.42,25.39,Normal Sales,Normal Sales,0,0,-1.0,0,1.0,
2026-08-25 00:00:00,404.89,261.71,14.81,31.66,32.95,20.14,Normal Sales,Normal Sales,0,0,-1.0,0,1.0,
2026-08-25 01:00:00,370.49,223.95,10.16,27.87,31.37,16.76,Normal Sales,Normal Sales,0,0,-1.0,0,1.0,
2026-08-25 02:00:00,403.65,233.52,13.58,33.43,35.2,17.48,Normal Sales,Normal Sales,0,0,-1.0,0,1.0,
2026-08-25 03:00:00,377.11,221.21,13.86,29.04,27.45,16.03,Normal Sales,Normal Sales,0,0,-1.0,0,1.0,
2026-08-25 04:00:00,395.71,218.27,12.44,30.79,32.31,16.57,Normal Sales,Normal Sales,0,0,-1.0,0,1.0,
2026-08-25 05:00:00,417.9,246.79,11.31,31.09,27.87,21.75,Normal Sales,Normal Sales,0,0,-1.0,0,1.0,
2026-08-25 06:00:00,591.43,346.8,18.32,32.21,36.92,23.34,Normal Sales,Normal Sales,0,0,-1.0,0,1.0,
2026-08-25 07:00:00,590.4,374.04,18.04,36.57,30.64,21.03,Normal Sales,Normal Sales,0,0,-1.0,0,1.0,
2026-08-25 08:00:00,618.4,373.83,21.26,42.22,31.26,25.04,Normal Sales,Normal Sales,0,0,-1.0,0,1.0,
2026-08-25 09:00:00,812.37,516.52,30.26,50.17,38.4,27.77,Normal Sales,Normal Sales,0,0,-1.0,0,1.0,
2026-08-25 10:00:00,750.55,476.89,28.87,38.74,37.64,25.37,Normal Sales,Normal Sales,0,0,-1.0,0,1.0,
2026-08-25 11:00:00,702.34,442.49,22.75,44.52,35.75,21.17,Normal Sales,Normal Sales,0,0,-1.0,0,1.0,
2026-08-25 12:00:00,810.54,492.08,27.6,49.91,35.95,24.32,Normal Sales,Normal Sales,0,0,-1.0,0,1.0,
2026-08-25 13:00:00,837.02,512.15,32.48,48.88,38.86,25.85,Normal Sales,Normal Sales,0,0,-1.0,0,1.0,
2026-08-25 14:00:00,876.74,497.94,31.98,43.76,42.37,25.68,Normal Sales,Normal Sales,0,0,-1.0,0,1.0,
2026-08-25 15:00:00,866.04,529.31,34.32,50.26,38.76,24.16,Normal Sales,Normal Sales,0,0,-1.0,0,1.0,
2026-08-25 16:00:00,830.16,515.97,26.52,49.56,36.82,26.91,Normal Sales,Normal Sales,0,0,-1.0,0,1.0,
2026-08-25 17:00:00,1279.58,791.95,44.72,65.45,42.83,35.26,Normal Sales,Normal Sales,0,0,-1.0,0,1.0,
2026-08-25 18:00:00,1204.06,763.91,43.46,55.78,43.16,32.78,Normal Sales,Normal Sales,0,0,-1.0,0,1.0,
2026-08-25 19:00:00,1223.46,775.77,42.85,65.77,45.03,34.24,Normal Sales,Normal Sales,0,0,-1.0,0,1.0,
2026-08-25 20:00:00,1159.9,715.94,38.19,60.47,43.16,29.44,Normal Sales,Normal Sales,0,0,-1.0,0,1.0,
2026-08-25 21:00:00,915.2,555.9,30.55,45.28,34.95,26.02,Normal Sales,Normal Sales,0,0,-1.0,0,1.0,
2026-08-25 22:00:00,817.28,501.88,26.85,48.48,36.55,27.69,Normal Sales,Normal Sales,0,0,-1.0,0,1.0,
2026-08-25 23:00:00,988.85,575.28,31.07,55.62,39.42,26.28,Normal Sales,Normal Sales,0,0,-1.0,0,1.0,
2026-08-26 00:00:00,435.31,256.38,16.35,30.74,25.62,20.87,Normal Sales,Normal Sales,0,0,-1.0,0,1.0,
2026-08-26 01:00:00,415.67,270.33,12.68,30.96,33.37,19.24,Normal Sales,Normal Sales,0,0,-1.0,0,1.0,
2026-08-26 02:00:00,404.36,256.23,17.11,34.57,29.92,15.6,Normal Sales,Normal Sales,0,0,-1.0,0,1.0,
2026-08-26 03:00:00,418.71,236.5,10.64,35.28,32.86,18.68,Normal Sales,Normal Sales,0,0,-1.0,0,1.0,
2026-08-26 04:00:00,381.56,281.3,17.53,32.95,29.46,19.19,Normal Sales,Normal Sales,0,0,-1.0,0,1.0,
2026-08-26 05:00:00,397.02,301.45,15.81,32.07,33.93,18.4,Normal Sales,Normal Sales,0,0,-1.0,0,1.0,
2026-08-26 06:00:00,610.63,395.48,21.63,38.25,34.28,19.55,Normal Sales,Normal Sales,0,0,-1.0,0,1.0,
2026-08-26 07:00:00,586.83,383.16,24.51,37.22,33.48,20.53,Normal Sales,Normal Sales,0,0,-1.0,0,1.0,
2026-08-26 08:00:00,595.57,331.21,16.36,33.44,31.25,18.96,Normal Sales,Normal Sales,0,0,-1.0,0,1.0,
2026-08-26 09:00:00,832.49,524.84,29.0,51.64,38.92,26.08,Normal Sales,Normal Sales,0,0,-1.0,0,1.0,
2026-08-26 10:00:00,750.14,449.15,22.08,42.71,36.19,23.92,Normal Sales,Normal Sales,0,0,-1.0,0,1.0,
2026-08-26 11:00:00,766.89,466.35,23.83,46.12,36.04,24.37,Normal Sales,Normal Sales,0,0,-1.0,0,1.0,
2026-08-26 12:00:00,694.81,439.19,25.65,44.87,35.42,24.81,Normal Sales,Normal Sales,0,0,-1.0,0,1.0,
2026-08-26 13:00:00,804.04,496.28,26.91,49.36,33.63,22.29,Normal Sales,Normal Sales,0,0,-1.0,0,1.0,
2026-08-26 14:00:00,933.71,518.14,30.13,47.04,40.38,27.78,Normal Sales,Normal Sales,0,0,-1.0,0,1.0,
2026-08-26 15:00:00,871.28,576.06,30.7,49.99,40.39,25.52,Normal Sales,Normal Sales,0,0,-1.0,0,1.0,
2026-08-26 16:00:00,884.34,577.89,33.52,47.13,38.35,27.01,Normal Sales,Normal Sales,0,0,-1.0,0,1.0,
2026-08-26 17:00:00,1205.37,749.31,41.8,60.05,44.1,28.37,Normal Sales,Normal Sales,0,0,-1.0,0,1.0,
2026-08-26 18:00:00,1191.1,700.31,38.75,58.56,42.42,33.08,Normal Sales,Normal Sales,0,0,-1.0,0,1.0,
2026-08-26 19:00:00,1205.28,754.44,40.22,60.56,45.14,30.2,Normal Sales,Normal Sales,0,0,-1.0,0,1.0,
2026-08-26 20:00:00,1220.45,776.85,41.69,59.39,41.7,34.3,Normal Sales,Normal Sales,0,0,-1.0,0,1.0,
2026-08-26 21:00:00,993.27,632.22,33.9,51.06,40.32,27.62,Normal Sales,Normal Sales,0,0,-1.0,0,1.0,
2026-08-26 22:00:00,895.39,518.4,25.05,50.13,36.81,25.58,Normal Sales,Normal Sales,0,0,-1.0,0,1.0,
2026-08-26 23:00:00,930.21,591.47,33.2,51.48,40.07,26.57,Normal Sales,Normal Sales,0,0,-1.0,0,1.0,
2026-08-27 00:00:00,394.43,269.05,13.95,33.05,27.88,19.27,Normal Sales,Normal Sales,0,0,-1.0,0,1.0,
2026-08-27 01:00:00,394.52,232.68,11.12,31.32,26.69,19.18,Normal Sales,Normal Sales,0,0,-1.0,0,1.0,
2026-08-27 02:00:00,406.16,240.14,10.11,33.14,29.64,20.62,Normal Sales,Normal Sales,0,0,-1.0,0,1.0,
2026-08-27 03:00:00,416.84,296.81,16.6,37.39,32.01,18.52,Normal Sales,Normal Sales,0,0,-1.0,0,1.0,
2026-08-27 04:00:00,410.76,233.82,17.0,31.56,31.04,18.63,Normal Sales,Normal Sales,0,0,-1.0,0,1.0,
2026-08-27 05:00:00,384.83,271.63,12.89,30.17,30.21,16.23,Normal Sales,Normal Sales,0,0,-1.0,0,1.0,
2026-08-27 06:00:00,633.72,387.14,14.85,40.99,35.88,20.84,Normal Sales,Normal Sales,0,0,-1.0,0,1.0,
2026-08-27 07:00:00,547.96,337.15,17.58,35.12,31.19,20.74,Normal Sales,Normal Sales,0,0,-1.0,0,1.0,
2026-08-27 08:00:00,614.35,392.44,18.13,42.11,35.99,24.6,Normal Sales,Normal Sales,0,0,-1.0,0,1.0,
2026-08-27 09:00:00,732.17,452.53,26.02,42.9,37.55,23.27,Normal Sales,Normal Sales,0,0,-1.0,0,1.0,
2026-08-27 10:00:00,736.15,437.38,26.55,41.08,34.18,23.62,Normal Sales,Normal Sales,0,0,-1.0,0,1.0,
2026-08-27 11:00:00,767.5,443.06,23.33,42.04,35.76,28.13,Normal Sales,Normal Sales,0,0,-1.0,0,1.0,
2026-08-27 12:00:00,757.05,447.34,28.65,46.41,38.32,21.52,Normal Sales,Normal Sales,0,0,-1.0,0,1.0,
2026-08-27 13:00:00,910.29,584.79,32.46,47.31,39.44,30.08,Normal Sales,Normal Sales,0,0,-1.0,0,1.0,
2026-08-27 14:00:00,868.58,529.11,28.64,48.36,37.17,25.15,Normal Sales,Normal Sales,0,0,-1.0,0,1.0,
2026-08-27 15:00:00,921.09,604.31,31.73,55.75,41.18,28.37,Normal Sales,Normal Sales,0,0,-1.0,0,1.0,
2026-08-27 16:00:00,877.67,520.89,27.84,50.54,36.51,22.94,Normal Sales,Normal Sales,0,0,-1.0,0,1.0,
2026-08-27 17:00:00,1239.53,748.77,42.83,59.73,45.56,31.38,Normal Sales,Normal Sales,0,0,-1.0,0,1.0,
2026-08-27 18:00:00,1191.42,732.69,38.94,60.46,42.33,29.87,Normal Sales,Normal Sales,0,0,-1.0,0,1.0,
2026-08-27 19:00:00,1266.53,756.83,40.65,63.49,41.38,34.63,Normal Sales,Normal Sales,0,0,-1.0,0,1.0,
2026-08-27 20:00:00,1284.65,758.02,37.48,62.46,43.6,32.87,Normal Sales,Normal Sales,0,0,-1.0,0,1.0,
2026-08-27 21:00:00,968.25,603.4,32.05,56.9,41.97,28.29,Normal Sales,Normal Sales,0,0,-1.0,0,1.0,
2026-08-27 22:00:00,1006.52,598.57,35.49,52.33,41.78,26.65,Normal Sales,Normal Sales,0,0,-1.0,0,1.0,
2026-08-27 23:00:00,860.39,557.38,27.01,47.55,37.72,22.03,Normal Sales,Normal Sales,0,0,-1.0,0,1.0,
2026-08-28 00:00:00,384.74,244.66,12.76,31.43,28.71,18.21,Normal Sales,Normal Sales,0,0,-1.0,0,1.0,
2026-08-28 01:00:00,400.52,207.3,11.0,27.43,32.6,16.4,Normal Sales,Normal Sales,0,0,-1.0,0,1.0,
2026-08-28 02:00:00,458.48,308.43,16.7,37.0,27.61,21.64,Normal Sales,Normal Sales,0,0,-1.0,0,1.0,
2026-08-28 03:00:00,390.45,244.32,11.98,30.56,30.28,18.26,Normal Sales,Normal Sales,0,0,-1.0,0,1.0,
2026-08-28 04:00:00,406.6,252.04,10.61,38.42,31.38,19.18,Normal Sales,Normal Sales,0,0,-1.0,0,1.0,
2026-08-28 05:00:00,400.22,226.28,12.75,32.11,33.41,21.81,Normal Sales,Normal Sales,0,0,-1.0,0,1.0,
2026-08-28 06:00:00,631.53,347.39,18.19,39.52,33.94,20.6,Normal Sales,Normal Sales,0,0,-1.0,0,1.0,
2026-08-28 07:00:00,525.02,348.37,15.41,33.95,30.9,20.51,Normal Sales,Normal Sales,0,0,-1.0,0,1.0,
2026-08-28 08:00:00,540.38,308.53,19.27,35.93,34.05,17.24,Normal Sales,Normal Sales,0,0,-1.0,0,1.0,
2026-08-28 09:00:00,766.98,472.13,24.38,45.25,33.25,24.68,Normal Sales,Normal Sales,0,0,-1.0,0,1.0,
2026-08-28 10:00:00,753.69,460.86,27.05,45.85,36.18,21.29,Normal Sales,Normal Sales,0,0,-1.0,0,1.0,
2026-08-28 11:00:00,820.14,474.99,27.38,41.94,39.78,25.9,Normal Sales,Normal Sales,0,0,-1.0,0,1.0,
2026-08-28 12:00:00,695.51,442.45,25.07,45.23,36.55,21.14,Normal Sales,Normal Sales,0,0,-1.0,0,1.0,
2026-08-28 13:00:00,850.19,568.74,29.06,51.2,40.76,24.24,Normal Sales,Normal Sales,0,0,-1.0,0,1.0,
2026-08-28 14:00:00,798.64,463.5,26.28,42.06,37.31,26.33,Normal Sales,Normal Sales,0,0,-1.0,0,1.0,
2026-08-28 15:00:00,857.32,512.1,28.42,47.73,39.48,28.04,Normal Sales,Normal Sales,0,0,-1.0,0,1.0,
2026-08-28 16:00:00,876.58,594.32,33.6,49.84,43.48,26.61,Normal Sales,Normal Sales,0,0,-1.0,0,1.0,
2026-08-28 17:00:00,1157.01,775.44,41.18,60.22,42.57,31.72,Normal Sales,Normal Sales,0,0,-1.0,0,1.0,
2026-08-28 18:00:00,1278.28,726.32,41.8,59.52,44.91,33.59,Normal Sales,Normal Sales,0,0,-1.0,0,1.0,
2026-08-28 19:00:00,1234.46,776.56,42.61,64.73,48.22,26.46,Normal Sales,Normal Sales,0,0,-1.0,0,1.0,
2026-08-28 20:00:00,1287.68,837.03,47.04,64.27,43.59,37.65,Normal Sales,Normal Sales,0,0,-1.0,0,1.0,
2026-08-28 21:00:00,907.02,600.29,33.8,57.38,38.78,23.79,Normal Sales,Normal Sales,0,0,-1.0,0,1.0,
2026-08-28 22:00:00,950.11,551.91,35.71,52.01,41.71,27.36,Normal Sales,Normal Sales,0,0,-1.0,0,1.0,
2026-08-28 23:00:00,917.06,565.28,31.31,55.63,37.28,24.67,Normal Sales,Normal Sales,0,0,-1.0,0,1.0,
2026-08-29 00:00:00,528.93,311.1,14.19,29.47,29.34,21.98,Weekend Sales,Weekend Sales,0,0,-1.0,0,1.0,
2026-08-29 01:00:00,538.49,354.75,18.35,38.03,36.38,23.97,Weekend Sales,Weekend Sales,0,0,-1.0,0,1.0,
2026-08-29 02:00:00,564.08,354.79,20.55,39.4,33.26,20.06,Weekend Sales,Weekend Sales,0,0,-1.0,0,1.0,
2026-08-29 03:00:00,568.94,320.35,20.59,36.28,31.04,18.92,Weekend Sales,Weekend Sales,0,0,-1.0,0,1.0,
2026-08-29 04:00:00,515.16,305.01,15.59,34.26,32.14,19.5,Weekend Sales,Weekend Sales,0,0,-1.0,0,1.0,
2026-08-29 05:00:00,559.29,340.63,19.39,37.82,34.59,20.61,Weekend Sales,Weekend Sales,0,0,-1.0,0,1.0,
2026-08-29 06:00:00,752.97,443.89,24.83,47.18,36.34,21.7,Weekend Sales,Weekend Sales,0,0,-1.0,0,1.0,
2026-08-29 07:00:00,768.17,462.23,24.09,41.34,36.57,24.03,Weekend Sales,Weekend Sales,0,0,-1.0,0,1.0,
2026-08-29 08:00:00,736.04,434.39,22.0,39.97,34.6,22.46,Weekend Sales,Weekend Sales,0,0,-1.0,0,1.0,
2026-08-29 09:00:00,949.28,585.12,30.77,49.6,40.89,25.35,Weekend Sales,Weekend Sales,0,0,-1.0,0,1.0,
2026-08-29 10:00:00,993.65,648.51,33.83,59.05,40.2,25.94,Weekend Sales,Weekend Sales,0,0,-1.0,0,1.0,
2026-08-29 11:00:00,989.38,615.14,36.34,55.59,40.95,29.9,Weekend Sales,Weekend Sales,0,0,-1.0,0,1.0,
2026-08-29 12:00:00,921.86,577.79,32.4,52.18,36.45,24.41,Weekend Sales,Weekend Sales,0,0,-1.0,0,1.0,
2026-08-29 13:00:00,1127.81,727.11,43.82,58.08,40.55,31.81,Weekend Sales,Weekend Sales,0,0,-1.0,0,1.0,
2026-08-29 14:00:00,1285.94,824.96,43.88,72.56,47.23,31.04,Weekend Sales,Weekend Sales,0,0,-1.0,0,1.0,
2026-08-29 15:00:00,1247.27,751.56,40.09,63.61,45.15,30.86,Weekend Sales,Weekend Sales,0,0,-1.0,0,1.0,
2026-08-29 16:00:00,1139.48,734.34,35.74,60.87,42.79,28.85,Weekend Sales,Weekend Sales,0,0,-1.0,0,1.0,
2026-08-29 17:00:00,1555.11,898.24,47.81,74.09,52.1,34.07,Weekend Sales,Weekend Sales,0,0,-1.0,0,1.0,
2026-08-29 18:00:00,1502.09,951.84,54.97,75.44,47.6,34.07,Weekend Sales,Weekend Sales,0,0,-1.0,0,1.0,
2026-08-29 19:00:00,1749.94,1054.73,58.97,75.02,53.15,39.54,Weekend Sales,Weekend Sales,0,0,-1.0,0,1.0,
2026-08-29 20:00:00,1613.71,1013.6,53.3,74.47,52.4,38.73,Weekend Sales,Weekend Sales,0,0,-1.0,0,1.0,
2026-08-29 21:00:00,1270.81,811.58,41.32,63.52,49.25,34.86,Weekend Sales,Weekend Sales,0,0,-1.0,0,1.0,
2026-08-29 22:00:00,1296.81,800.14,46.08,65.45,43.01,34.0,Weekend Sales,Weekend Sales,0,0,-1.0,0,1.0,
2026-08-29 23:00:00,1202.56,764.58,38.82,66.02,43.89,28.9,Weekend Sales,Weekend Sales,0,0,-1.0,0,1.0,
2026-08-30 00:00:00,520.42,314.24,17.27,39.6,32.99,15.51,Weekend Sales,Weekend Sales,0,0,-1.0,0,1.0,
2026-08-30 01:00:00,505.83,382.55,21.31,41.64,31.98,19.55,Weekend Sales,Weekend Sales,0,0,-1.0,0,1.0,
2026-08-30 02:00:00,526.0,329.33,17.19,41.82,31.71,18.12,Weekend Sales,Weekend Sales,0,0,-1.0,0,1.0,
2026-08-30 03:00:00,560.77,370.98,20.46,37.67,29.73,23.72,Weekend Sales,Weekend Sales,0,0,-1.0,0,1.0,
2026-08-30 04:00:00,562.38,337.68,18.69,37.13,36.82,18.37,Weekend Sales,Weekend Sales,0,0,-1.0,0,1.0,
2026-08-30 05:00:00,522.26,305.88,17.44,36.08,33.28,17.89,Weekend Sales,Weekend Sales,0,0,-1.0,0,1.0,
2026-08-30 06:00:00,836.31,507.16,30.27,55.36,36.47,25.36,Weekend Sales,Weekend Sales,0,0,-1.0,0,1.0,
2026-08-30 07:00:00,773.39,530.27,28.6,48.67,37.6,25.06,Weekend Sales,Weekend Sales,0,0,-1.0,0,1.0,
2026-08-30 08:00:00,807.92,503.25,28.64,47.64,36.53,24.04,Weekend Sales,Weekend Sales,0,0,-1.0,0,1.0,
2026-08-30 09:00:00,1046.33,662.51,38.93,60.83,40.75,28.83,Weekend Sales,Weekend Sales,0,0,-1.0,0,1.0,
2026-08-30 10:00:00,1008.21,597.41,33.99,54.89,38.99,26.19,Weekend Sales,Weekend Sales,0,0,-1.0,0,1.0,
2026-08-30 11:00:00,994.03,578.59,31.75,49.13,41.22,27.0,Weekend Sales,Weekend Sales,0,0,-1.0,0,1.0,
2026-08-30 12:00:00,1038.06,654.63,39.07,53.74,40.13,29.68,Weekend Sales,Weekend Sales,0,0,-1.0,0,1.0,
2026-08-30 13:00:00,1130.32,728.93,41.21,64.64,43.03,27.26,Weekend Sales,Weekend Sales,0,0,-1.0,0,1.0,
2026-08-30 14:00:00,1157.21,715.68,40.43,61.12,42.6,27.87,Weekend Sales,Weekend Sales,0,0,-1.0,0,1.0,
2026-08-30 15:00:00,1129.53,640.78,35.4,54.85,44.93,24.05,Weekend Sales,Weekend Sales,0,0,-1.0,0,1.0,
2026-08-30 16:00:00,1138.19,745.08,42.33,63.09,44.03,27.3,Weekend Sales,Weekend Sales,0,0,-1.0,0,1.0,
2026-08-30 17:00:00,1630.38,1021.05,54.0,76.67,45.91,36.86,Weekend Sales,Weekend Sales,0,0,-1.0,0,1.0,
2026-08-30 18:00:00,1581.63,1015.67,54.66,75.69,50.73,36.21,Weekend Sales,Weekend Sales,0,0,-1.0,0,1.0,
2026-08-30 19:00:00,1675.11,988.76,56.65,75.87,55.08,31.22,Weekend Sales,Weekend Sales,0,0,-1.0,0,1.0,
2026-08-30 20:00:00,1419.96,873.07,49.03,67.26,49.31,35.79,Weekend Sales,Weekend Sales,0,0,-1.0,0,1.0,
2026-08-30 21:00:00,1299.48,808.26,44.65,63.23,45.98,30.16,Weekend Sales,Weekend Sales,0,0,-1.0,0,1.0,
2026-08-30 22:00:00,1208.26,761.98,40.98,60.11,45.44,31.81,Weekend Sales,Weekend Sales,0,0,-1.0,0,1.0,
2026-08-30 23:00:00,1244.06,767.59,43.05,64.92,45.55,28.81,Weekend Sales,Weekend Sales,0,0,-1.0,0,1.0,
2026-08-31 00:00:00,403.22,239.82,11.08,33.26,32.0,19.45,Normal Sales,Normal Sales,0,0,-1.0,0,1.0,
2026-08-31 01:00:00,387.54,244.21,13.42,32.86,30.85,18.08,Normal Sales,Normal Sales,0,0,-1.0,0,1.0,
2026-08-31 02:00:00,405.03,278.79,13.61,33.35,33.05,17.35,Normal Sales,Normal Sales,0,0,-1.0,0,1.0,
2026-08-31 03:00:00,392.24,261.54,11.54,34.56,29.69,19.36,Normal Sales,Normal Sales,0,0,-1.0,0,1.0,
2026-08-31 04:00:00,382.85,266.99,12.25,34.89,28.16,22.29,Normal Sales,Normal Sales,0,0,-1.0,0,1.0,
2026-08-31 05:00:00,406.28,300.67,14.9,33.67,33.33,16.66,Normal Sales,Normal Sales,0,0,-1.0,0,1.0,
2026-08-31 06:00:00,568.36,364.76,18.02,40.27,34.0,18.09,Normal Sales,Normal Sales,0,0,-1.0,0,1.0,
2026-08-31 07:00:00,617.45,351.26,20.86,39.07,33.59,18.57,Normal Sales,Normal Sales,0,0,-1.0,0,1.0,
2026-08-31 08:00:00,598.65,349.35,21.63,41.62,37.46,21.3,Normal Sales,Normal Sales,0,0,-1.0,0,1.0,
2026-08-31 09:00:00,754.6,460.43,24.58,45.38,37.7,25.97,Normal Sales,Normal Sales,0,0,-1.0,0,1.0,
2026-08-31 10:00:00,770.94,442.91,23.54,47.99,33.99,24.55,Normal Sales,Normal Sales,0,0,-1.0,0,1.0,
2026-08-31 11:00:00,755.13,446.09,25.33,48.02,37.52,22.63,Normal Sales,Normal Sales,0,0,-1.0,0,1.0,
2026-08-31 12:00:00,720.26,444.09,21.76,42.97,36.12,18.38,Normal Sales,Normal Sales,0,0,-1.0,0,1.0,
2026-08-31 13:00:00,920.53,539.77,29.32,50.99,42.27,23.91,Normal Sales,Normal Sales,0,0,-1.0,0,1.0,
2026-08-31 14:00:00,752.79,493.69,24.65,47.14,37.64,17.84,Normal Sales,Normal Sales,0,0,-1.0,0,1.0,
2026-08-31 15:00:00,791.28,479.07,21.18,42.54,37.7,23.8,Normal Sales,Normal Sales,0,0,-1.0,0,1.0,
2026-08-31 16:00:00,873.8,552.99,27.05,46.66,40.38,28.87,Normal Sales,Normal Sales,0,0,-1.0,0,1.0,
2026-08-31 17:00:00,1164.04,728.18,41.66,60.67,43.29,28.92,Normal Sales,Normal Sales,0,0,-1.0,0,1.0,
2026-08-31 18:00:00,1344.63,836.08,46.76,67.19,45.23,33.0,Normal Sales,Normal Sales,0,0,-1.0,0,1.0,
2026-08-31 19:00:00,1203.5,737.67,41.21,58.53,42.05,31.45,Normal Sales,Normal Sales,0,0,-1.0,0,1.0,
2026-08-31 20:00:00,1190.7,729.61,36.27,62.77,45.29,31.66,Normal Sales,Normal Sales,0,0,-1.0,0,1.0,
2026-08-31 21:00:00,969.81,563.38,31.44,49.59,38.56,27.08,Normal Sales,Normal Sales,0,0,-1.0,0,1.0,
2026-08-31 22:00:00,1030.28,676.11,38.43,56.59,41.08,27.09,Normal Sales,Normal Sales,0,0,-1.0,0,1.0,
2026-08-31 23:00:00,938.56,604.62,36.9,50.68,35.97,26.05,Normal Sales,Normal Sales,0,0,-1.0,0,1.0,
2026-09-01 00:00:00,426.37,316.16,20.01,38.85,29.55,18.26,Normal Sales,Normal Sales,0,0,-1.0,0,1.0,
2026-09-01 01:00:00,380.93,219.54,13.9,34.99,31.17,16.98,Normal Sales,Normal Sales,0,0,-1.0,0,1.0,
2026-09-01 02:00:00,386.18,236.62,13.42,28.08,32.41,17.07,Normal Sales,Normal Sales,0,0,-1.0,0,1.0,
2026-09-01 03:00:00,425.5,263.54,15.09,31.51,30.54,19.87,Normal Sales,Normal Sales,0,0,-1.0,0,1.0,
2026-09-01 04:00:00,405.25,223.63,12.52,32.27,33.64,19.9,Normal Sales,Normal Sales,0,0,-1.0,0,1.0,
2026-09-01 05:00:00,406.62,238.42,12.66,30.67,31.92,20.04,Normal Sales,Normal Sales,0,0,-1.0,0,1.0,
2026-09-01 06:00:00,625.77,377.67,19.75,38.95,30.77,19.04,Normal Sales,Normal Sales,0,0,-1.0,0,1.0,
2026-09-01 07:00:00,588.22,374.18,21.56,37.59,33.02,20.82,Normal Sales,Normal Sales,0,0,-1.0,0,1.0,
2026-09-01 08:00:00,578.01,375.57,18.04,36.65,33.23,18.66,Normal Sales,Normal Sales,0,0,-1.0,0,1.0,
2026-09-01 09:00:00,697.32,395.0,21.24,42.93,37.16,25.05,Normal Sales,Normal Sales,0,0,-1.0,0,1.0,
2026-09-01 10:00:00,774.46,486.07,26.23,45.56,41.33,24.67,Normal Sales,Normal Sales,0,0,-1.0,0,1.0,
2026-09-01 11:00:00,783.96,457.43,25.98,46.5,39.55,24.7,Normal Sales,Normal Sales,0,0,-1.0,0,1.0,
2026-09-01 12:00:00,765.66,470.47,25.73,45.56,39.55,25.91,Normal Sales,Normal Sales,0,0,-1.0,0,1.0,
2026-09-01 13:00:00,893.61,604.77,27.95,51.21,39.17,25.77,Normal Sales,Normal Sales,0,0,-1.0,0,1.0,
2026-09-01 14:00:00,821.16,466.19,25.02,47.78,39.51,22.15,Normal Sales,Normal Sales,0,0,-1.0,0,1.0,
2026-09-01 15:00:00,870.68,573.76,28.52,50.39,39.37,26.36,Normal Sales,Normal Sales,0,0,-1.0,0,1.0,
2026-09-01 16:00:00,897.82,519.2,26.54,50.25,35.86,26.6,Normal Sales,Normal Sales,0,0,-1.0,0,1.0,
2026-09-01 17:00:00,1251.33,794.37,42.75,65.03,42.93,31.03,Normal Sales,Normal Sales,0,0,-1.0,0,1.0,
2026-09-01 18:00:00,1226.03,737.67,41.01,58.14,45.38,33.93,Normal Sales,Normal Sales,0,0,-1.0,0,1.0,
2026-09-01 19:00:00,1146.91,710.52,35.84,57.07,44.9,28.9,Normal Sales,Normal Sales,0,0,-1.0,0,1.0,
2026-09-01 20:00:00,1269.23,795.82,43.64,61.39,46.95,32.5,Normal Sales,Normal Sales,0,0,-1.0,0,1.0,
2026-09-01 21:00:00,879.12,520.94,23.11,45.06,38.32,22.91,Normal Sales,Normal Sales,0,0,-1.0,0,1.0,
2026-09-01 22:00:00,912.27,600.37,35.08,50.58,41.1,29.44,Normal Sales,Normal Sales,0,0,-1.0,0,1.0,
2026-09-01 23:00:00,981.28,615.87,36.07,55.49,38.26,27.02,Normal Sales,Normal Sales,0,0,-1.0,0,1.0,
2026-09-02 00:00:00,396.87,274.87,13.96,31.66,32.8,19.39,Normal Sales,Normal Sales,0,0,-1.0,0,1.0,
2026-09-02 01:00:00,451.23,258.2,13.16,36.03,29.11,21.09,Normal Sales,Normal Sales,0,0,-1.0,0,1.0,
2026-09-02 02:00:00,383.49,253.02,10.23,32.57,27.78,22.18,Normal Sales,Normal Sales,0,0,-1.0,0,1.0,
2026-09-02 03:00:00,386.26,218.76,13.1,29.43,31.97,16.05,Normal Sales,Normal Sales,0,0,-1.0,0,1.0,
2026-09-02 04:00:00,392.05,242.38,10.9,33.03,32.42,19.17,Normal Sales,Normal Sales,0,0,-1.0,0,1.0,
2026-09-02 05:00:00,421.26,213.06,10.79,30.39,34.07,16.16,Normal Sales,Normal Sales,0,0,-1.0,0,1.0,
2026-09-02 06:00:00,521.68,298.34,15.09,30.21,34.81,16.32,Normal Sales,Normal Sales,0,0,-1.0,0,1.0,
2026-09-02 07:00:00,602.67,346.35,22.06,37.72,33.29,21.72,Normal Sales,Normal Sales,0,0,-1.0,0,1.0,
2026-09-02 08:00:00,559.83,361.48,18.92,37.26,33.34,18.86,Normal Sales,Normal Sales,0,0,-1.0,0,1.0,
2026-09-02 09:00:00,763.56,481.89,21.89,48.52,38.61,20.34,Normal Sales,Normal Sales,0,0,-1.0,0,1.0,
2026-09-02 10:00:00,693.42,450.97,26.33,45.4,32.93,26.93,Normal Sales,Normal Sales,0,0,-1.0,0,1.0,
2026-09-02 11:00:00,741.81,465.91,26.13,48.88,36.86,24.48,Normal Sales,Normal Sales,0,0,-1.0,0,1.0,
2026-09-02 12:00:00,767.94,446.21,19.9,44.3,34.23,23.86,Normal Sales,Normal Sales,0,0,-1.0,0,1.0,
2026-09-02 13:00:00,868.02,541.28,27.66,51.89,39.71,23.17,Normal Sales,Normal Sales,0,0,-1.0,0,1.0,
2026-09-02 14:00:00,950.73,584.18,29.46,50.0,37.14,29.32,Normal Sales,Normal Sales,0,0,-1.0,0,1.0,
2026-09-02 15:00:00,908.16,581.54,33.09,54.56,38.95,27.38,Normal Sales,Normal Sales,0,0,-1.0,0,1.0,
2026-09-02 16:00:00,826.63,508.68,28.88,39.8,36.81,25.05,Normal Sales,Normal Sales,0,0,-1.0,0,1.0,
2026-09-02 17:00:00,1219.65,744.87,42.15,59.51,42.29,32.99,Normal Sales,Normal Sales,0,0,-1.0,0,1.0,
2026-09-02 18:00:00,1288.23,783.72,42.97,65.69,45.99,32.65,Normal Sales,Normal Sales,0,0,-1.0,0,1.0,
2026-09-02 19:00:00,1253.51,769.2,43.34,60.23,46.1,31.08,Normal Sales,Normal Sales,0,0,-1.0,0,1.0,
2026-09-02 20:00:00,1202.31,714.26,39.55,59.86,42.76,26.66,Normal Sales,Normal Sales,0,0,-1.0,0,1.0,
2026-09-02 21:00:00,874.0,535.53,30.07,53.72,38.77,22.14,Normal Sales,Normal Sales,0,0,-1.0,0,1.0,
2026-09-02 22:00:00,942.45,615.61,32.49,56.04,40.37,28.68,Normal Sales,Normal Sales,0,0,-1.0,0,1.0,
2026-09-02 23:00:00,1040.82,599.37,34.76,53.06,39.8,26.78,Normal Sales,Normal Sales,0,0,-1.0,0,1.0,
2026-09-03 00:00:00,442.85,307.94,12.94,33.48,33.41,19.66,Normal Sales,Normal Sales,0,0,-1.0,0,1.0,
2026-09-03 01:00:00,407.96,213.73,10.26,27.49,27.63,14.83,Normal Sales,Normal Sales,0,0,-1.0,0,1.0,
2026-09-03 02:00:00,389.38,222.39,10.55,33.67,28.81,20.41,Normal Sales,Normal Sales,0,0,-1.0,0,1.0,
2026-09-03 03:00:00,398.45,258.02,15.13,30.55,30.12,17.44,Normal Sales,Normal Sales,0,0,-1.0,0,1.0,
2026-09-03 04:00:00,415.93,254.66,12.51,33.08,31.75,22.07,Normal Sales,Normal Sales,0,0,-1.0,0,1.0,
2026-09-03 05:00:00,409.72,254.28,14.84,30.35,27.51,17.73,Normal Sales,Normal Sales,0,0,-1.0,0,1.0,
2026-09-03 06:00:00,621.42,416.12,19.13,43.36,30.19,23.32,Normal Sales,Normal Sales,0,0,-1.0,0,1.0,
2026-09-03 07:00:00,601.59,329.88,20.14,42.02,34.1,20.53,Normal Sales,Normal Sales,0,0,-1.0,0,1.0,
2026-09-03 08:00:00,633.43,364.57,17.85,37.37,34.84,21.18,Normal Sales,Normal Sales,0,0,-1.0,0,1.0,
2026-09-03 09:00:00,749.95,457.46,24.08,43.36,35.21,21.92,Normal Sales,Normal Sales,0,0,-1.0,0,1.0,
2026-09-03 10:00:00,694.12,424.76,19.45,44.54,34.68,22.38,Normal Sales,Normal Sales,0,0,-1.0,0,1.0,
2026-09-03 11:00:00,756.9,463.17,28.0,41.52,33.62,23.82,Normal Sales,Normal Sales,0,0,-1.0,0,1.0,
2026-09-03 12:00:00,752.16,475.33,27.58,42.64,37.99,21.84,Normal Sales,Normal Sales,0,0,-1.0,0,1.0,
2026-09-03 13:00:00,865.24,505.53,28.07,47.62,36.5,21.92,Normal Sales,Normal Sales,0,0,-1.0,0,1.0,
2026-09-03 14:00:00,894.38,543.19,31.9,48.24,41.81,23.68,Normal Sales,Normal Sales,0,0,-1.0,0,1.0,
2026-09-03 15:00:00,925.5,578.17,32.6,48.91,41.19,27.98,Normal Sales,Normal Sales,0,0,-1.0,0,1.0,
2026-09-03 16:00:00,848.04,472.44,23.76,43.26,39.32,22.88,Normal Sales,Normal Sales,0,0,-1.0,0,1.0,
2026-09-03 17:00:00,1197.69,728.41,43.0,60.47,44.76,28.97,Normal Sales,Normal Sales,0,0,-1.0,0,1.0,
2026-09-03 18:00:00,1223.17,733.97,41.06,57.95,46.28,28.88,Normal Sales,Normal Sales,0,0,-1.0,0,1.0,
2026-09-03 19:00:00,1283.07,843.19,46.38,69.49,47.32,30.21,Normal Sales,Normal Sales,0,0,-1.0,0,1.0,
2026-09-03 20:00:00,1231.78,776.23,43.89,63.23,45.27,31.42,Normal Sales,Normal Sales,0,0,-1.0,0,1.0,
2026-09-03 21:00:00,959.11,564.06,30.55,47.42,39.31,24.92,Normal Sales,Normal Sales,0,0,-1.0,0,1.0,
2026-09-03 22:00:00,921.58,545.08,30.52,49.11,38.83,22.81,Normal Sales,Normal Sales,0,0,-1.0,0,1.0,
2026-09-03 23:00:00,938.58,610.56,35.9,53.92,39.37,28.38,Normal Sales,Normal Sales,0,0,-1.0,0,1.0,
2026-09-04 00:00:00,394.89,237.35,11.57,34.11,32.27,17.86,Normal Sales,Normal Sales,0,0,-1.0,0,1.0,
2026-09-04 01:00:00,443.89,285.52,16.42,35.02,29.02,17.35,Normal Sales,Normal Sales,0,0,-1.0,0,1.0,
2026-09-04 02:00:00,407.41,251.43,15.01,30.9,31.07,18.46,Normal Sales,Normal Sales,0,0,-1.0,0,1.0,
2026-09-04 03:00:00,411.14,255.32,11.23,27.13,29.11,17.32,Normal Sales,Normal Sales,0,0,-1.0,0,1.0,
2026-09-04 04:00:00,384.45,236.97,15.21,33.55,31.47,19.89,Normal Sales,Normal Sales,0,0,-1.0,0,1.0,
2026-09-04 05:00:00,389.64,230.16,13.89,30.29,29.78,21.48,Normal Sales,Normal Sales,0,0,-1.0,0,1.0,
2026-09-04 06:00:00,592.91,411.69,19.0,39.69,34.9,22.48,Normal Sales,Normal Sales,0,0,-1.0,0,1.0,
2026-09-04 07:00:00,529.44,322.52,22.68,37.37,34.21,18.78,Normal Sales,Normal Sales,0,0,-1.0,0,1.0,
2026-09-04 08:00:00,597.27,370.0,22.59,42.15,34.97,21.39,Normal Sales,Normal Sales,0,0,-1.0,0,1.0,
2026-09-04 09:00:00,706.88,395.41,21.91,43.64,38.68,20.11,Normal Sales,Normal Sales,0,0,-1.0,0,1.0,
2026-09-04 10:00:00,713.43,465.65,23.98,40.72,35.14,22.62,Normal Sales,Normal Sales,0,0,-1.0,0,1.0,
2026-09-04 11:00:00,822.6,531.65,27.77,52.0,38.23,27.41,Normal Sales,Normal Sales,0,0,-1.0,0,1.0,
2026-09-04 12:00:00,822.87,503.61,28.84,46.23,39.85,24.77,Normal Sales,Normal Sales,0,0,-1.0,0,1.0,
2026-09-04 13:00:00,903.86,598.51,34.01,51.93,39.21,21.05,Normal Sales,Normal Sales,0,0,-1.0,0,1.0,
2026-09-04 14:00:00,831.71,538.97,31.58,47.07,38.47,25.1,Normal Sales,Normal Sales,0,0,-1.0,0,1.0,
2026-09-04 15:00:00,892.18,608.37,34.88,50.84,39.01,30.01,Normal Sales,Normal Sales,0,0,-1.0,0,1.0,
2026-09-04 16:00:00,801.7,481.68,27.91,49.32,38.85,22.83,Normal Sales,Normal Sales,0,0,-1.0,0,1.0,
2026-09-04 17:00:00,1258.46,790.6,44.18,63.4,45.5,29.95,Normal Sales,Normal Sales,0,0,-1.0,0,1.0,
2026-09-04 18:00:00,1377.56,858.01,48.29,67.09,49.11,30.85,Normal Sales,Normal Sales,0,0,-1.0,0,1.0,
2026-09-04 19:00:00,1118.61,692.78,42.21,61.14,41.4,30.35,Normal Sales,Normal Sales,0,0,-1.0,0,1.0,
2026-09-04 20:00:00,1186.61,746.36,42.06,63.4,41.04,28.13,Normal Sales,Normal Sales,0,0,-1.0,0,1.0,
2026-09-04 21:00:00,949.63,562.96,28.74,51.61,38.31,30.59,Normal Sales,Normal Sales,0,0,-1.0,0,1.0,
2026-09-04 22:00:00,927.82,568.49,31.86,47.23,40.79,26.9,Normal Sales,Normal Sales,0,0,-1.0,0,1.0,
2026-09-04 23:00:00,936.58,587.53,33.17,55.52,44.92,24.57,Normal Sales,Normal Sales,0,0,-1.0,0,1.0,
2026-09-05 00:00:00,505.47,315.96,13.22,37.89,32.82,20.63,Weekend Sales,Weekend Sales,0,0,-1.0,0,1.0,
2026-09-05 01:00:00,532.33,336.42,19.45,37.9,30.36,20.75,Weekend Sales,Weekend Sales,0,0,-1.0,0,1.0,
2026-09-05 02:00:00,590.64,372.22,20.75,43.38,32.55,23.08,Weekend Sales,Weekend Sales,0,0,-1.0,0,1.0,
2026-09-05 03:00:00,526.21,353.41,21.03,37.08,32.41,22.79,Weekend Sales,Weekend Sales,0,0,-1.0,0,1.0,
2026-09-05 04:00:00,490.39,292.99,17.36,34.34,32.61,15.24,Weekend Sales,Weekend Sales,0,0,-1.0,0,1.0,
2026-09-05 05:00:00,517.44,337.8,17.08,34.08,34.92,21.48,Weekend Sales,Weekend Sales,0,0,-1.0,0,1.0,
2026-09-05 06:00:00,738.28,461.2,23.25,44.28,36.9,21.91,Weekend Sales,Weekend Sales,0,0,-1.0,0,1.0,
2026-09-05 07:00:00,809.75,524.48,29.37,49.11,34.86,27.84,Weekend Sales,Weekend Sales,0,0,-1.0,0,1.0,
2026-09-05 08:00:00,777.21,458.49,25.51,46.71,38.24,21.29,Weekend Sales,Weekend Sales,0,0,-1.0,0,1.0,
2026-09-05 09:00:00,1059.69,655.49,37.05,53.97,44.11,28.75,Weekend Sales,Weekend Sales,0,0,-1.0,0,1.0,
2026-09-05 10:00:00,1081.7,632.28,31.97,54.51,45.32,31.73,Weekend Sales,Weekend Sales,0,0,-1.0,0,1.0,
2026-09-05 11:00:00,975.66,606.23,33.65,54.88,42.36,24.93,Weekend Sales,Weekend Sales,0,0,-1.0,0,1.0,
2026-09-05 12:00:00,1024.31,584.86,33.79,51.67,39.0,27.29,Weekend Sales,Weekend Sales,0,0,-1.0,0,1.0,
2026-09-05 13:00:00,1120.03,725.95,38.14,65.19,44.75,32.72,Weekend Sales,Weekend Sales,0,0,-1.0,0,1.0,
2026-09-05 14:00:00,1082.43,715.82,36.94,58.35,45.01,30.91,Weekend Sales,Weekend Sales,0,0,-1.0,0,1.0,
2026-09-05 15:00:00,1070.43,692.05,38.74,56.67,39.11,30.17,Weekend Sales,Weekend Sales,0,0,-1.0,0,1.0,
2026-09-05 16:00:00,1131.81,705.63,35.64,57.76,44.2,33.39,Weekend Sales,Weekend Sales,0,0,-1.0,0,1.0,
2026-09-05 17:00:00,1604.97,1031.16,58.29,77.83,49.26,35.84,Weekend Sales,Weekend Sales,0,0,-1.0,0,1.0,
2026-09-05 18:00:00,1671.68,1023.28,55.05,76.97,52.09,39.38,Weekend Sales,Weekend Sales,0,0,-1.0,0,1.0,
2026-09-05 19:00:00,1580.62,1000.02,55.88,71.46,51.46,31.66,Weekend Sales,Weekend Sales,0,0,-1.0,0,1.0,
2026-09-05 20:00:00,1549.02,971.97,53.44,69.71,48.1,31.08,Weekend Sales,Weekend Sales,0,0,-1.0,0,1.0,
2026-09-05 21:00:00,1176.59,743.96,39.8,61.32,44.03,30.66,Weekend Sales,Weekend Sales,0,0,-1.0,0,1.0,
2026-09-05 22:00:00,1325.77,816.91,46.75,59.17,48.76,29.84,Weekend Sales,Weekend Sales,0,0,-1.0,0,1.0,
2026-09-05 23:00:00,1193.59,722.41,41.9,57.83,42.98,28.14,Weekend Sales,Weekend Sales,0,0,-1.0,0,1.0,
2026-09-06 00:00:00,547.7,358.17,23.11,44.5,34.61,21.69,Weekend Sales,Weekend Sales,0,0,-1.0,0,1.0,
2026-09-06 01:00:00,507.88,362.62,20.37,37.66,33.41,19.79,Weekend Sales,Weekend Sales,0,0,-1.0,0,1.0,
2026-09-06 02:00:00,477.59,310.4,19.76,37.18,32.1,19.79,Weekend Sales,Weekend Sales,0,0,-1.0,0,1.0,
2026-09-06 03:00:00,545.46,341.72,18.67,37.8,36.38,21.49,Weekend Sales,Weekend Sales,0,0,-1.0,0,1.0,
2026-09-06 04:00:00,543.64,353.54,20.76,40.62,31.73,19.88,Weekend Sales,Weekend Sales,0,0,-1.0,0,1.0,
2026-09-06 05:00:00,518.8,340.82,20.18,34.3,33.6,23.27,Weekend Sales,Weekend Sales,0,0,-1.0,0,1.0,
2026-09-06 06:00:00,771.96,486.46,28.22,42.77,37.43,26.71,Weekend Sales,Weekend Sales,0,0,-1.0,0,1.0,
2026-09-06 07:00:00,757.98,490.76,27.05,44.46,36.69,23.22,Weekend Sales,Weekend Sales,0,0,-1.0,0,1.0,
2026-09-06 08:00:00,746.46,456.44,25.24,44.1,36.16,23.86,Weekend Sales,Weekend Sales,0,0,-1.0,0,1.0,
2026-09-06 09:00:00,1048.65,621.56,33.68,49.43,41.5,27.84,Weekend Sales,Weekend Sales,0,0,-1.0,0,1.0,
2026-09-06 10:00:00,1050.61,655.23,37.13,56.05,40.51,26.15,Weekend Sales,Weekend Sales,0,0,-1.0,0,1.0,
2026-09-06 11:00:00,1008.07,605.85,33.08,52.1,41.98,27.24,Weekend Sales,Weekend Sales,0,0,-1.0,0,1.0,
2026-09-06 12:00:00,1044.36,658.56,35.86,55.69,42.76,33.36,Weekend Sales,Weekend Sales,0,0,-1.0,0,1.0,
2026-09-06 13:00:00,1085.22,673.88,34.67,56.95,41.1,28.61,Weekend Sales,Weekend Sales,0,0,-1.0,0,1.0,
2026-09-06 14:00:00,1150.55,701.11,34.99,62.32,45.24,29.27,Weekend Sales,Weekend Sales,0,0,-1.0,0,1.0,
2026-09-06 15:00:00,1090.61,678.3,38.03,59.17,44.26,31.06,Weekend Sales,Weekend Sales,0,0,-1.0,0,1.0,
2026-09-06 16:00:00,1042.31,638.61,37.11,52.77,44.16,31.59,Weekend Sales,Weekend Sales,0,0,-1.0,0,1.0,
2026-09-06 17:00:00,1719.03,1082.34,58.63,81.16,50.53,37.5,Weekend Sales,Weekend Sales,0,0,-1.0,0,1.0,
2026-09-06 18:00:00,1564.73,971.68,52.66,74.9,52.36,34.87,Weekend Sales,Weekend Sales,0,0,-1.0,0,1.0,
2026-09-06 19:00:00,1634.45,1002.96,55.54,77.92,53.63,38.41,Weekend Sales,Weekend Sales,0,0,-1.0,0,1.0,
2026-09-06 20:00:00,1655.97,991.2,52.35,73.79,52.87,34.2,Weekend Sales,Weekend Sales,0,0,-1.0,0,1.0,
2026-09-06 21:00:00,1283.16,802.17,40.25,61.64,47.9,33.45,Weekend Sales,Weekend Sales,0,0,-1.0,0,1.0,
2026-09-06 22:00:00,1208.21,723.22,34.88,63.89,44.62,33.85,Weekend Sales,Weekend Sales,0,0,-1.0,0,1.0,
2026-09-06 23:00:00,1249.77,781.92,44.79,67.28,46.25,31.55,Weekend Sales,Weekend Sales,0,0,-1.0,0,1.0,
2026-09-07 00:00:00,409.69,227.86,11.77,31.66,33.73,16.84,Normal Sales,Normal Sales,0,0,-1.0,0,1.0,
2026-09-07 01:00:00,430.86,265.08,17.07,35.07,32.54,20.58,Normal Sales,Normal Sales,0,0,-1.0,0,1.0,
2026-09-07 02:00:00,426.16,290.82,20.26,38.54,32.18,18.39,Normal Sales,Normal Sales,0,0,-1.0,0,1.0,
2026-09-07 03:00:00,416.61,210.15,13.22,28.14,33.33,21.21,Normal Sales,Normal Sales,0,0,-1.0,0,1.0,
2026-09-07 04:00:00,379.44,233.99,10.74,27.24,30.24,19.12,Normal Sales,Normal Sales,0,0,-1.0,0,1.0,
2026-09-07 05:00:00,424.55,267.07,11.36,33.72,28.23,15.82,Normal Sales,Normal Sales,0,0,-1.0,0,1.0,
2026-09-07 06:00:00,561.49,374.37,21.68,40.15,31.82,20.58,Normal Sales,Normal Sales,0,0,-1.0,0,1.0,
2026-09-07 07:00:00,550.46,375.4,25.04,40.69,34.82,21.07,Normal Sales,Normal Sales,0,0,-1.0,0,1.0,
2026-09-07 08:00:00,543.1,315.62,16.43,35.58,32.0,19.99,Normal Sales,Normal Sales,0,0,-1.0,0,1.0,
2026-09-07 09:00:00,739.93,512.95,25.48,49.22,36.06,25.75,Normal Sales,Normal Sales,0,0,-1.0,0,1.0,
2026-09-07 10:00:00,792.41,495.22,24.97,45.79,37.81,24.59,Normal Sales,Normal Sales,0,0,-1.0,0,1.0,
2026-09-07 11:00:00,733.25,486.89,21.79,45.15,34.62,24.54,Normal Sales,Normal Sales,0,0,-1.0,0,1.0,
2026-09-07 12:00:00,812.06,468.3,30.46,46.07,38.57,20.83,Normal Sales,Normal Sales,0,0,-1.0,0,1.0,
2026-09-07 13:00:00,861.68,558.53,31.14,50.38,38.54,23.21,Normal Sales,Normal Sales,0,0,-1.0,0,1.0,
2026-09-07 14:00:00,803.94,527.67,30.79,50.75,36.02,24.88,Normal Sales,Normal Sales,0,0,-1.0,0,1.0,
2026-09-07 15:00:00,916.89,537.75,31.84,48.07,37.88,25.38,Normal Sales,Normal Sales,0,0,-1.0,0,1.0,
2026-09-07 16:00:00,815.46,458.16,25.35,46.48,40.29,24.67,Normal Sales,Normal Sales,0,0,-1.0,0,1.0,
2026-09-07 17:00:00,1347.97,869.77,49.31,69.09,49.38,29.32,Normal Sales,Normal Sales,0,0,-1.0,0,1.0,
2026-09-07 18:00:00,1197.89,696.23,39.62,57.06,50.4,28.37,Normal Sales,Normal Sales,0,0,-1.0,0,1.0,
2026-09-07 19:00:00,1233.88,754.95,40.54,58.73,42.42,26.51,Normal Sales,Normal Sales,0,0,-1.0,0,1.0,
2026-09-07 20:00:00,1260.83,771.1,46.28,59.68,48.39,34.42,Normal Sales,Normal Sales,0,0,-1.0,0,1.0,
2026-09-07 21:00:00,1015.56,635.52,34.28,57.91,39.68,28.43,Normal Sales,Normal Sales,0,0,-1.0,0,1.0,
2026-09-07 22:00:00,952.52,568.28,31.81,53.05,38.33,27.13,Normal Sales,Normal Sales,0,0,-1.0,0,1.0,
2026-09-07 23:00:00,848.22,499.66,26.57,48.16,40.16,24.66,Normal Sales,Normal Sales,0,0,-1.0,0,1.0,
2026-09-08 00:00:00,420.91,256.95,14.94,33.81,30.14,17.71,Normal Sales,Normal Sales,0,0,-1.0,0,1.0,
2026-09-08 01:00:00,421.6,306.69,19.28,32.35,28.92,18.6,Normal Sales,Normal Sales,0,0,-1.0,0,1.0,
2026-09-08 02:00:00,411.34,256.24,16.57,36.06,31.0,17.95,Normal Sales,Normal Sales,0,0,-1.0,0,1.0,
2026-09-08 03:00:00,419.89,286.91,16.89,33.19,29.91,16.95,Normal Sales,Normal Sales,0,0,-1.0,0,1.0,
2026-09-08 04:00:00,413.27,271.81,16.42,36.42,33.99,16.05,Normal Sales,Normal Sales,0,0,-1.0,0,1.0,
2026-09-08 05:00:00,417.6,269.89,14.7,31.42,33.99,17.57,Normal Sales,Normal Sales,0,0,-1.0,0,1.0,
2026-09-08 06:00:00,526.42,326.88,17.5,41.57,33.93,19.56,Normal Sales,Normal Sales,0,0,-1.0,0,1.0,
2026-09-08 07:00:00,585.41,357.75,24.11,40.47,31.14,20.45,Normal Sales,Normal Sales,0,0,-1.0,0,1.0,
2026-09-08 08:00:00,590.53,338.44,15.05,39.44,32.43,22.96,Normal Sales,Normal Sales,0,0,-1.0,0,1.0,
2026-09-08 09:00:00,773.47,467.69,20.89,48.29,37.74,22.8,Normal Sales,Normal Sales,0,0,-1.0,0,1.0,
2026-09-08 10:00:00,738.73,497.99,25.26,45.4,37.7,27.35,Normal Sales,Normal Sales,0,0,-1.0,0,1.0,
2026-09-08 11:00:00,764.79,455.8,24.86,46.89,39.26,20.64,Normal Sales,Normal Sales,0,0,-1.0,0,1.0,
2026-09-08 12:00:00,777.59,446.25,26.31,45.36,35.38,26.22,Normal Sales,Normal Sales,0,0,-1.0,0,1.0,
2026-09-08 13:00:00,878.58,550.35,29.91,49.77,38.17,24.28,Normal Sales,Normal Sales,0,0,-1.0,0,1.0,
2026-09-08 14:00:00,917.21,556.35,29.55,50.05,42.44,28.17,Normal Sales,Normal Sales,0,0,-1.0,0,1.0,
2026-09-08 15:00:00,847.05,555.84,30.79,47.68,37.45,28.64,Normal Sales,Normal Sales,0,0,-1.0,0,1.0,
2026-09-08 16:00:00,954.1,599.54,31.84,52.3,38.69,25.75,Normal Sales,Normal Sales,0,0,-1.0,0,1.0,
2026-09-08 17:00:00,1184.04,732.12,40.51,60.05,43.69,31.82,Normal Sales,Normal Sales,0,0,-1.0,0,1.0,
2026-09-08 18:00:00,1213.87,748.48,40.81,65.25,43.65,31.9,Normal Sales,Normal Sales,0,0,-1.0,0,1.0,
2026-09-08 19:00:00,1182.0,741.59,41.88,63.54,43.33,28.31,Normal Sales,Normal Sales,0,0,-1.0,0,1.0,
2026-09-08 20:00:00,1179.81,755.6,45.72,63.53,41.53,32.49,Normal Sales,Normal Sales,0,0,-1.0,0,1.0,
2026-09-08 21:00:00,910.0,555.47,30.93,51.16,39.6,24.68,Normal Sales,Normal Sales,0,0,-1.0,0,1.0,
2026-09-08 22:00:00,1005.69,610.34,36.08,50.11,41.53,24.81,Normal Sales,Normal Sales,0,0,-1.0,0,1.0,
2026-09-08 23:00:00,915.24,554.62,33.55,53.55,41.31,25.93,Normal Sales,Normal Sales,0,0,-1.0,0,1.0,
2026-09-09 00:00:00,413.36,287.95,17.24,34.31,34.0,20.83,Normal Sales,Normal Sales,0,0,-1.0,0,1.0,
2026-09-09 01:00:00,414.48,245.5,12.4,31.52,31.96,19.81,Normal Sales,Normal Sales,0,0,-1.0,0,1.0,
2026-09-09 02:00:00,379.94,186.9,8.38,28.43,32.85,16.11,Normal Sales,Normal Sales,0,0,-1.0,0,1.0,
2026-09-09 03:00:00,414.73,267.58,12.67,37.01,29.72,21.81,Normal Sales,Normal Sales,0,0,-1.0,0,1.0,
2026-09-09 04:00:00,406.93,243.86,11.19,32.72,35.43,18.92,Normal Sales,Normal Sales,0,0,-1.0,0,1.0,
2026-09-09 05:00:00,415.05,240.67,14.42,32.54,30.93,19.01,Normal Sales,Normal Sales,0,0,-1.0,0,1.0,
2026-09-09 06:00:00,537.81,330.93,15.81,37.27,31.69,18.96,Normal Sales,Normal Sales,0,0,-1.0,0,1.0,
2026-09-09 07:00:00,552.08,370.18,19.0,37.51,36.45,22.39,Normal Sales,Normal Sales,0,0,-1.0,0,1.0,
2026-09-09 08:00:00,531.34,364.07,23.32,42.52,34.37,18.9,Normal Sales,Normal Sales,0,0,-1.0,0,1.0,
2026-09-09 09:00:00,771.62,442.19,22.59,41.29,35.86,23.38,Normal Sales,Normal Sales,0,0,-1.0,0,1.0,
2026-09-09 10:00:00,756.32,456.72,24.54,48.35,41.18,22.52,Normal Sales,Normal Sales,0,0,-1.0,0,1.0,
2026-09-09 11:00:00,786.52,466.61,27.2,44.1,35.95,27.67,Normal Sales,Normal Sales,0,0,-1.0,0,1.0,
2026-09-09 12:00:00,721.08,385.75,22.69,40.21,34.97,27.11,Normal Sales,Normal Sales,0,0,-1.0,0,1.0,
2026-09-09 13:00:00,896.09,554.11,29.06,51.22,35.77,24.82,Normal Sales,Normal Sales,0,0,-1.0,0,1.0,
2026-09-09 14:00:00,862.92,540.35,29.43,47.49,40.51,22.21,Normal Sales,Normal Sales,0,0,-1.0,0,1.0,
2026-09-09 15:00:00,852.51,515.61,30.38,46.88,39.37,25.56,Normal Sales,Normal Sales,0,0,-1.0,0,1.0,
2026-09-09 16:00:00,785.2,485.18,23.2,46.99,35.89,26.5,Normal Sales,Normal Sales,0,0,-1.0,0,1.0,
2026-09-09 17:00:00,1217.43,735.56,42.86,58.66,46.49,31.32,Normal Sales,Normal Sales,0,0,-1.0,0,1.0,
2026-09-09 18:00:00,1206.09,714.38,41.77,61.05,42.96,30.35,Normal Sales,Normal Sales,0,0,-1.0,0,1.0,
2026-09-09 19:00:00,1290.34,802.81,44.63,67.03,49.01,31.83,Normal Sales,Normal Sales,0,0,-1.0,0,1.0,
2026-09-09 20:00:00,1146.38,678.19,35.92,55.35,40.12,32.65,Normal Sales,Normal Sales,0,0,-1.0,0,1.0,
2026-09-09 21:00:00,980.76,594.98,32.66,48.15,42.99,22.98,Normal Sales,Normal Sales,0,0,-1.0,0,1.0,
2026-09-09 22:00:00,979.9,561.58,30.06,54.22,37.39,25.74,Normal Sales,Normal Sales,0,0,-1.0,0,1.0,
2026-09-09 23:00:00,985.52,622.63,34.38,55.14,39.53,31.43,Normal Sales,Normal Sales,0,0,-1.0,0,1.0,
2026-09-10 00:00:00,376.72,262.62,14.82,34.37,31.99,19.68,Normal Sales,Normal Sales,0,0,-1.0,0,1.0,
2026-09-10 01:00:00,393.1,236.56,10.11,31.04,31.33,19.13,Normal Sales,Normal Sales,0,0,-1.0,0,1.0,
2026-09-10 02:00:00,417.73,215.11,10.71,29.37,28.48,15.71,Normal Sales,Normal Sales,0,0,-1.0,0,1.0,
2026-09-10 03:00:00,409.74,289.38,14.01,31.48,29.77,19.91,Normal Sales,Normal Sales,0,0,-1.0,0,1.0,
2026-09-10 04:00:00,434.78,267.4,11.82,30.43,31.77,20.68,Normal Sales,Normal Sales,0,0,-1.0,0,1.0,
2026-09-10 05:00:00,446.91,247.52,13.89,30.14,29.8,16.22,Normal Sales,Normal Sales,0,0,-1.0,0,1.0,
2026-09-10 06:00:00,581.91,338.73,23.59,36.75,35.87,19.15,Normal Sales,Normal Sales,0,0,-1.0,0,1.0,
2026-09-10 07:00:00,657.88,416.37,24.57,40.52,37.14,23.08,Normal Sales,Normal Sales,0,0,-1.0,0,1.0,
2026-09-10 08:00:00,580.59,332.97,17.84,36.82,35.61,19.86,Normal Sales,Normal Sales,0,0,-1.0,0,1.0,
2026-09-10 09:00:00,699.54,449.87,27.33,39.68,39.5,26.04,Normal Sales,Normal Sales,0,0,-1.0,0,1.0,
2026-09-10 10:00:00,749.48,436.75,26.13,40.23,35.4,20.29,Normal Sales,Normal Sales,0,0,-1.0,0,1.0,
2026-09-10 11:00:00,774.12,516.59,29.16,49.98,36.46,25.11,Normal Sales,Normal Sales,0,0,-1.0,0,1.0,
2026-09-10 12:00:00,726.44,447.97,23.15,43.57,35.89,22.57,Normal Sales,Normal Sales,0,0,-1.0,0,1.0,
2026-09-10 13:00:00,956.09,636.96,37.87,58.8,43.09,27.88,Normal Sales,Normal Sales,0,0,-1.0,0,1.0,
2026-09-10 14:00:00,859.54,538.8,29.21,46.52,39.21,22.34,Normal Sales,Normal Sales,0,0,-1.0,0,1.0,
2026-09-10 15:00:00,870.9,515.09,28.17,48.62,38.1,21.6,Normal Sales,Normal Sales,0,0,-1.0,0,1.0,
2026-09-10 16:00:00,813.56,515.87,27.26,49.12,37.85,24.5,Normal Sales,Normal Sales,0,0,-1.0,0,1.0,
2026-09-10 17:00:00,1250.49,758.43,42.51,61.08,50.33,28.69,Normal Sales,Normal Sales,0,0,-1.0,0,1.0,
2026-09-10 18:00:00,1207.17,740.52,38.03,62.8,43.66,25.75,Normal Sales,Normal Sales,0,0,-1.0,0,1.0,
2026-09-10 19:00:00,1271.85,772.64,42.29,64.64,44.89,30.57,Normal Sales,Normal Sales,0,0,-1.0,0,1.0,
2026-09-10 20:00:00,1380.6,802.13,41.55,62.41,51.05,30.76,Normal Sales,Normal Sales,0,0,-1.0,0,1.0,
2026-09-10 21:00:00,967.47,587.98,33.55,52.17,40.95,29.27,Normal Sales,Normal Sales,0,0,-1.0,0,1.0,
2026-09-10 22:00:00,977.03,587.38,32.93,58.3,41.74,26.99,Normal Sales,Normal Sales,0,0,-1.0,0,1.0,
2026-09-10 23:00:00,890.48,570.21,33.11,51.56,39.37,31.92,Normal Sales,Normal Sales,0,0,-1.0,0,1.0,
2026-09-11 00:00:00,427.44,296.01,16.41,34.41,32.53,19.14,Normal Sales,Normal Sales,0,0,-1.0,0,1.0,
2026-09-11 01:00:00,408.87,265.08,13.55,33.75,31.11,20.56,Normal Sales,Normal Sales,0,0,-1.0,0,1.0,
2026-09-11 02:00:00,397.38,196.38,10.18,31.01,32.68,15.52,Normal Sales,Normal Sales,0,0,-1.0,0,1.0,
2026-09-11 03:00:00,421.02,289.41,17.42,32.41,29.79,20.11,Normal Sales,Normal Sales,0,0,-1.0,0,1.0,
2026-09-11 04:00:00,443.22,275.15,14.8,30.5,30.81,17.45,Normal Sales,Normal Sales,0,0,-1.0,0,1.0,
2026-09-11 05:00:00,410.46,216.67,11.26,28.51,32.86,15.7,Normal Sales,Normal Sales,0,0,-1.0,0,1.0,
2026-09-11 06:00:00,575.14,363.64,19.09,44.86,35.64,21.13,Normal Sales,Normal Sales,0,0,-1.0,0,1.0,
2026-09-11 07:00:00,602.99,314.97,19.79,38.28,34.1,21.01,Normal Sales,Normal Sales,0,0,-1.0,0,1.0,
2026-09-11 08:00:00,612.45,369.31,21.07,42.14,35.32,20.73,Normal Sales,Normal Sales,0,0,-1.0,0,1.0,
2026-09-11 09:00:00,785.75,521.72,30.26,44.86,38.53,25.95,Normal Sales,Normal Sales,0,0,-1.0,0,1.0,
2026-09-11 10:00:00,819.34,508.81,27.25,44.03,36.54,27.14,Normal Sales,Normal Sales,0,0,-1.0,0,1.0,
2026-09-11 11:00:00,781.93,482.3,29.12,48.68,35.82,26.46,Normal Sales,Normal Sales,0,0,-1.0,0,1.0,
2026-09-11 12:00:00,710.06,451.73,25.53,46.88,36.83,22.8,Normal Sales,Normal Sales,0,0,-1.0,0,1.0,
2026-09-11 13:00:00,858.2,599.41,33.13,53.33,34.55,25.33,Normal Sales,Normal Sales,0,0,-1.0,0,1.0,
2026-09-11 14:00:00,887.8,510.08,29.15,46.24,37.02,23.29,Normal Sales,Normal Sales,0,0,-1.0,0,1.0,
2026-09-11 15:00:00,931.45,585.84,30.4,53.75,41.49,25.88,Normal Sales,Normal Sales,0,0,-1.0,0,1.0,
2026-09-11 16:00:00,906.86,587.42,34.01,50.0,37.06,23.3,Normal Sales,Normal Sales,0,0,-1.0,0,1.0,
2026-09-11 17:00:00,1189.42,728.24,39.48,60.17,47.69,29.53,Normal Sales,Normal Sales,0,0,-1.0,0,1.0,
2026-09-11 18:00:00,1226.72,715.13,43.79,56.7,43.44,31.27,Normal Sales,Normal Sales,0,0,-1.0,0,1.0,
2026-09-11 19:00:00,1244.86,812.89,46.15,64.34,47.25,34.64,Normal Sales,Normal Sales,0,0,-1.0,0,1.0,
2026-09-11 20:00:00,1189.13,761.34,41.43,61.51,44.5,30.27,Normal Sales,Normal Sales,0,0,-1.0,0,1.0,
2026-09-11 21:00:00,935.67,604.73,30.2,50.04,41.26,26.97,Normal Sales,Normal Sales,0,0,-1.0,0,1.0,
2026-09-11 22:00:00,1003.87,631.35,32.06,54.6,42.13,28.25,Normal Sales,Normal Sales,0,0,-1.0,0,1.0,
2026-09-11 23:00:00,934.06,572.27,30.35,47.91,36.95,27.09,Normal Sales,Normal Sales,0,0,-1.0,0,1.0,
2026-09-12 00:00:00,518.73,336.0,17.29,33.99,32.0,24.59,Weekend Sales,Weekend Sales,0,0,-1.0,0,1.0,
2026-09-12 01:00:00,539.77,350.8,19.63,34.59,36.07,20.27,Weekend Sales,Weekend Sales,0,0,-1.0,0,1.0,
2026-09-12 02:00:00,506.82,301.43,16.17,37.49,31.25,24.78,Weekend Sales,Weekend Sales,0,0,-1.0,0,1.0,
2026-09-12 03:00:00,516.95,335.81,14.52,36.94,33.52,18.16,Weekend Sales,Weekend Sales,0,0,-1.0,0,1.0,
2026-09-12 04:00:00,583.01,372.33,19.84,40.48,32.72,23.81,Weekend Sales,Weekend Sales,0,0,-1.0,0,1.0,
2026-09-12 05:00:00,569.9,362.67,21.17,35.19,36.62,20.87,Weekend Sales,Weekend Sales,0,0,-1.0,0,1.0,
2026-09-12 06:00:00,823.56,529.36,31.13,45.79,36.16,29.73,Weekend Sales,Weekend Sales,0,0,-1.0,0,1.0,
2026-09-12 07:00:00,723.9,421.38,23.26,42.87,35.23,23.77,Weekend Sales,Weekend Sales,0,0,-1.0,0,1.0,
2026-09-12 08:00:00,818.75,507.17,27.36,47.32,36.92,21.28,Weekend Sales,Weekend Sales,0,0,-1.0,0,1.0,
2026-09-12 09:00:00,1039.88,663.87,36.2,50.53,40.53,30.41,Weekend Sales,Weekend Sales,0,0,-1.0,0,1.0,
2026-09-12 10:00:00,950.79,606.89,32.49,52.87,38.79,24.9,Weekend Sales,Weekend Sales,0,0,-1.0,0,1.0,
2026-09-12 11:00:00,1097.93,701.11,39.85,60.6,43.67,31.42,Weekend Sales,Weekend Sales,0,0,-1.0,0,1.0,
2026-09-12 12:00:00,990.46,648.52,38.25,56.06,40.26,25.77,Weekend Sales,Weekend Sales,0,0,-1.0,0,1.0,
2026-09-12 13:00:00,1158.08,760.13,39.49,64.02,42.74,30.23,Weekend Sales,Weekend Sales,0,0,-1.0,0,1.0,
2026-09-12 14:00:00,1077.69,649.36,37.01,57.77,42.79,27.23,Weekend Sales,Weekend Sales,0,0,-1.0,0,1.0,
2026-09-12 15:00:00,1081.81,672.27,36.24,57.43,41.75,28.22,Weekend Sales,Weekend Sales,0,0,-1.0,0,1.0,
2026-09-12 16:00:00,1154.09,724.34,42.29,58.99,44.71,33.72,Weekend Sales,Weekend Sales,0,0,-1.0,0,1.0,
2026-09-12 17:00:00,1673.63,1066.76,57.43,77.59,52.13,38.56,Weekend Sales,Weekend Sales,0,0,-1.0,0,1.0,
2026-09-12 18:00:00,1714.2,1044.56,57.27,81.41,53.57,38.09,Weekend Sales,Weekend Sales,0,0,-1.0,0,1.0,
2026-09-12 19:00:00,1646.49,992.64,52.31,71.87,52.4,38.65,Weekend Sales,Weekend Sales,0,0,-1.0,0,1.0,
2026-09-12 20:00:00,1689.37,1076.0,62.09,80.3,52.59,41.85,Weekend Sales,Weekend Sales,0,0,-1.0,0,1.0,
2026-09-12 21:00:00,1221.16,727.65,39.34,59.37,44.86,28.49,Weekend Sales,Weekend Sales,0,0,-1.0,0,1.0,
2026-09-12 22:00:00,1288.91,784.9,45.63,60.65,45.63,30.95,Weekend Sales,Weekend Sales,0,0,-1.0,0,1.0,
2026-09-12 23:00:00,1280.12,816.84,45.46,64.68,47.14,34.11,Weekend Sales,Weekend Sales,0,0,-1.0,0,1.0,
2026-09-13 00:00:00,549.93,350.64,20.58,34.07,32.65,21.52,Weekend Sales,Weekend Sales,0,0,-1.0,0,1.0,
2026-09-13 01:00:00,534.71,324.32,18.59,37.87,34.02,18.52,Weekend Sales,Weekend Sales,0,0,-1.0,0,1.0,
2026-09-13 02:00:00,504.16,332.69,16.81,34.98,30.77,22.62,Weekend Sales,Weekend Sales,0,0,-1.0,0,1.0,
2026-09-13 03:00:00,548.38,348.56,20.55,37.97,35.35,18.32,Weekend Sales,Weekend Sales,0,0,-1.0,0,1.0,
2026-09-13 04:00:00,513.17,289.65,16.77,36.41,31.78,18.78,Weekend Sales,Weekend Sales,0,0,-1.0,0,1.0,
2026-09-13 05:00:00,577.03,340.4,19.31,36.22,36.0,21.77,Weekend Sales,Weekend Sales,0,0,-1.0,0,1.0,
2026-09-13 06:00:00,728.97,445.44,20.34,46.13,40.49,18.78,Weekend Sales,Weekend Sales,0,0,-1.0,0,1.0,
2026-09-13 07:00:00,727.86,455.46,25.01,43.29,32.9,24.03,Weekend Sales,Weekend Sales,0,0,-1.0,0,1.0,
2026-09-13 08:00:00,818.57,578.69,34.44,47.34,37.89,27.65,Weekend Sales,Weekend Sales,0,0,-1.0,0,1.0,
2026-09-13 09:00:00,989.68,633.1,36.23,57.5,42.43,28.4,Weekend Sales,Weekend Sales,0,0,-1.0,0,1.0,
2026-09-13 10:00:00,992.26,582.88,32.5,51.16,40.25,28.82,Weekend Sales,Weekend Sales,0,0,-1.0,0,1.0,
2026-09-13 11:00:00,1095.11,648.08,35.22,54.84,43.25,23.67,Weekend Sales,Weekend Sales,0,0,-1.0,0,1.0,
2026-09-13 12:00:00,950.09,586.12,33.81,52.16,41.49,27.05,Weekend Sales,Weekend Sales,0,0,-1.0,0,1.0,
2026-09-13 13:00:00,1218.64,792.7,42.08,65.63,45.73,36.83,Weekend Sales,Weekend Sales,0,0,-1.0,0,1.0,
2026-09-13 14:00:00,1099.84,678.98,35.28,54.92,43.47,29.39,Weekend Sales,Weekend Sales,0,0,-1.0,0,1.0,
2026-09-13 15:00:00,1176.55,742.46,40.36,60.22,42.06,29.16,Weekend Sales,Weekend Sales,0,0,-1.0,0,1.0,
2026-09-13 16:00:00,1142.29,713.14,40.64,60.75,46.53,27.88,Weekend Sales,Weekend Sales,0,0,-1.0,0,1.0,
2026-09-13 17:00:00,1608.94,975.41,56.2,73.51,53.66,39.29,Weekend Sales,Weekend Sales,0,0,-1.0,0,1.0,
2026-09-13 18:00:00,1661.52,1037.47,57.14,77.19,51.37,37.64,Weekend Sales,Weekend Sales,0,0,-1.0,0,1.0,
2026-09-13 19:00:00,1776.36,1075.3,59.55,82.38,53.63,39.71,Weekend Sales,Weekend Sales,0,0,-1.0,0,1.0,
2026-09-13 20:00:00,1505.41,966.48,55.42,73.29,47.83,37.75,Weekend Sales,Weekend Sales,0,0,-1.0,0,1.0,
2026-09-13 21:00:00,1193.44,714.82,39.21,63.51,45.57,28.58,Weekend Sales,Weekend Sales,0,0,-1.0,0,1.0,
2026-09-13 22:00:00,1159.63,720.01,40.1,59.5,47.33,29.74,Weekend Sales,Weekend Sales,0,0,-1.0,0,1.0,
2026-09-13 23:00:00,1121.65,685.24,38.6,58.78,42.71,28.45,Weekend Sales,Weekend Sales,0,0,-1.0,0,1.0,
2026-09-14 00:00:00,369.46,231.21,12.04,31.98,31.26,20.26,Normal Sales,Normal Sales,0,0,-1.0,0,1.0,
2026-09-14 01:00:00,390.89,210.0,10.4,28.74,28.99,20.14,Normal Sales,Normal Sales,0,0,-1.0,0,1.0,
2026-09-14 02:00:00,413.54,305.71,16.81,32.14,29.41,21.69,Normal Sales,Normal Sales,0,0,-1.0,0,1.0,
2026-09-14 03:00:00,387.23,254.03,13.26,30.2,33.36,17.17,Normal Sales,Normal Sales,0,0,-1.0,0,1.0,
2026-09-14 04:00:00,393.51,242.01,12.29,37.58,32.81,16.87,Normal Sales,Normal Sales,0,0,-1.0,0,1.0,
2026-09-14 05:00:00,400.74,197.97,11.16,28.25,30.99,13.02,Normal Sales,Normal Sales,0,0,-1.0,0,1.0,
2026-09-14 06:00:00,592.15,409.6,22.64,39.23,34.03,22.11,Normal Sales,Normal Sales,0,0,-1.0,0,1.0,
2026-09-14 07:00:00,657.92,399.59,19.57,41.3,35.58,23.11,Normal Sales,Normal Sales,0,0,-1.0,0,1.0,
2026-09-14 08:00:00,615.35,430.4,22.48,40.57,30.75,24.08,Normal Sales,Normal Sales,0,0,-1.0,0,1.0,
2026-09-14 09:00:00,740.99,481.71,25.51,49.92,33.73,26.09,Normal Sales,Normal Sales,0,0,-1.0,0,1.0,
2026-09-14 10:00:00,810.43,515.63,26.13,49.01,38.03,21.23,Normal Sales,Normal Sales,0,0,-1.0,0,1.0,
2026-09-14 11:00:00,835.8,509.56,30.99,47.45,40.17,23.02,Normal Sales,Normal Sales,0,0,-1.0,0,1.0,
2026-09-14 12:00:00,783.7,489.49,26.27,44.12,31.19,22.55,Normal Sales,Normal Sales,0,0,-1.0,0,1.0,
2026-09-14 13:00:00,896.96,521.24,26.29,45.04,39.67,23.24,Normal Sales,Normal Sales,0,0,-1.0,0,1.0,
2026-09-14 14:00:00,919.49,588.45,32.76,52.6,38.11,25.19,Normal Sales,Normal Sales,0,0,-1.0,0,1.0,
2026-09-14 15:00:00,897.42,579.23,33.26,50.07,38.47,24.62,Normal Sales,Normal Sales,0,0,-1.0,0,1.0,
2026-09-14 16:00:00,899.9,508.9,23.58,43.09,35.01,27.44,Normal Sales,Normal Sales,0,0,-1.0,0,1.0,
2026-09-14 17:00:00,1279.94,763.6,41.79,66.27,46.76,35.32,Normal Sales,Normal Sales,0,0,-1.0,0,1.0,
2026-09-14 18:00:00,1224.46,742.79,38.69,61.28,46.69,30.77,Normal Sales,Normal Sales,0,0,-1.0,0,1.0,
2026-09-14 19:00:00,1209.44,781.27,44.03,62.55,43.03,31.02,Normal Sales,Normal Sales,0,0,-1.0,0,1.0,
2026-09-14 20:00:00,1260.61,762.07,39.45,61.18,45.33,33.78,Normal Sales,Normal Sales,0,0,-1.0,0,1.0,
2026-09-14 21:00:00,902.27,565.08,30.52,50.08,42.42,26.29,Normal Sales,Normal Sales,0,0,-1.0,0,1.0,
2026-09-14 22:00:00,914.08,588.95,34.02,49.31,37.15,27.54,Normal Sales,Normal Sales,0,0,-1.0,0,1.0,
2026-09-14 23:00:00,956.25,581.11,34.07,50.32,41.1,28.88,Normal Sales,Normal Sales,0,0,-1.0,0,1.0,
2026-09-15 00:00:00,403.73,204.59,10.45,30.91,32.87,16.07,Normal Sales,Normal Sales,0,0,-1.0,0,1.0,
2026-09-15 01:00:00,446.08,244.1,13.75,31.96,34.28,15.16,Normal Sales,Normal Sales,0,0,-1.0,0,1.0,
2026-09-15 02:00:00,419.44,253.94,17.03,30.71,31.96,16.67,Normal Sales,Normal Sales,0,0,-1.0,0,1.0,
2026-09-15 03:00:00,414.56,247.79,12.86,27.5,31.88,16.03,Normal Sales,Normal Sales,0,0,-1.0,0,1.0,
2026-09-15 04:00:00,387.77,201.53,8.97,31.42,31.49,18.37,Normal Sales,Normal Sales,0,0,-1.0,0,1.0,
2026-09-15 05:00:00,389.61,246.93,12.35,34.62,31.48,16.86,Normal Sales,Normal Sales,0,0,-1.0,0,1.0,
2026-09-15 06:00:00,624.09,399.62,19.21,36.8,31.91,25.29,Normal Sales,Normal Sales,0,0,-1.0,0,1.0,
2026-09-15 07:00:00,563.11,396.03,19.65,37.39,35.33,23.75,Normal Sales,Normal Sales,0,0,-1.0,0,1.0,
2026-09-15 08:00:00,609.71,394.93,20.12,42.73,34.85,21.14,Normal Sales,Normal Sales,0,0,-1.0,0,1.0,
2026-09-15 09:00:00,779.43,509.76,28.82,41.78,39.03,26.37,Normal Sales,Normal Sales,0,0,-1.0,0,1.0,
2026-09-15 10:00:00,761.06,474.77,26.34,40.5,36.13,23.14,Normal Sales,Normal Sales,0,0,-1.0,0,1.0,
2026-09-15 11:00:00,769.6,464.01,26.85,43.01,38.9,24.83,Normal Sales,Normal Sales,0,0,-1.0,0,1.0,
2026-09-15 12:00:00,828.53,557.03,34.12,46.73,38.77,24.49,Normal Sales,Normal Sales,0,0,-1.0,0,1.0,
2026-09-15 13:00:00,1009.23,641.07,38.09,56.01,35.89,26.46,Normal Sales,Normal Sales,0,0,-1.0,0,1.0,
2026-09-15 14:00:00,837.3,509.37,28.73,48.87,32.98,24.26,Normal Sales,Normal Sales,0,0,-1.0,0,1.0,
2026-09-15 15:00:00,845.96,559.02,31.93,49.47,38.83,22.6,Normal Sales,Normal Sales,0,0,-1.0,0,1.0,
2026-09-15 16:00:00,895.7,545.44,28.38,53.0,39.77,24.31,Normal Sales,Normal Sales,0,0,-1.0,0,1.0,
2026-09-15 17:00:00,1194.85,749.96,41.82,61.38,41.91,28.64,Normal Sales,Normal Sales,0,0,-1.0,0,1.0,
2026-09-15 18:00:00,1185.99,730.41,40.09,59.96,43.93,34.02,Normal Sales,Normal Sales,0,0,-1.0,0,1.0,
2026-09-15 19:00:00,1284.41,826.04,46.36,65.63,46.65,33.1,Normal Sales,Normal Sales,0,0,-1.0,0,1.0,
2026-09-15 20:00:00,1281.86,770.38,43.82,63.34,42.18,31.43,Normal Sales,Normal Sales,0,0,-1.0,0,1.0,
2026-09-15 21:00:00,895.7,541.96,29.49,45.79,39.12,25.69,Normal Sales,Normal Sales,0,0,-1.0,0,1.0,
2026-09-15 22:00:00,994.47,605.23,33.84,52.95,40.07,23.79,Normal Sales,Normal Sales,0,0,-1.0,0,1.0,
2026-09-15 23:00:00,952.94,609.44,31.65,52.5,40.06,29.44,Normal Sales,Normal Sales,0,0,-1.0,0,1.0,
2026-09-16 00:00:00,411.51,262.34,14.41,31.87,28.73,17.99,Normal Sales,Normal Sales,0,0,-1.0,0,1.0,
2026-09-16 01:00:00,418.97,262.84,17.42,35.54,33.6,14.51,Normal Sales,Normal Sales,0,0,-1.0,0,1.0,
2026-09-16 02:00:00,443.34,281.54,16.3,36.46,31.58,16.9,Normal Sales,Normal Sales,0,0,-1.0,0,1.0,
2026-09-16 03:00:00,440.63,253.98,12.0,32.37,30.72,18.36,Normal Sales,Normal Sales,0,0,-1.0,0,1.0,
2026-09-16 04:00:00,408.88,287.18,16.71,32.05,29.51,18.4,Normal Sales,Normal Sales,0,0,-1.0,0,1.0,
2026-09-16 05:00:00,403.0,236.99,10.83,32.61,29.94,16.02,Normal Sales,Normal Sales,0,0,-1.0,0,1.0,
2026-09-16 06:00:00,607.92,398.11,21.4,45.23,38.77,22.95,Normal Sales,Normal Sales,0,0,-1.0,0,1.0,
2026-09-16 07:00:00,579.6,366.08,17.69,36.93,30.49,19.89,Normal Sales,Normal Sales,0,0,-1.0,0,1.0,
2026-09-16 08:00:00,556.94,360.9,18.35,39.39,34.96,23.37,Normal Sales,Normal Sales,0,0,-1.0,0,1.0,
2026-09-16 09:00:00,762.42,480.46,27.11,48.9,38.53,26.62,Normal Sales,Normal Sales,0,0,-1.0,0,1.0,
2026-09-16 10:00:00,711.53,424.54,25.41,44.25,35.85,21.67,Normal Sales,Normal Sales,0,0,-1.0,0,1.0,
2026-09-16 11:00:00,806.74,450.69,26.37,44.96,36.74,24.27,Normal Sales,Normal Sales,0,0,-1.0,0,1.0,
2026-09-16 12:00:00,761.15,472.64,25.9,47.22,37.26,20.0,Normal Sales,Normal Sales,0,0,-1.0,0,1.0,
2026-09-16 13:00:00,807.06,473.27,26.94,47.15,41.06,21.8,Normal Sales,Normal Sales,0,0,-1.0,0,1.0,
2026-09-16 14:00:00,924.23,524.57,28.89,49.61,40.2,24.5,Normal Sales,Normal Sales,0,0,-1.0,0,1.0,
2026-09-16 15:00:00,872.55,510.1,29.79,48.56,39.56,24.19,Normal Sales,Normal Sales,0,0,-1.0,0,1.0,
2026-09-16 16:00:00,853.22,542.11,33.0,45.74,35.62,26.09,Normal Sales,Normal Sales,0,0,-1.0,0,1.0,
2026-09-16 17:00:00,1212.2,754.67,41.46,63.21,44.04,28.45,Normal Sales,Normal Sales,0,0,-1.0,0,1.0,
2026-09-16 18:00:00,1184.0,730.07,37.64,60.23,44.25,29.54,Normal Sales,Normal Sales,0,0,-1.0,0,1.0,
2026-09-16 19:00:00,1245.57,731.9,38.35,58.04,46.93,34.91,Normal Sales,Normal Sales,0,0,-1.0,0,1.0,
2026-09-16 20:00:00,1178.39,724.72,38.47,60.59,42.82,30.68,Normal Sales,Normal Sales,0,0,-1.0,0,1.0,
2026-09-16 21:00:00,990.63,583.6,32.64,47.7,40.33,25.94,Normal Sales,Normal Sales,0,0,-1.0,0,1.0,
2026-09-16 22:00:00,947.77,579.81,30.9,51.01,40.59,27.03,Normal Sales,Normal Sales,0,0,-1.0,0,1.0,
2026-09-16 23:00:00,964.27,583.51,34.25,55.79,37.82,26.92,Normal Sales,Normal Sales,0,0,-1.0,0,1.0,
2026-09-17 00:00:00,401.47,272.05,14.94,33.59,31.81,18.21,Normal Sales,Normal Sales,0,0,-1.0,0,1.0,
2026-09-17 01:00:00,445.57,289.0,17.76,34.02,31.33,20.85,Normal Sales,Normal Sales,0,0,-1.0,0,1.0,
2026-09-17 02:00:00,425.71,232.72,13.06,33.06,30.98,18.58,Normal Sales,Normal Sales,0,0,-1.0,0,1.0,
2026-09-17 03:00:00,409.28,197.59,8.25,32.6,30.47,17.32,Normal Sales,Normal Sales,0,0,-1.0,0,1.0,
2026-09-17 04:00:00,411.02,234.2,11.95,32.65,31.85,22.23,Normal Sales,Normal Sales,0,0,-1.0,0,1.0,
2026-09-17 05:00:00,401.27,290.55,14.26,35.51,31.18,19.01,Normal Sales,Normal Sales,0,0,-1.0,0,1.0,
2026-09-17 06:00:00,593.63,352.48,21.19,36.5,34.73,22.32,Normal Sales,Normal Sales,0,0,-1.0,0,1.0,
2026-09-17 07:00:00,634.89,417.93,24.13,40.29,33.22,20.17,Normal Sales,Normal Sales,0,0,-1.0,0,1.0,
2026-09-17 08:00:00,557.15,345.4,17.54,41.0,32.31,20.82,Normal Sales,Normal Sales,0,0,-1.0,0,1.0,
2026-09-17 09:00:00,766.23,439.97,26.38,45.67,38.65,24.19,Normal Sales,Normal Sales,0,0,-1.0,0,1.0,
2026-09-17 10:00:00,747.02,444.65,25.36,47.84,37.47,25.07,Normal Sales,Normal Sales,0,0,-1.0,0,1.0,
2026-09-17 11:00:00,756.09,496.22,26.45,46.98,36.12,26.18,Normal Sales,Normal Sales,0,0,-1.0,0,1.0,
2026-09-17 12:00:00,811.55,466.24,28.29,51.41,37.09,23.4,Normal Sales,Normal Sales,0,0,-1.0,0,1.0,
2026-09-17 13:00:00,921.64,573.09,31.51,55.9,36.96,24.75,Normal Sales,Normal Sales,0,0,-1.0,0,1.0,
2026-09-17 14:00:00,885.99,508.82,27.24,47.03,40.99,26.11,Normal Sales,Normal Sales,0,0,-1.0,0,1.0,
2026-09-17 15:00:00,794.82,475.46,24.77,45.21,35.32,24.79,Normal Sales,Normal Sales,0,0,-1.0,0,1.0,
2026-09-17 16:00:00,837.73,534.11,29.37,46.3,41.02,28.19,Normal Sales,Normal Sales,0,0,-1.0,0,1.0,
2026-09-17 17:00:00,1251.17,769.75,40.22,65.33,46.92,29.62,Normal Sales,Normal Sales,0,0,-1.0,0,1.0,
2026-09-17 18:00:00,1190.92,749.79,38.89,59.7,42.16,28.73,Normal Sales,Normal Sales,0,0,-1.0,0,1.0,
2026-09-17 19:00:00,1188.87,759.75,38.28,62.78,44.73,32.93,Normal Sales,Normal Sales,0,0,-1.0,0,1.0,
2026-09-17 20:00:00,1249.12,764.98,40.44,64.89,46.23,30.14,Normal Sales,Normal Sales,0,0,-1.0,0,1.0,
2026-09-17 21:00:00,1002.8,610.59,33.58,51.99,42.12,25.28,Normal Sales,Normal Sales,0,0,-1.0,0,1.0,
2026-09-17 22:00:00,944.89,569.47,31.85,52.16,37.85,27.05,Normal Sales,Normal Sales,0,0,-1.0,0,1.0,
2026-09-17 23:00:00,888.39,605.6,32.28,54.98,39.5,27.62,Normal Sales,Normal Sales,0,0,-1.0,0,1.0,
2026-09-18 00:00:00,387.31,261.22,14.46,34.03,30.4,18.79,Normal Sales,Normal Sales,0,0,-1.0,0,1.0,
2026-09-18 01:00:00,393.04,239.86,12.35,30.17,30.95,18.72,Normal Sales,Normal Sales,0,0,-1.0,0,1.0,
2026-09-18 02:00:00,416.44,255.64,14.88,33.44,31.27,18.72,Normal Sales,Normal Sales,0,0,-1.0,0,1.0,
2026-09-18 03:00:00,435.62,239.95,12.56,33.13,28.24,20.76,Normal Sales,Normal Sales,0,0,-1.0,0,1.0,
2026-09-18 04:00:00,416.53,282.17,17.76,35.06,26.62,19.35,Normal Sales,Normal Sales,0,0,-1.0,0,1.0,
2026-09-18 05:00:00,415.64,230.53,9.1,32.85,28.57,21.89,Normal Sales,Normal Sales,0,0,-1.0,0,1.0,
2026-09-18 06:00:00,601.9,406.96,22.45,43.01,34.34,24.19,Normal Sales,Normal Sales,0,0,-1.0,0,1.0,
2026-09-18 07:00:00,533.54,353.0,20.75,37.77,32.25,20.23,Normal Sales,Normal Sales,0,0,-1.0,0,1.0,
2026-09-18 08:00:00,602.48,403.89,21.15,36.74,39.21,23.44,Normal Sales,Normal Sales,0,0,-1.0,0,1.0,
2026-09-18 09:00:00,761.68,501.96,29.48,47.91,35.99,25.88,Normal Sales,Normal Sales,0,0,-1.0,0,1.0,
2026-09-18 10:00:00,819.2,464.9,26.02,46.22,38.46,23.71,Normal Sales,Normal Sales,0,0,-1.0,0,1.0,
2026-09-18 11:00:00,822.95,504.95,27.77,48.1,37.63,21.85,Normal Sales,Normal Sales,0,0,-1.0,0,1.0,
2026-09-18 12:00:00,785.19,492.46,26.35,46.11,30.99,26.73,Normal Sales,Normal Sales,0,0,-1.0,0,1.0,
2026-09-18 13:00:00,907.39,529.14,27.75,52.69,37.12,26.19,Normal Sales,Normal Sales,0,0,-1.0,0,1.0,
2026-09-18 14:00:00,846.91,535.34,29.54,48.16,39.17,24.4,Normal Sales,Normal Sales,0,0,-1.0,0,1.0,
2026-09-18 15:00:00,790.81,467.11,23.6,41.34,38.18,23.33,Normal Sales,Normal Sales,0,0,-1.0,0,1.0,
2026-09-18 16:00:00,883.64,560.88,32.36,51.33,37.06,27.18,Normal Sales,Normal Sales,0,0,-1.0,0,1.0,
2026-09-18 17:00:00,1247.55,828.23,45.57,66.21,45.02,32.8,Normal Sales,Normal Sales,0,0,-1.0,0,1.0,
2026-09-18 18:00:00,1232.71,753.42,41.79,63.32,44.12,32.51,Normal Sales,Normal Sales,0,0,-1.0,0,1.0,
2026-09-18 19:00:00,1277.93,770.31,40.44,64.01,44.55,29.17,Normal Sales,Normal Sales,0,0,-1.0,0,1.0,
2026-09-18 20:00:00,1339.78,806.51,41.31,63.05,47.24,32.31,Normal Sales,Normal Sales,0,0,-1.0,0,1.0,
2026-09-18 21:00:00,1050.23,631.93,35.23,57.66,40.54,29.21,Normal Sales,Normal Sales,0,0,-1.0,0,1.0,
2026-09-18 22:00:00,871.76,584.46,34.13,49.57,40.48,29.24,Normal Sales,Normal Sales,0,0,-1.0,0,1.0,
2026-09-18 23:00:00,897.84,541.66,32.48,49.73,40.14,25.68,Normal Sales,Normal Sales,0,0,-1.0,0,1.0,
2026-09-19 00:00:00,568.45,365.26,20.3,33.73,34.94,22.59,Weekend Sales,Weekend Sales,0,0,-1.0,0,1.0,
2026-09-19 01:00:00,510.46,287.2,16.83,35.49,28.73,17.54,Weekend Sales,Weekend Sales,0,0,-1.0,0,1.0,
2026-09-19 02:00:00,552.73,359.61,18.61,38.24,31.64,23.64,Weekend Sales,Weekend Sales,0,0,-1.0,0,1.0,
2026-09-19 03:00:00,548.94,323.65,15.49,33.79,36.96,19.74,Weekend Sales,Weekend Sales,0,0,-1.0,0,1.0,
2026-09-19 04:00:00,533.32,325.33,16.63,36.64,33.14,20.16,Weekend Sales,Weekend Sales,0,0,-1.0,0,1.0,
2026-09-19 05:00:00,509.83,338.41,17.51,35.66,31.26,18.36,Weekend Sales,Weekend Sales,0,0,-1.0,0,1.0,
2026-09-19 06:00:00,796.58,516.25,26.95,43.0,35.49,24.01,Weekend Sales,Weekend Sales,0,0,-1.0,0,1.0,
2026-09-19 07:00:00,737.65,442.38,23.23,43.77,33.63,24.22,Weekend Sales,Weekend Sales,0,0,-1.0,0,1.0,
2026-09-19 08:00:00,851.33,563.55,29.83,51.84,39.57,26.0,Weekend Sales,Weekend Sales,0,0,-1.0,0,1.0,
2026-09-19 09:00:00,1037.01,660.02,38.07,53.97,43.12,31.83,Weekend Sales,Weekend Sales,0,0,-1.0,0,1.0,
2026-09-19 10:00:00,1073.25,703.83,33.54,59.75,42.77,31.65,Weekend Sales,Weekend Sales,0,0,-1.0,0,1.0,
2026-09-19 11:00:00,970.06,588.78,34.18,49.61,40.98,26.69,Weekend Sales,Weekend Sales,0,0,-1.0,0,1.0,
2026-09-19 12:00:00,1017.84,645.38,33.26,53.23,41.02,25.73,Weekend Sales,Weekend Sales,0,0,-1.0,0,1.0,
2026-09-19 13:00:00,1219.55,736.15,42.06,58.69,46.14,27.19,Weekend Sales,Weekend Sales,0,0,-1.0,0,1.0,
2026-09-19 14:00:00,1229.76,790.83,42.39,61.36,45.82,28.72,Weekend Sales,Weekend Sales,0,0,-1.0,0,1.0,
2026-09-19 15:00:00,1150.84,693.33,37.62,56.8,41.97,32.74,Weekend Sales,Weekend Sales,0,0,-1.0,0,1.0,
2026-09-19 16:00:00,1193.68,703.08,36.92,61.33,46.23,26.81,Weekend Sales,Weekend Sales,0,0,-1.0,0,1.0,
2026-09-19 17:00:00,1689.59,1054.17,54.1,77.95,52.45,38.45,Weekend Sales,Weekend Sales,0,0,-1.0,0,1.0,
2026-09-19 18:00:00,1524.77,926.28,49.7,70.54,48.88,34.89,Weekend Sales,Weekend Sales,0,0,-1.0,0,1.0,
2026-09-19 19:00:00,1657.84,1072.22,60.71,82.8,51.22,36.8,Weekend Sales,Weekend Sales,0,0,-1.0,0,1.0,
2026-09-19 20:00:00,1697.99,1052.35,59.34,76.73,54.16,37.96,Weekend Sales,Weekend Sales,0,0,-1.0,0,1.0,
2026-09-19 21:00:00,1240.51,759.95,42.78,64.06,44.36,31.69,Weekend Sales,Weekend Sales,0,0,-1.0,0,1.0,
2026-09-19 22:00:00,1291.41,819.13,47.03,69.72,45.02,35.4,Weekend Sales,Weekend Sales,0,0,-1.0,0,1.0,
2026-09-19 23:00:00,1277.21,764.5,40.75,63.78,47.16,29.08,Weekend Sales,Weekend Sales,0,0,-1.0,0,1.0,
2026-09-20 00:00:00,523.65,311.34,15.4,31.5,28.46,19.02,Weekend Sales,Weekend Sales,0,0,-1.0,0,1.0,
2026-09-20 01:00:00,551.31,358.2,16.98,35.17,32.32,20.96,Weekend Sales,Weekend Sales,0,0,-1.0,0,1.0,
2026-09-20 02:00:00,571.91,372.53,19.75,40.24,32.04,21.46,Weekend Sales,Weekend Sales,0,0,-1.0,0,1.0,
2026-09-20 03:00:00,542.75,371.61,21.43,37.14,31.71,20.62,Weekend Sales,Weekend Sales,0,0,-1.0,0,1.0,
2026-09-20 04:00:00,501.86,305.4,16.51,36.92,33.76,19.83,Weekend Sales,Weekend Sales,0,0,-1.0,0,1.0,
2026-09-20 05:00:00,500.08,279.52,14.16,36.21,33.74,18.49,Weekend Sales,Weekend Sales,0,0,-1.0,0,1.0,
2026-09-20 06:00:00,879.22,584.15,34.61,53.07,39.86,27.37,Weekend Sales,Weekend Sales,0,0,-1.0,0,1.0,
2026-09-20 07:00:00,715.45,417.3,22.51,42.82,35.91,22.98,Weekend Sales,Weekend Sales,0,0,-1.0,0,1.0,
2026-09-20 08:00:00,703.72,448.95,24.82,43.36,37.82,21.13,Weekend Sales,Weekend Sales,0,0,-1.0,0,1.0,
2026-09-20 09:00:00,1016.22,637.17,33.34,49.79,38.97,27.8,Weekend Sales,Weekend Sales,0,0,-1.0,0,1.0,
2026-09-20 10:00:00,1015.6,629.22,33.29,51.16,41.54,27.4,Weekend Sales,Weekend Sales,0,0,-1.0,0,1.0,
2026-09-20 11:00:00,1061.2,639.25,31.12,48.74,41.24,28.24,Weekend Sales,Weekend Sales,0,0,-1.0,0,1.0,
2026-09-20 12:00:00,1016.46,616.08,30.7,49.13,42.01,26.95,Weekend Sales,Weekend Sales,0,0,-1.0,0,1.0,
2026-09-20 13:00:00,1128.5,661.13,34.43,56.89,43.75,28.2,Weekend Sales,Weekend Sales,0,0,-1.0,0,1.0,
2026-09-20 14:00:00,1228.66,747.38,43.68,62.0,45.1,32.55,Weekend Sales,Weekend Sales,0,0,-1.0,0,1.0,
2026-09-20 15:00:00,1113.53,682.16,35.07,59.94,43.6,31.25,Weekend Sales,Weekend Sales,0,0,-1.0,0,1.0,
2026-09-20 16:00:00,1161.17,747.5,39.62,63.39,42.94,30.69,Weekend Sales,Weekend Sales,0,0,-1.0,0,1.0,
2026-09-20 17:00:00,1692.83,1107.75,62.57,83.68,51.69,40.01,Weekend Sales,Weekend Sales,0,0,-1.0,0,1.0,
2026-09-20 18:00:00,1625.52,1043.01,57.07,81.26,49.03,40.87,Weekend Sales,Weekend Sales,0,0,-1.0,0,1.0,
2026-09-20 19:00:00,1563.0,990.41,52.74,76.62,48.65,38.83,Weekend Sales,Weekend Sales,0,0,-1.0,0,1.0,
2026-09-20 20:00:00,1702.38,1040.46,58.38,80.81,51.09,35.94,Weekend Sales,Weekend Sales,0,0,-1.0,0,1.0,
2026-09-20 21:00:00,1202.33,715.12,37.18,62.11,45.56,26.49,Weekend Sales,Weekend Sales,0,0,-1.0,0,1.0,
2026-09-20 22:00:00,1237.98,738.6,42.35,60.02,41.96,30.81,Weekend Sales,Weekend Sales,0,0,-1.0,0,1.0,
2026-09-20 23:00:00,1308.91,787.68,42.79,61.66,48.74,30.83,Weekend Sales,Weekend Sales,0,0,-1.0,0,1.0,
2026-09-21 00:00:00,397.01,244.87,13.05,33.92,33.18,20.57,Normal Sales,Normal Sales,0,0,-1.0,0,1.0,
2026-09-21 01:00:00,404.01,258.12,17.17,36.66,29.12,19.64,Normal Sales,Normal Sales,0,0,-1.0,0,1.0,
2026-09-21 02:00:00,420.59,283.93,18.1,31.54,29.77,20.91,Normal Sales,Normal Sales,0,0,-1.0,0,1.0,
2026-09-21 03:00:00,414.93,201.57,7.75,32.05,32.73,14.34,Normal Sales,Normal Sales,0,0,-1.0,0,1.0,
2026-09-21 04:00:00,434.52,264.47,12.5,31.98,28.94,17.38,Normal Sales,Normal Sales,0,0,-1.0,0,1.0,
2026-09-21 05:00:00,373.39,229.66,13.81,27.95,30.38,16.13,Normal Sales,Normal Sales,0,0,-1.0,0,1.0,
2026-09-21 06:00:00,614.83,323.34,19.21,32.92,34.03,18.67,Normal Sales,Normal Sales,0,0,-1.0,0,1.0,
2026-09-21 07:00:00,584.21,323.97,21.14,34.04,31.52,23.69,Normal Sales,Normal Sales,0,0,-1.0,0,1.0,
2026-09-21 08:00:00,604.54,343.46,18.63,37.7,30.9,19.07,Normal Sales,Normal Sales,0,0,-1.0,0,1.0,
2026-09-21 09:00:00,776.97,513.38,27.86,47.03,35.58,27.03,Normal Sales,Normal Sales,0,0,-1.0,0,1.0,
2026-09-21 10:00:00,813.09,523.85,29.04,44.08,40.0,25.21,Normal Sales,Normal Sales,0,0,-1.0,0,1.0,
2026-09-21 11:00:00,765.99,486.13,27.19,43.33,36.38,20.34,Normal Sales,Normal Sales,0,0,-1.0,0,1.0,
2026-09-21 12:00:00,781.34,517.68,24.88,47.87,38.62,26.57,Normal Sales,Normal Sales,0,0,-1.0,0,1.0,
2026-09-21 13:00:00,837.08,491.43,25.85,49.79,34.81,21.85,Normal Sales,Normal Sales,0,0,-1.0,0,1.0,
2026-09-21 14:00:00,849.58,502.35,27.55,50.94,36.04,24.27,Normal Sales,Normal Sales,0,0,-1.0,0,1.0,
2026-09-21 15:00:00,869.16,530.52,26.02,47.23,37.51,26.53,Normal Sales,Normal Sales,0,0,-1.0,0,1.0,
2026-09-21 16:00:00,887.76,511.62,27.36,46.87,43.0,25.38,Normal Sales,Normal Sales,0,0,-1.0,0,1.0,
2026-09-21 17:00:00,1169.07,705.4,38.04,60.0,44.84,30.04,Normal Sales,Normal Sales,0,0,-1.0,0,1.0,
2026-09-21 18:00:00,1222.68,754.66,41.25,57.28,44.66,29.71,Normal Sales,Normal Sales,0,0,-1.0,0,1.0,
2026-09-21 19:00:00,1133.52,763.23,42.6,61.45,42.53,32.54,Normal Sales,Normal Sales,0,0,-1.0,0,1.0,
2026-09-21 20:00:00,1163.83,713.76,37.35,61.23,42.13,32.05,Normal Sales,Normal Sales,0,0,-1.0,0,1.0,
2026-09-21 21:00:00,956.28,612.26,34.47,55.85,38.39,29.12,Normal Sales,Normal Sales,0,0,-1.0,0,1.0,
2026-09-21 22:00:00,871.55,541.44,28.69,45.83,37.03,24.25,Normal Sales,Normal Sales,0,0,-1.0,0,1.0,
2026-09-21 23:00:00,951.61,576.88,31.89,49.5,39.22,25.84,Normal Sales,Normal Sales,0,0,-1.0,0,1.0,
2026-09-22 00:00:00,415.83,279.03,17.05,34.48,31.93,19.6,Normal Sales,Normal Sales,0,0,-1.0,0,1.0,
2026-09-22 01:00:00,405.59,273.98,13.24,28.45,28.81,21.66,Normal Sales,Normal Sales,0,0,-1.0,0,1.0,
2026-09-22 02:00:00,405.99,258.57,13.67,34.29,31.04,18.33,Normal Sales,Normal Sales,0,0,-1.0,0,1.0,
2026-09-22 03:00:00,424.72,251.69,14.59,32.29,31.01,16.65,Normal Sales,Normal Sales,0,0,-1.0,0,1.0,
2026-09-22 04:00:00,407.63,239.2,15.42,27.81,32.71,14.49,Normal Sales,Normal Sales,0,0,-1.0,0,1.0,
2026-09-22 05:00:00,423.15,241.41,14.41,31.95,28.33,20.75,Normal Sales,Normal Sales,0,0,-1.0,0,1.0,
2026-09-22 06:00:00,618.34,395.95,20.5,42.79,31.95,17.44,Normal Sales,Normal Sales,0,0,-1.0,0,1.0,
2026-09-22 07:00:00,548.73,317.16,15.93,35.57,32.55,18.63,Normal Sales,Normal Sales,0,0,-1.0,0,1.0,
2026-09-22 08:00:00,532.24,334.79,17.88,35.58,35.84,19.89,Normal Sales,Normal Sales,0,0,-1.0,0,1.0,
2026-09-22 09:00:00,780.65,503.9,24.73,46.86,38.86,24.41,Normal Sales,Normal Sales,0,0,-1.0,0,1.0,
2026-09-22 10:00:00,727.64,439.08,24.53,38.31,33.66,26.92,Normal Sales,Normal Sales,0,0,-1.0,0,1.0,
2026-09-22 11:00:00,797.23,531.37,30.96,49.27,36.93,26.05,Normal Sales,Normal Sales,0,0,-1.0,0,1.0,
2026-09-22 12:00:00,834.8,538.21,29.94,48.47,39.19,24.39,Normal Sales,Normal Sales,0,0,-1.0,0,1.0,
2026-09-22 13:00:00,891.62,535.36,28.74,46.65,38.28,24.02,Normal Sales,Normal Sales,0,0,-1.0,0,1.0,
2026-09-22 14:00:00,943.53,562.63,31.71,48.5,40.13,26.65,Normal Sales,Normal Sales,0,0,-1.0,0,1.0,
2026-09-22 15:00:00,789.42,454.5,23.09,41.51,37.59,23.85,Normal Sales,Normal Sales,0,0,-1.0,0,1.0,
2026-09-22 16:00:00,823.7,513.8,27.41,47.46,36.75,25.82,Normal Sales,Normal Sales,0,0,-1.0,0,1.0,
2026-09-22 17:00:00,1337.29,848.48,49.45,63.37,45.38,34.34,Normal Sales,Normal Sales,0,0,-1.0,0,1.0,
2026-09-22 18:00:00,1329.46,840.53,44.18,65.37,47.27,32.68,Normal Sales,Normal Sales,0,0,-1.0,0,1.0,
2026-09-22 19:00:00,1186.86,728.59,40.04,57.57,46.15,29.34,Normal Sales,Normal Sales,0,0,-1.0,0,1.0,
2026-09-22 20:00:00,1231.74,789.56,43.18,65.83,42.88,32.6,Normal Sales,Normal Sales,0,0,-1.0,0,1.0,
2026-09-22 21:00:00,1001.86,600.41,32.67,52.64,41.45,27.96,Normal Sales,Normal Sales,0,0,-1.0,0,1.0,
2026-09-22 22:00:00,917.71,567.48,34.39,53.51,41.19,25.8,Normal Sales,Normal Sales,0,0,-1.0,0,1.0,
2026-09-22 23:00:00,1063.86,685.34,37.77,57.9,41.17,29.92,Normal Sales,Normal Sales,0,0,-1.0,0,1.0,
2026-09-23 00:00:00,424.5,280.75,15.08,30.35,31.7,20.43,Normal Sales,Normal Sales,0,0,-1.0,0,1.0,
2026-09-23 01:00:00,392.1,240.83,15.93,28.97,30.1,21.0,Normal Sales,Normal Sales,0,0,-1.0,0,1.0,
2026-09-23 02:00:00,415.53,244.48,13.43,34.39,30.66,19.31,Normal Sales,Normal Sales,0,0,-1.0,0,1.0,
2026-09-23 03:00:00,417.12,266.54,15.98,32.59,29.2,19.61,Normal Sales,Normal Sales,0,0,-1.0,0,1.0,
2026-09-23 04:00:00,409.54,242.71,14.4,35.39,30.65,18.08,Normal Sales,Normal Sales,0,0,-1.0,0,1.0,
2026-09-23 05:00:00,387.91,234.94,13.36,31.62,29.87,19.33,Normal Sales,Normal Sales,0,0,-1.0,0,1.0,
2026-09-23 06:00:00,597.23,435.01,24.34,35.49,31.93,23.94,Normal Sales,Normal Sales,0,0,-1.0,0,1.0,
2026-09-23 07:00:00,576.35,342.81,16.38,36.85,34.19,21.34,Normal Sales,Normal Sales,0,0,-1.0,0,1.0,
2026-09-23 08:00:00,565.14,370.52,18.0,40.29,34.28,19.39,Normal Sales,Normal Sales,0,0,-1.0,0,1.0,
2026-09-23 09:00:00,737.73,466.95,24.56,44.44,37.92,24.63,Normal Sales,Normal Sales,0,0,-1.0,0,1.0,
2026-09-23 10:00:00,743.08,459.37,23.4,46.79,39.71,21.79,Normal Sales,Normal Sales,0,0,-1.0,0,1.0,
2026-09-23 11:00:00,777.53,505.0,27.82,48.35,37.32,22.51,Normal Sales,Normal Sales,0,0,-1.0,0,1.0,
2026-09-23 12:00:00,783.37,513.87,28.89,51.45,33.77,25.6,Normal Sales,Normal Sales,0,0,-1.0,0,1.0,
2026-09-23 13:00:00,842.16,500.25,30.18,46.61,37.61,25.19,Normal Sales,Normal Sales,0,0,-1.0,0,1.0,
2026-09-23 14:00:00,776.68,515.42,32.16,49.69,38.03,24.45,Normal Sales,Normal Sales,0,0,-1.0,0,1.0,
2026-09-23 15:00:00,823.57,540.46,31.56,50.03,38.67,26.11,Normal Sales,Normal Sales,0,0,-1.0,0,1.0,
2026-09-23 16:00:00,847.47,587.96,31.77,50.17,40.65,26.64,Normal Sales,Normal Sales,0,0,-1.0,0,1.0,
2026-09-23 17:00:00,1235.65,801.47,45.44,65.77,42.17,32.84,Normal Sales,Normal Sales,0,0,-1.0,0,1.0,
2026-09-23 18:00:00,1174.63,716.9,39.78,59.57,45.28,31.46,Normal Sales,Normal Sales,0,0,-1.0,0,1.0,
2026-09-23 19:00:00,1289.12,765.65,46.84,62.71,48.34,26.11,Normal Sales,Normal Sales,0,0,-1.0,0,1.0,
2026-09-23 20:00:00,1220.41,720.14,37.88,60.3,44.08,32.63,Normal Sales,Normal Sales,0,0,-1.0,0,1.0,
2026-09-23 21:00:00,1047.06,625.01,33.4,51.92,44.11,27.94,Normal Sales,Normal Sales,0,0,-1.0,0,1.0,
2026-09-23 22:00:00,963.53,605.2,32.66,50.8,40.48,26.6,Normal Sales,Normal Sales,0,0,-1.0,0,1.0,
2026-09-23 23:00:00,978.66,565.97,31.5,49.57,40.94,27.96,Normal Sales,Normal Sales,0,0,-1.0,0,1.0,
2026-09-24 00:00:00,401.0,278.54,11.84,37.6,33.29,17.19,Normal Sales,Normal Sales,0,0,-1.0,0,1.0,
2026-09-24 01:00:00,394.36,207.13,13.23,29.65,29.9,14.93,Normal Sales,Normal Sales,0,0,-1.0,0,1.0,
2026-09-24 02:00:00,449.84,254.58,14.05,33.59,30.85,17.16,Normal Sales,Normal Sales,0,0,-1.0,0,1.0,
2026-09-24 03:00:00,404.86,265.14,13.89,37.23,29.33,20.14,Normal Sales,Normal Sales,0,0,-1.0,0,1.0,
2026-09-24 04:00:00,376.25,213.85,10.13,27.87,30.96,17.13,Normal Sales,Normal Sales,0,0,-1.0,0,1.0,
2026-09-24 05:00:00,365.47,276.48,15.56,33.37,32.83,20.89,Normal Sales,Normal Sales,0,0,-1.0,0,1.0,
2026-09-24 06:00:00,586.91,315.07,18.46,34.47,36.46,18.32,Normal Sales,Normal Sales,0,0,-1.0,0,1.0,
2026-09-24 07:00:00,582.33,327.47,15.49,37.12,33.5,19.23,Normal Sales,Normal Sales,0,0,-1.0,0,1.0,
2026-09-24 08:00:00,656.95,422.4,23.25,35.37,36.82,28.55,Normal Sales,Normal Sales,0,0,-1.0,0,1.0,
2026-09-24 09:00:00,771.79,458.25,25.53,41.22,38.04,26.46,Normal Sales,Normal Sales,0,0,-1.0,0,1.0,
2026-09-24 10:00:00,752.98,450.88,24.64,43.06,33.78,22.5,Normal Sales,Normal Sales,0,0,-1.0,0,1.0,
2026-09-24 11:00:00,756.25,503.04,29.98,50.18,38.46,24.99,Normal Sales,Normal Sales,0,0,-1.0,0,1.0,
2026-09-24 12:00:00,745.05,495.08,27.93,43.12,34.84,21.85,Normal Sales,Normal Sales,0,0,-1.0,0,1.0,
2026-09-24 13:00:00,781.43,494.2,24.71,44.6,37.36,23.98,Normal Sales,Normal Sales,0,0,-1.0,0,1.0,
2026-09-24 14:00:00,839.71,558.59,27.67,46.15,39.19,24.71,Normal Sales,Normal Sales,0,0,-1.0,0,1.0,
2026-09-24 15:00:00,841.81,494.95,27.9,47.57,38.55,23.21,Normal Sales,Normal Sales,0,0,-1.0,0,1.0,
2026-09-24 16:00:00,838.07,515.53,30.29,51.82,40.47,25.9,Normal Sales,Normal Sales,0,0,-1.0,0,1.0,
2026-09-24 17:00:00,1298.18,775.32,41.22,64.59,45.83,32.06,Normal Sales,Normal Sales,0,0,-1.0,0,1.0,
2026-09-24 18:00:00,1298.01,825.37,43.21,65.56,44.22,31.08,Normal Sales,Normal Sales,0,0,-1.0,0,1.0,
2026-09-24 19:00:00,1131.56,704.91,35.2,59.76,45.95,30.68,Normal Sales,Normal Sales,0,0,-1.0,0,1.0,
2026-09-24 20:00:00,1240.62,807.55,45.07,62.11,45.34,36.11,Normal Sales,Normal Sales,0,0,-1.0,0,1.0,
2026-09-24 21:00:00,909.85,529.61,30.36,48.55,38.4,22.72,Normal Sales,Normal Sales,0,0,-1.0,0,1.0,
2026-09-24 22:00:00,868.59,502.12,30.85,47.52,34.84,26.92,Normal Sales,Normal Sales,0,0,-1.0,0,1.0,
2026-09-24 23:00:00,1021.86,664.28,35.69,55.4,41.65,31.41,Normal Sales,Normal Sales,0,0,-1.0,0,1.0,
2026-09-25 00:00:00,401.22,229.9,14.04,34.58,30.72,19.09,Normal Sales,Normal Sales,0,0,-1.0,0,1.0,
2026-09-25 01:00:00,414.99,251.01,12.15,29.73,29.83,16.32,Normal Sales,Normal Sales,0,0,-1.0,0,1.0,
2026-09-25 02:00:00,418.52,289.92,16.35,32.09,32.83,19.84,Normal Sales,Normal Sales,0,0,-1.0,0,1.0,
2026-09-25 03:00:00,422.88,249.2,15.97,35.42,30.82,19.67,Normal Sales,Normal Sales,0,0,-1.0,0,1.0,
2026-09-25 04:00:00,435.4,258.31,14.04,33.31,29.21,19.34,Normal Sales,Normal Sales,0,0,-1.0,0,1.0,
2026-09-25 05:00:00,433.77,265.34,15.27,36.91,30.56,19.35,Normal Sales,Normal Sales,0,0,-1.0,0,1.0,
2026-09-25 06:00:00,579.09,344.11,19.61,38.72,34.95,20.76,Normal Sales,Normal Sales,0,0,-1.0,0,1.0,
2026-09-25 07:00:00,609.94,419.8,25.21,42.62,35.38,21.9,Normal Sales,Normal Sales,0,0,-1.0,0,1.0,
2026-09-25 08:00:00,591.33,378.94,21.02,41.77,36.59,21.27,Normal Sales,Normal Sales,0,0,-1.0,0,1.0,
2026-09-25 09:00:00,701.18,485.58,25.4,45.95,37.37,26.96,Normal Sales,Normal Sales,0,0,-1.0,0,1.0,
2026-09-25 10:00:00,849.87,517.82,30.86,48.6,43.93,27.15,Normal Sales,Normal Sales,0,0,-1.0,0,1.0,
2026-09-25 11:00:00,772.57,459.17,20.0,46.53,39.15,24.97,Normal Sales,Normal Sales,0,0,-1.0,0,1.0,
2026-09-25 12:00:00,687.76,394.96,22.68,45.74,35.58,24.06,Normal Sales,Normal Sales,0,0,-1.0,0,1.0,
2026-09-25 13:00:00,826.13,517.38,27.91,50.86,36.96,28.29,Normal Sales,Normal Sales,0,0,-1.0,0,1.0,
2026-09-25 14:00:00,857.79,505.08,25.71,46.03,39.32,23.41,Normal Sales,Normal Sales,0,0,-1.0,0,1.0,
2026-09-25 15:00:00,835.45,540.22,23.29,47.92,35.53,23.77,Normal Sales,Normal Sales,0,0,-1.0,0,1.0,
2026-09-25 16:00:00,881.81,541.59,29.2,52.4,38.96,29.15,Normal Sales,Normal Sales,0,0,-1.0,0,1.0,
2026-09-25 17:00:00,1282.09,770.73,46.26,63.63,49.54,30.74,Normal Sales,Normal Sales,0,0,-1.0,0,1.0,
2026-09-25 18:00:00,1254.86,788.81,43.05,66.72,49.2,27.13,Normal Sales,Normal Sales,0,0,-1.0,0,1.0,
2026-09-25 19:00:00,1288.44,776.47,37.52,64.54,46.94,32.77,Normal Sales,Normal Sales,0,0,-1.0,0,1.0,
2026-09-25 20:00:00,1260.97,803.68,43.0,64.91,46.83,34.8,Normal Sales,Normal Sales,0,0,-1.0,0,1.0,
2026-09-25 21:00:00,965.0,592.96,32.5,49.42,41.94,23.91,Normal Sales,Normal Sales,0,0,-1.0,0,1.0,
2026-09-25 22:00:00,981.72,610.78,30.49,49.6,38.98,26.58,Normal Sales,Normal Sales,0,0,-1.0,0,1.0,
2026-09-25 23:00:00,1034.17,638.42,36.21,58.17,43.73,27.95,Normal Sales,Normal Sales,0,0,-1.0,0,1.0,
2026-09-26 00:00:00,526.75,339.06,17.28,42.01,34.69,20.89,Weekend Sales,Weekend Sales,0,0,-1.0,0,1.0,
2026-09-26 01:00:00,560.01,351.66,18.6,39.55,33.03,24.66,Weekend Sales,Weekend Sales,0,0,-1.0,0,1.0,
2026-09-26 02:00:00,527.1,339.52,17.11,35.51,29.39,21.31,Weekend Sales,Weekend Sales,0,0,-1.0,0,1.0,
2026-09-26 03:00:00,531.48,356.6,20.44,38.67,30.21,22.08,Weekend Sales,Weekend Sales,0,0,-1.0,0,1.0,
2026-09-26 04:00:00,527.94,291.5,16.89,32.2,28.79,21.88,Weekend Sales,Weekend Sales,0,0,-1.0,0,1.0,
2026-09-26 05:00:00,530.71,285.43,13.77,33.29,35.31,15.81,Weekend Sales,Weekend Sales,0,0,-1.0,0,1.0,
2026-09-26 06:00:00,735.89,480.76,25.54,46.09,35.53,28.06,Weekend Sales,Weekend Sales,0,0,-1.0,0,1.0,
2026-09-26 07:00:00,737.83,464.51,28.55,43.87,35.04,25.15,Weekend Sales,Weekend Sales,0,0,-1.0,0,1.0,
2026-09-26 08:00:00,828.28,493.54,30.07,46.96,39.1,27.32,Weekend Sales,Weekend Sales,0,0,-1.0,0,1.0,
2026-09-26 09:00:00,1071.01,664.02,35.18,63.22,40.63,29.24,Weekend Sales,Weekend Sales,0,0,-1.0,0,1.0,
2026-09-26 10:00:00,1057.66,669.68,41.09,56.72,41.79,31.85,Weekend Sales,Weekend Sales,0,0,-1.0,0,1.0,
2026-09-26 11:00:00,1024.35,657.0,36.52,58.06,42.86,27.62,Weekend Sales,Weekend Sales,0,0,-1.0,0,1.0,
2026-09-26 12:00:00,936.27,538.64,25.94,49.5,35.21,25.15,Weekend Sales,Weekend Sales,0,0,-1.0,0,1.0,
2026-09-26 13:00:00,1160.41,740.86,41.76,62.88,44.55,29.87,Weekend Sales,Weekend Sales,0,0,-1.0,0,1.0,
2026-09-26 14:00:00,1146.59,689.59,38.38,54.24,45.62,27.33,Weekend Sales,Weekend Sales,0,0,-1.0,0,1.0,
2026-09-26 15:00:00,1161.57,728.21,42.38,55.86,43.1,31.3,Weekend Sales,Weekend Sales,0,0,-1.0,0,1.0,
2026-09-26 16:00:00,1253.63,776.28,41.51,68.03,46.92,34.15,Weekend Sales,Weekend Sales,0,0,-1.0,0,1.0,
2026-09-26 17:00:00,1538.98,967.2,51.03,70.57,51.33,37.48,Weekend Sales,Weekend Sales,0,0,-1.0,0,1.0,
2026-09-26 18:00:00,1598.57,1026.91,55.74,76.32,51.1,37.19,Weekend Sales,Weekend Sales,0,0,-1.0,0,1.0,
2026-09-26 19:00:00,1742.66,1054.4,56.48,76.41,57.39,37.71,Weekend Sales,Weekend Sales,0,0,-1.0,0,1.0,
2026-09-26 20:00:00,1575.1,969.38,55.01,75.88,49.63,35.44,Weekend Sales,Weekend Sales,0,0,-1.0,0,1.0,
2026-09-26 21:00:00,1181.32,735.89,43.04,59.11,45.35,29.23,Weekend Sales,Weekend Sales,0,0,-1.0,0,1.0,
2026-09-26 22:00:00,1204.24,763.64,46.7,63.36,43.64,30.39,Weekend Sales,Weekend Sales,0,0,-1.0,0,1.0,
2026-09-26 23:00:00,1395.65,872.98,46.48,68.29,48.16,34.76,Weekend Sales,Weekend Sales,0,0,-1.0,0,1.0,
2026-09-27 00:00:00,587.58,396.19,22.19,40.43,34.78,20.69,Weekend Sales,Weekend Sales,0,0,-1.0,0,1.0,
2026-09-27 01:00:00,573.04,350.2,20.24,42.63,34.85,21.22,Weekend Sales,Weekend Sales,0,0,-1.0,0,1.0,
2026-09-27 02:00:00,532.14,327.98,15.77,38.35,28.78,22.14,Weekend Sales,Weekend Sales,0,0,-1.0,0,1.0,
2026-09-27 03:00:00,566.26,353.54,18.38,38.4,30.08,22.49,Weekend Sales,Weekend Sales,0,0,-1.0,0,1.0,
2026-09-27 04:00:00,541.8,373.8,21.34,39.73,34.01,19.39,Weekend Sales,Weekend Sales,0,0,-1.0,0,1.0,
2026-09-27 05:00:00,533.96,334.38,17.79,35.88,32.51,20.45,Weekend Sales,Weekend Sales,0,0,-1.0,0,1.0,
2026-09-27 06:00:00,880.55,537.8,28.22,48.86,41.97,28.59,Weekend Sales,Weekend Sales,0,0,-1.0,0,1.0,
2026-09-27 07:00:00,865.96,538.42,30.9,46.53,38.01,23.23,Weekend Sales,Weekend Sales,0,0,-1.0,0,1.0,
2026-09-27 08:00:00,807.74,501.76,28.05,44.93,39.43,19.73,Weekend Sales,Weekend Sales,0,0,-1.0,0,1.0,
2026-09-27 09:00:00,1018.85,629.02,30.55,55.42,40.97,28.85,Weekend Sales,Weekend Sales,0,0,-1.0,0,1.0,
2026-09-27 10:00:00,1135.03,711.83,41.1,62.57,44.28,28.06,Weekend Sales,Weekend Sales,0,0,-1.0,0,1.0,
2026-09-27 11:00:00,947.23,596.64,32.01,55.64,39.15,26.89,Weekend Sales,Weekend Sales,0,0,-1.0,0,1.0,
2026-09-27 12:00:00,972.06,594.08,30.79,50.38,40.42,25.64,Weekend Sales,Weekend Sales,0,0,-1.0,0,1.0,
2026-09-27 13:00:00,1304.86,829.91,47.81,65.51,46.39,31.89,Weekend Sales,Weekend Sales,0,0,-1.0,0,1.0,
2026-09-27 14:00:00,1304.58,806.12,43.13,62.83,46.85,34.99,Weekend Sales,Weekend Sales,0,0,-1.0,0,1.0,
2026-09-27 15:00:00,1215.93,734.97,38.86,63.92,48.87,30.08,Weekend Sales,Weekend Sales,0,0,-1.0,0,1.0,
2026-09-27 16:00:00,1222.83,721.5,38.0,57.73,45.61,29.68,Weekend Sales,Weekend Sales,0,0,-1.0,0,1.0,
2026-09-27 17:00:00,1658.34,1058.65,56.92,79.14,49.52,40.79,Weekend Sales,Weekend Sales,0,0,-1.0,0,1.0,
2026-09-27 18:00:00,1728.67,1080.82,59.69,79.19,50.6,39.63,Weekend Sales,Weekend Sales,0,0,-1.0,0,1.0,
2026-09-27 19:00:00,1700.79,1104.98,59.99,82.01,55.14,41.91,Weekend Sales,Weekend Sales,0,0,-1.0,0,1.0,
2026-09-27 20:00:00,1587.82,977.47,52.71,72.43,53.94,36.56,Weekend Sales,Weekend Sales,0,0,-1.0,0,1.0,
2026-09-27 21:00:00,1269.91,793.54,43.75,63.32,44.07,34.97,Weekend Sales,Weekend Sales,0,0,-1.0,0,1.0,
2026-09-27 22:00:00,1238.3,744.48,40.79,66.8,43.41,32.03,Weekend Sales,Weekend Sales,0,0,-1.0,0,1.0,
2026-09-27 23:00:00,1258.94,786.67,45.11,59.17,43.61,33.48,Weekend Sales,Weekend Sales,0,0,-1.0,0,1.0,
2026-09-28 00:00:00,415.27,262.77,15.87,30.92,33.17,20.21,Normal Sales,Normal Sales,0,0,-1.0,0,1.0,
2026-09-28 01:00:00,418.18,270.98,17.23,32.05,32.43,22.26,Normal Sales,Normal Sales,0,0,-1.0,0,1.0,
2026-09-28 02:00:00,426.5,258.87,18.87,33.64,34.05,17.63,Normal Sales,Normal Sales,0,0,-1.0,0,1.0,
2026-09-28 03:00:00,435.32,256.24,14.74,31.5,35.2,17.96,Normal Sales,Normal Sales,0,0,-1.0,0,1.0,
2026-09-28 04:00:00,390.37,244.41,14.52,32.05,29.01,20.18,Normal Sales,Normal Sales,0,0,-1.0,0,1.0,
2026-09-28 05:00:00,439.28,231.15,10.96,31.52,30.41,18.83,Normal Sales,Normal Sales,0,0,-1.0,0,1.0,
2026-09-28 06:00:00,651.83,394.61,24.86,37.3,35.99,20.68,Normal Sales,Normal Sales,0,0,-1.0,0,1.0,
2026-09-28 07:00:00,611.18,335.01,15.85,39.15,33.13,19.73,Normal Sales,Normal Sales,0,0,-1.0,0,1.0,
2026-09-28 08:00:00,651.74,407.52,24.22,39.65,32.4,22.03,Normal Sales,Normal Sales,0,0,-1.0,0,1.0,
2026-09-28 09:00:00,722.43,430.44,24.15,42.87,36.95,23.96,Normal Sales,Normal Sales,0,0,-1.0,0,1.0,
2026-09-28 10:00:00,733.93,431.49,19.37,42.36,37.95,25.77,Normal Sales,Normal Sales,0,0,-1.0,0,1.0,
2026-09-28 11:00:00,788.04,522.91,29.53,48.1,36.17,20.3,Normal Sales,Normal Sales,0,0,-1.0,0,1.0,
2026-09-28 12:00:00,828.34,512.24,30.95,45.3,42.94,24.31,Normal Sales,Normal Sales,0,0,-1.0,0,1.0,
2026-09-28 13:00:00,842.24,516.83,28.77,47.82,37.29,21.31,Normal Sales,Normal Sales,0,0,-1.0,0,1.0,
2026-09-28 14:00:00,837.35,546.02,28.27,44.98,36.12,25.47,Normal Sales,Normal Sales,0,0,-1.0,0,1.0,
2026-09-28 15:00:00,839.32,513.38,26.64,50.34,39.25,29.27,Normal Sales,Normal Sales,0,0,-1.0,0,1.0,
2026-09-28 16:00:00,855.79,523.47,31.16,49.38,36.67,26.2,Normal Sales,Normal Sales,0,0,-1.0,0,1.0,
2026-09-28 17:00:00,1264.36,739.06,39.35,61.85,48.39,31.87,Normal Sales,Normal Sales,0,0,-1.0,0,1.0,
2026-09-28 18:00:00,1204.82,729.28,41.71,54.39,42.87,33.05,Normal Sales,Normal Sales,0,0,-1.0,0,1.0,
2026-09-28 19:00:00,1258.18,761.11,39.46,64.41,45.54,30.59,Normal Sales,Normal Sales,0,0,-1.0,0,1.0,
2026-09-28 20:00:00,1262.96,787.15,43.47,60.22,43.42,33.18,Normal Sales,Normal Sales,0,0,-1.0,0,1.0,
2026-09-28 21:00:00,991.23,624.12,33.15,55.93,40.11,30.21,Normal Sales,Normal Sales,0,0,-1.0,0,1.0,
2026-09-28 22:00:00,928.27,562.39,30.63,52.85,39.71,26.14,Normal Sales,Normal Sales,0,0,-1.0,0,1.0,
2026-09-28 23:00:00,945.39,592.85,32.47,50.28,40.33,27.12,Normal Sales,Normal Sales,0,0,-1.0,0,1.0,
2026-09-29 00:00:00,462.03,271.19,13.24,34.6,29.87,16.63,Normal Sales,Normal Sales,0,0,-1.0,0,1.0,
2026-09-29 01:00:00,383.75,218.56,10.52,27.7,30.02,12.73,Normal Sales,Normal Sales,0,0,-1.0,0,1.0,
2026-09-29 02:00:00,423.62,248.73,12.86,34.05,31.95,16.96,Normal Sales,Normal Sales,0,0,-1.0,0,1.0,
2026-09-29 03:00:00,422.8,300.86,14.52,36.81,28.96,21.87,Normal Sales,Normal Sales,0,0,-1.0,0,1.0,
2026-09-29 04:00:00,398.74,228.47,14.86,33.27,29.42,17.97,Normal Sales,Normal Sales,0,0,-1.0,0,1.0,
2026-09-29 05:00:00,398.78,207.43,11.79,29.63,28.89,19.8,Normal Sales,Normal Sales,0,0,-1.0,0,1.0,
2026-09-29 06:00:00,569.98,356.99,21.79,37.98,32.22,21.52,Normal Sales,Normal Sales,0,0,-1.0,0,1.0,
2026-09-29 07:00:00,610.82,400.62,25.78,39.77,34.78,19.48,Normal Sales,Normal Sales,0,0,-1.0,0,1.0,
2026-09-29 08:00:00,617.12,387.2,20.94,38.82,33.79,22.15,Normal Sales,Normal Sales,0,0,-1.0,0,1.0,
2026-09-29 09:00:00,743.25,453.14,24.96,40.49,34.53,22.01,Normal Sales,Normal Sales,0,0,-1.0,0,1.0,
2026-09-29 10:00:00,842.21,501.4,27.47,44.7,36.76,21.65,Normal Sales,Normal Sales,0,0,-1.0,0,1.0,
2026-09-29 11:00:00,807.15,467.29,27.52,46.66,37.57,25.56,Normal Sales,Normal Sales,0,0,-1.0,0,1.0,
2026-09-29 12:00:00,902.15,571.27,29.18,54.65,39.71,30.5,Normal Sales,Normal Sales,0,0,-1.0,0,1.0,
2026-09-29 13:00:00,850.77,559.53,30.77,56.63,37.9,31.99,Normal Sales,Normal Sales,0,0,-1.0,0,1.0,
2026-09-29 14:00:00,892.05,574.25,34.98,49.01,41.1,25.77,Normal Sales,Normal Sales,0,0,-1.0,0,1.0,
2026-09-29 15:00:00,879.45,547.34,31.25,50.99,37.8,25.93,Normal Sales,Normal Sales,0,0,-1.0,0,1.0,
2026-09-29 16:00:00,770.98,502.76,31.04,47.27,33.89,26.05,Normal Sales,Normal Sales,0,0,-1.0,0,1.0,
2026-09-29 17:00:00,1193.0,744.22,42.3,62.4,46.44,30.9,Normal Sales,Normal Sales,0,0,-1.0,0,1.0,
2026-09-29 18:00:00,1251.12,794.12,43.53,62.02,46.17,29.6,Normal Sales,Normal Sales,0,0,-1.0,0,1.0,
2026-09-29 19:00:00,1235.36,731.48,39.12,59.52,43.03,32.49,Normal Sales,Normal Sales,0,0,-1.0,0,1.0,
2026-09-29 20:00:00,1303.51,841.02,45.88,65.19,47.77,33.28,Normal Sales,Normal Sales,0,0,-1.0,0,1.0,
2026-09-29 21:00:00,970.69,538.23,31.12,51.55,40.49,27.09,Normal Sales,Normal Sales,0,0,-1.0,0,1.0,
2026-09-29 22:00:00,993.76,598.71,32.49,50.37,43.82,28.92,Normal Sales,Normal Sales,0,0,-1.0,0,1.0,
2026-09-29 23:00:00,925.47,589.27,32.97,50.21,39.98,28.45,Normal Sales,Normal Sales,0,0,-1.0,0,1.0,
2026-09-30 00:00:00,433.09,326.82,18.16,35.58,32.49,19.8,Normal Sales,Normal Sales,0,0,-1.0,0,1.0,
2026-09-30 01:00:00,401.56,225.82,5.56,33.21,27.55,15.89,Normal Sales,Normal Sales,0,0,-1.0,0,1.0,
2026-09-30 02:00:00,419.7,252.18,18.17,28.93,35.61,21.07,Normal Sales,Normal Sales,0,0,-1.0,0,1.0,
2026-09-30 03:00:00,432.46,304.11,17.54,30.89,32.38,16.64,Normal Sales,Normal Sales,0,0,-1.0,0,1.0,
2026-09-30 04:00:00,402.73,247.74,11.8,34.74,30.42,19.01,Normal Sales,Normal Sales,0,0,-1.0,0,1.0,
2026-09-30 05:00:00,413.46,259.5,12.5,30.05,30.72,16.56,Normal Sales,Normal Sales,0,0,-1.0,0,1.0,
2026-09-30 06:00:00,639.13,361.85,24.58,40.15,35.0,19.97,Normal Sales,Normal Sales,0,0,-1.0,0,1.0,
2026-09-30 07:00:00,617.13,377.51,21.36,42.03,35.83,23.92,Normal Sales,Normal Sales,0,0,-1.0,0,1.0,
2026-09-30 08:00:00,613.57,356.63,15.46,39.48,34.88,24.77,Normal Sales,Normal Sales,0,0,-1.0,0,1.0,
2026-09-30 09:00:00,776.82,490.99,28.56,47.59,38.89,22.64,Normal Sales,Normal Sales,0,0,-1.0,0,1.0,
2026-09-30 10:00:00,743.2,453.77,20.61,44.27,35.32,23.99,Normal Sales,Normal Sales,0,0,-1.0,0,1.0,
2026-09-30 11:00:00,770.99,452.63,27.52,44.74,38.83,23.68,Normal Sales,Normal Sales,0,0,-1.0,0,1.0,
2026-09-30 12:00:00,799.48,461.65,27.95,47.37,37.55,24.12,Normal Sales,Normal Sales,0,0,-1.0,0,1.0,
2026-09-30 13:00:00,917.05,559.27,27.59,49.62,39.89,25.92,Normal Sales,Normal Sales,0,0,-1.0,0,1.0,
2026-09-30 14:00:00,930.8,553.1,28.75,47.69,40.68,22.78,Normal Sales,Normal Sales,0,0,-1.0,0,1.0,
2026-09-30 15:00:00,905.75,538.24,28.06,53.89,41.86,25.69,Normal Sales,Normal Sales,0,0,-1.0,0,1.0,
2026-09-30 16:00:00,816.03,556.3,30.2,50.18,39.7,21.98,Normal Sales,Normal Sales,0,0,-1.0,0,1.0,
2026-09-30 17:00:00,1201.25,743.07,41.13,57.79,45.07,30.64,Normal Sales,Normal Sales,0,0,-1.0,0,1.0,
2026-09-30 18:00:00,1344.42,858.55,46.68,66.9,48.88,34.03,Normal Sales,Normal Sales,0,0,-1.0,0,1.0,
2026-09-30 19:00:00,1155.89,769.0,40.32,68.05,44.51,29.95,Normal Sales,Normal Sales,0,0,-1.0,0,1.0,
2026-09-30 20:00:00,1094.09,697.76,35.28,59.05,46.47,27.17,Normal Sales,Normal Sales,0,0,-1.0,0,1.0,
2026-09-30 21:00:00,1000.81,600.21,35.28,53.18,40.98,29.42,Normal Sales,Normal Sales,0,0,-1.0,0,1.0,
2026-09-30 22:00:00,995.37,597.01,36.41,48.99,41.47,25.28,Normal Sales,Normal Sales,0,0,-1.0,0,1.0,
2026-09-30 23:00:00,893.42,525.57,28.81,49.67,41.31,28.09,Normal Sales,Normal Sales,0,0,-1.0,0,1.0,
2026-10-01 00:00:00,419.6,249.07,15.78,31.03,27.94,20.1,Normal Sales,Normal Sales,0,0,-1.0,0,1.0,
2026-10-01 01:00:00,441.25,253.03,17.84,34.37,32.37,17.29,Normal Sales,Normal Sales,0,0,-1.0,0,1.0,
2026-10-01 02:00:00,434.9,231.53,12.05,30.07,28.78,19.51,Normal Sales,Normal Sales,0,0,-1.0,0,1.0,
2026-10-01 03:00:00,420.91,281.08,14.9,36.48,31.31,18.08,Normal Sales,Normal Sales,0,0,-1.0,0,1.0,
2026-10-01 04:00:00,400.63,198.82,13.26,32.78,36.67,16.3,Normal Sales,Normal Sales,0,0,-1.0,0,1.0,
2026-10-01 05:00:00,400.05,205.5,13.22,32.27,33.9,15.3,Normal Sales,Normal Sales,0,0,-1.0,0,1.0,
2026-10-01 06:00:00,619.2,370.85,23.08,40.98,31.41,21.01,Normal Sales,Normal Sales,0,0,-1.0,0,1.0,
2026-10-01 07:00:00,539.56,305.44,14.59,34.46,32.65,19.97,Normal Sales,Normal Sales,0,0,-1.0,0,1.0,
2026-10-01 08:00:00,601.21,372.15,21.13,36.43,34.37,24.17,Normal Sales,Normal Sales,0,0,-1.0,0,1.0,
2026-10-01 09:00:00,775.24,493.02,27.92,48.54,37.75,26.02,Normal Sales,Normal Sales,0,0,-1.0,0,1.0,
2026-10-01 10:00:00,801.55,513.39,29.12,45.0,35.28,24.13,Normal Sales,Normal Sales,0,0,-1.0,0,1.0,
2026-10-01 11:00:00,842.37,517.98,29.11,43.13,38.71,25.12,Normal Sales,Normal Sales,0,0,-1.0,0,1.0,
2026-10-01 12:00:00,677.23,427.16,20.19,40.83,37.5,22.99,Normal Sales,Normal Sales,0,0,-1.0,0,1.0,
2026-10-01 13:00:00,854.1,516.19,27.55,48.46,36.12,27.15,Normal Sales,Normal Sales,0,0,-1.0,0,1.0,
2026-10-01 14:00:00,823.56,467.43,27.69,44.53,38.14,24.99,Normal Sales,Normal Sales,0,0,-1.0,0,1.0,
2026-10-01 15:00:00,842.26,525.63,30.21,52.5,37.3,24.21,Normal Sales,Normal Sales,0,0,-1.0,0,1.0,
2026-10-01 16:00:00,898.3,562.16,30.64,54.47,35.91,23.21,Normal Sales,Normal Sales,0,0,-1.0,0,1.0,
2026-10-01 17:00:00,1137.83,735.5,41.48,56.77,43.1,30.33,Normal Sales,Normal Sales,0,0,-1.0,0,1.0,
2026-10-01 18:00:00,1104.41,689.44,35.56,59.63,40.48,29.67,Normal Sales,Normal Sales,0,0,-1.0,0,1.0,
2026-10-01 19:00:00,1321.92,843.95,47.43,66.35,43.47,32.22,Normal Sales,Normal Sales,0,0,-1.0,0,1.0,
2026-10-01 20:00:00,1227.53,753.62,38.38,62.82,42.51,33.93,Normal Sales,Normal Sales,0,0,-1.0,0,1.0,
2026-10-01 21:00:00,972.8,627.62,36.44,59.22,40.9,26.91,Normal Sales,Normal Sales,0,0,-1.0,0,1.0,
2026-10-01 22:00:00,947.75,625.01,31.74,51.51,40.59,27.32,Normal Sales,Normal Sales,0,0,-1.0,0,1.0,
2026-10-01 23:00:00,1012.38,594.21,32.55,52.37,39.07,28.61,Normal Sales,Normal Sales,0,0,-1.0,0,1.0,
2026-10-02 00:00:00,412.15,252.18,12.22,31.72,28.96,20.03,Normal Sales,Normal Sales,0,0,-1.0,0,1.0,
2026-10-02 01:00:00,435.43,311.97,18.03,34.67,30.46,20.78,Normal Sales,Normal Sales,0,0,-1.0,0,1.0,
2026-10-02 02:00:00,418.21,254.93,13.5,35.75,30.25,21.07,Normal Sales,Normal Sales,0,0,-1.0,0,1.0,
2026-10-02 03:00:00,417.82,249.85,12.17,32.2,32.11,17.49,Normal Sales,Normal Sales,0,0,-1.0,0,1.0,
2026-10-02 04:00:00,431.65,256.95,13.88,29.8,32.46,17.89,Normal Sales,Normal Sales,0,0,-1.0,0,1.0,
2026-10-02 05:00:00,446.74,294.6,16.37,37.89,32.4,21.38,Normal Sales,Normal Sales,0,0,-1.0,0,1.0,
2026-10-02 06:00:00,572.28,366.35,21.15,35.2,36.74,18.84,Normal Sales,Normal Sales,0,0,-1.0,0,1.0,
2026-10-02 07:00:00,559.23,275.5,16.1,30.76,32.47,20.56,Normal Sales,Normal Sales,0,0,-1.0,0,1.0,
2026-10-02 08:00:00,603.81,358.77,16.55,38.71,35.98,22.37,Normal Sales,Normal Sales,0,0,-1.0,0,1.0,
2026-10-02 09:00:00,851.96,511.88,25.52,48.63,38.91,24.79,Normal Sales,Normal Sales,0,0,-1.0,0,1.0,
2026-10-02 10:00:00,752.91,400.47,20.01,43.44,37.37,23.94,Normal Sales,Normal Sales,0,0,-1.0,0,1.0,
2026-10-02 11:00:00,795.59,511.67,29.67,47.44,37.58,18.97,Normal Sales,Normal Sales,0,0,-1.0,0,1.0,
2026-10-02 12:00:00,756.42,453.64,24.73,42.14,38.73,21.58,Normal Sales,Normal Sales,0,0,-1.0,0,1.0,
2026-10-02 13:00:00,922.29,547.79,28.92,48.33,38.69,28.05,Normal Sales,Normal Sales,0,0,-1.0,0,1.0,
2026-10-02 14:00:00,859.81,525.54,27.42,47.88,39.05,24.71,Normal Sales,Normal Sales,0,0,-1.0,0,1.0,
2026-10-02 15:00:00,867.54,563.27,31.53,47.41,38.58,25.01,Normal Sales,Normal Sales,0,0,-1.0,0,1.0,
2026-10-02 16:00:00,896.88,558.64,32.99,48.46,38.86,23.84,Normal Sales,Normal Sales,0,0,-1.0,0,1.0,
2026-10-02 17:00:00,1239.55,730.11,40.8,60.63,45.38,31.83,Normal Sales,Normal Sales,0,0,-1.0,0,1.0,
2026-10-02 18:00:00,1256.11,746.87,39.97,61.46,44.7,30.26,Normal Sales,Normal Sales,0,0,-1.0,0,1.0,
2026-10-02 19:00:00,1342.85,835.08,46.69,61.3,48.32,38.58,Normal Sales,Normal Sales,0,0,-1.0,0,1.0,
2026-10-02 20:00:00,1325.72,810.94,49.16,65.17,47.15,31.74,Normal Sales,Normal Sales,0,0,-1.0,0,1.0,
2026-10-02 21:00:00,951.95,534.0,30.95,48.9,39.81,25.9,Normal Sales,Normal Sales,0,0,-1.0,0,1.0,
2026-10-02 22:00:00,946.09,593.17,35.03,53.27,39.78,26.58,Normal Sales,Normal Sales,0,0,-1.0,0,1.0,
2026-10-02 23:00:00,975.8,584.2,32.55,53.81,40.76,25.76,Normal Sales,Normal Sales,0,0,-1.0,0,1.0,
2026-10-03 00:00:00,539.98,351.09,17.11,36.08,29.97,20.85,Weekend Sales,Weekend Sales,0,0,-1.0,0,1.0,
2026-10-03 01:00:00,571.45,387.59,24.41,38.29,34.21,20.89,Weekend Sales,Weekend Sales,0,0,-1.0,0,1.0,
2026-10-03 02:00:00,592.97,400.23,22.35,39.21,27.18,19.14,Weekend Sales,Weekend Sales,0,0,-1.0,0,1.0,
2026-10-03 03:00:00,497.1,272.05,18.72,30.98,30.33,16.96,Weekend Sales,Weekend Sales,0,0,-1.0,0,1.0,
2026-10-03 04:00:00,619.02,382.23,23.01,40.59,30.55,24.62,Weekend Sales,Weekend Sales,0,0,-1.0,0,1.0,
2026-10-03 05:00:00,558.83,343.43,22.41,37.06,33.21,19.9,Weekend Sales,Weekend Sales,0,0,-1.0,0,1.0,
2026-10-03 06:00:00,833.91,537.37,30.11,46.22,37.44,23.33,Weekend Sales,Weekend Sales,0,0,-1.0,0,1.0,
2026-10-03 07:00:00,837.24,479.72,29.57,49.5,36.4,23.16,Weekend Sales,Weekend Sales,0,0,-1.0,0,1.0,
2026-10-03 08:00:00,763.14,483.9,29.44,48.84,36.11,26.61,Weekend Sales,Weekend Sales,0,0,-1.0,0,1.0,
2026-10-03 09:00:00,1095.44,674.45,37.08,60.97,44.74,31.31,Weekend Sales,Weekend Sales,0,0,-1.0,0,1.0,
2026-10-03 10:00:00,1168.58,738.2,41.25,63.96,47.84,29.23,Weekend Sales,Weekend Sales,0,0,-1.0,0,1.0,
2026-10-03 11:00:00,1024.37,609.64,34.22,55.85,39.52,29.51,Weekend Sales,Weekend Sales,0,0,-1.0,0,1.0,
2026-10-03 12:00:00,1011.36,613.67,36.01,52.14,38.39,28.83,Weekend Sales,Weekend Sales,0,0,-1.0,0,1.0,
2026-10-03 13:00:00,1148.94,742.29,42.49,56.22,46.16,34.36,Weekend Sales,Weekend Sales,0,0,-1.0,0,1.0,
2026-10-03 14:00:00,1216.32,780.97,42.46,61.68,45.1,33.36,Weekend Sales,Weekend Sales,0,0,-1.0,0,1.0,
2026-10-03 15:00:00,1208.29,738.2,39.52,57.16,45.83,29.68,Weekend Sales,Weekend Sales,0,0,-1.0,0,1.0,
2026-10-03 16:00:00,1139.14,749.47,42.42,61.65,45.03,33.58,Weekend Sales,Weekend Sales,0,0,-1.0,0,1.0,
2026-10-03 17:00:00,1510.6,922.43,50.27,69.15,49.15,31.96,Weekend Sales,Weekend Sales,0,0,-1.0,0,1.0,
2026-10-03 18:00:00,1719.3,1053.03,58.32,79.27,54.34,33.4,Weekend Sales,Weekend Sales,0,0,-1.0,0,1.0,
2026-10-03 19:00:00,1680.52,1035.05,57.74,75.07,53.4,40.47,Weekend Sales,Weekend Sales,0,0,-1.0,0,1.0,
2026-10-03 20:00:00,1659.12,1010.72,54.24,78.2,53.34,37.98,Weekend Sales,Weekend Sales,0,0,-1.0,0,1.0,
2026-10-03 21:00:00,1275.9,796.13,43.66,63.08,47.21,32.52,Weekend Sales,Weekend Sales,0,0,-1.0,0,1.0,
2026-10-03 22:00:00,1360.78,871.61,48.49,69.6,45.22,33.63,Weekend Sales,Weekend Sales,0,0,-1.0,0,1.0,
2026-10-03 23:00:00,1300.2,766.55,43.02,60.5,44.4,30.1,Weekend Sales,Weekend Sales,0,0,-1.0,0,1.0,
2026-10-04 00:00:00,547.27,306.1,18.55,36.6,37.15,20.25,Weekend Sales,Weekend Sales,0,0,-1.0,0,1.0,
2026-10-04 01:00:00,563.74,328.18,15.69,38.83,31.4,21.49,Weekend Sales,Weekend Sales,0,0,-1.0,0,1.0,
2026-10-04 02:00:00,594.87,392.46,22.73,41.09,33.34,21.58,Weekend Sales,Weekend Sales,0,0,-1.0,0,1.0,
2026-10-04 03:00:00,532.61,297.33,16.42,38.41,30.48,22.23,Weekend Sales,Weekend Sales,0,0,-1.0,0,1.0,
2026-10-04 04:00:00,581.46,370.43,21.18,38.86,33.97,20.33,Weekend Sales,Weekend Sales,0,0,-1.0,0,1.0,
2026-10-04 05:00:00,548.97,343.86,22.67,39.28,32.91,20.4,Weekend Sales,Weekend Sales,0,0,-1.0,0,1.0,
2026-10-04 06:00:00,763.47,459.64,27.1,43.56,35.74,22.31,Weekend Sales,Weekend Sales,0,0,-1.0,0,1.0,
2026-10-04 07:00:00,762.84,501.14,27.85,45.95,37.03,24.96,Weekend Sales,Weekend Sales,0,0,-1.0,0,1.0,
2026-10-04 08:00:00,762.12,437.78,26.75,46.27,37.71,24.78,Weekend Sales,Weekend Sales,0,0,-1.0,0,1.0,
2026-10-04 09:00:00,1134.4,689.94,35.71,59.78,40.35,29.32,Weekend Sales,Weekend Sales,0,0,-1.0,0,1.0,
2026-10-04 10:00:00,1019.86,649.16,34.74,58.37,39.84,29.64,Weekend Sales,Weekend Sales,0,0,-1.0,0,1.0,
2026-10-04 11:00:00,1000.81,634.21,32.85,54.49,43.66,28.09,Weekend Sales,Weekend Sales,0,0,-1.0,0,1.0,
2026-10-04 12:00:00,1096.55,679.2,36.35,57.77,43.88,25.17,Weekend Sales,Weekend Sales,0,0,-1.0,0,1.0,
2026-10-04 13:00:00,1187.32,712.64,36.82,60.91,46.86,30.25,Weekend Sales,Weekend Sales,0,0,-1.0,0,1.0,
2026-10-04 14:00:00,1078.69,652.02,35.02,56.46,42.19,29.29,Weekend Sales,Weekend Sales,0,0,-1.0,0,1.0,
2026-10-04 15:00:00,1214.96,761.89,43.7,61.33,51.25,32.15,Weekend Sales,Weekend Sales,0,0,-1.0,0,1.0,
2026-10-04 16:00:00,1196.68,785.88,43.4,61.32,46.96,34.38,Weekend Sales,Weekend Sales,0,0,-1.0,0,1.0,
2026-10-04 17:00:00,1656.93,1071.29,58.75,81.79,55.2,38.98,Weekend Sales,Weekend Sales,0,0,-1.0,0,1.0,
2026-10-04 18:00:00,1681.86,1068.4,58.03,77.5,55.26,39.32,Weekend Sales,Weekend Sales,0,0,-1.0,0,1.0,
2026-10-04 19:00:00,1602.74,996.05,55.8,71.72,52.68,37.72,Weekend Sales,Weekend Sales,0,0,-1.0,0,1.0,
2026-10-04 20:00:00,1780.38,1098.36,63.16,81.56,54.54,40.02,Weekend Sales,Weekend Sales,0,0,-1.0,0,1.0,
2026-10-04 21:00:00,1412.76,844.92,47.46,67.43,47.96,34.29,Weekend Sales,Weekend Sales,0,0,-1.0,0,1.0,
2026-10-04 22:00:00,1349.63,850.06,49.22,66.42,46.85,31.25,Weekend Sales,Weekend Sales,0,0,-1.0,0,1.0,
2026-10-04 23:00:00,1405.7,866.87,47.08,69.77,50.11,32.29,Weekend Sales,Weekend Sales,0,0,-1.0,0,1.0,
2026-10-05 00:00:00,439.24,264.75,17.42,32.08,32.94,18.7,Normal Sales,Normal Sales,0,0,-1.0,0,1.0,
2026-10-05 01:00:00,391.29,207.2,9.91,32.94,26.77,17.85,Normal Sales,Normal Sales,0,0,-1.0,0,1.0,
2026-10-05 02:00:00,419.76,218.19,10.41,29.18,31.24,20.39,Normal Sales,Normal Sales,0,0,-1.0,0,1.0,
2026-10-05 03:00:00,436.93,261.89,12.74,29.38,30.67,16.75,Normal Sales,Normal Sales,0,0,-1.0,0,1.0,
2026-10-05 04:00:00,413.89,256.66,13.16,31.72,29.65,17.39,Normal Sales,Normal Sales,0,0,-1.0,0,1.0,
2026-10-05 05:00:00,444.41,288.48,16.93,37.07,33.4,22.06,Normal Sales,Normal Sales,0,0,-1.0,0,1.0,
2026-10-05 06:00:00,616.55,387.39,20.12,38.3,36.25,21.46,Normal Sales,Normal Sales,0,0,-1.0,0,1.0,
2026-10-05 07:00:00,558.2,293.76,20.45,33.22,32.12,21.8,Normal Sales,Normal Sales,0,0,-1.0,0,1.0,
2026-10-05 08:00:00,562.73,362.18,23.56,44.08,32.67,21.03,Normal Sales,Normal Sales,0,0,-1.0,0,1.0,
2026-10-05 09:00:00,767.69,475.52,28.75,42.04,38.35,23.5,Normal Sales,Normal Sales,0,0,-1.0,0,1.0,
2026-10-05 10:00:00,836.8,551.7,29.53,49.24,40.01,27.76,Normal Sales,Normal Sales,0,0,-1.0,0,1.0,
2026-10-05 11:00:00,686.39,447.8,27.92,44.28,37.57,25.75,Normal Sales,Normal Sales,0,0,-1.0,0,1.0,
2026-10-05 12:00:00,791.89,511.33,28.15,47.21,36.14,25.13,Normal Sales,Normal Sales,0,0,-1.0,0,1.0,
2026-10-05 13:00:00,957.94,571.36,32.66,52.18,43.23,29.61,Normal Sales,Normal Sales,0,0,-1.0,0,1.0,
2026-10-05 14:00:00,834.9,503.28,26.64,46.12,37.4,25.28,Normal Sales,Normal Sales,0,0,-1.0,0,1.0,
2026-10-05 15:00:00,838.09,501.85,26.02,48.52,38.12,24.06,Normal Sales,Normal Sales,0,0,-1.0,0,1.0,
2026-10-05 16:00:00,838.51,479.77,29.65,45.58,43.68,25.54,Normal Sales,Normal Sales,0,0,-1.0,0,1.0,
2026-10-05 17:00:00,1357.7,866.61,47.98,66.36,45.13,35.9,Normal Sales,Normal Sales,0,0,-1.0,0,1.0,
2026-10-05 18:00:00,1260.41,796.87,45.46,64.83,44.48,33.95,Normal Sales,Normal Sales,0,0,-1.0,0,1.0,
2026-10-05 19:00:00,1231.6,765.85,43.56,62.17,41.3,33.23,Normal Sales,Normal Sales,0,0,-1.0,0,1.0,
2026-10-05 20:00:00,1321.98,773.85,40.47,68.46,46.94,31.35,Normal Sales,Normal Sales,0,0,-1.0,0,1.0,
2026-10-05 21:00:00,946.87,561.29,30.48,53.27,40.07,27.25,Normal Sales,Normal Sales,0,0,-1.0,0,1.0,
2026-10-05 22:00:00,1052.91,638.29,35.71,57.66,40.03,28.31,Normal Sales,Normal Sales,0,0,-1.0,0,1.0,
2026-10-05 23:00:00,1058.07,647.5,37.75,55.25,45.59,24.9,Normal Sales,Normal Sales,0,0,-1.0,0,1.0,
2026-10-06 00:00:00,416.19,221.06,10.76,29.51,30.54,15.15,Normal Sales,Normal Sales,0,0,-1.0,0,1.0,
2026-10-06 01:00:00,413.35,267.79,11.66,31.77,36.11,19.35,Normal Sales,Normal Sales,0,0,-1.0,0,1.0,
2026-10-06 02:00:00,377.13,198.81,11.39,30.22,29.24,21.36,Normal Sales,Normal Sales,0,0,-1.0,0,1.0,
2026-10-06 03:00:00,469.16,284.27,17.38,36.85,34.09,17.83,Normal Sales,Normal Sales,0,0,-1.0,0,1.0,
2026-10-06 04:00:00,455.07,280.43,16.27,34.26,31.46,19.57,Normal Sales,Normal Sales,0,0,-1.0,0,1.0,
2026-10-06 05:00:00,390.24,192.67,10.17,27.59,31.73,17.68,Normal Sales,Normal Sales,0,0,-1.0,0,1.0,
2026-10-06 06:00:00,599.61,408.8,22.47,37.55,33.75,24.56,Normal Sales,Normal Sales,0,0,-1.0,0,1.0,
2026-10-06 07:00:00,542.76,334.16,19.53,44.01,35.64,20.62,Normal Sales,Normal Sales,0,0,-1.0,0,1.0,
2026-10-06 08:00:00,614.81,333.74,16.26,39.56,34.77,20.92,Normal Sales,Normal Sales,0,0,-1.0,0,1.0,
2026-10-06 09:00:00,784.92,486.52,26.96,43.53,36.89,21.67,Normal Sales,Normal Sales,0,0,-1.0,0,1.0,
2026-10-06 10:00:00,759.31,500.67,27.18,48.09,37.14,23.75,Normal Sales,Normal Sales,0,0,-1.0,0,1.0,
2026-10-06 11:00:00,744.07,451.32,25.19,45.71,36.89,24.58,Normal Sales,Normal Sales,0,0,-1.0,0,1.0,
2026-10-06 12:00:00,724.02,470.56,23.62,47.43,37.31,20.02,Normal Sales,Normal Sales,0,0,-1.0,0,1.0,
2026-10-06 13:00:00,908.04,587.86,34.85,49.8,39.8,28.09,Normal Sales,Normal Sales,0,0,-1.0,0,1.0,
2026-10-06 14:00:00,908.01,573.21,30.67,53.53,41.42,26.02,Normal Sales,Normal Sales,0,0,-1.0,0,1.0,
2026-10-06 15:00:00,841.46,503.51,30.42,49.77,38.26,24.19,Normal Sales,Normal Sales,0,0,-1.0,0,1.0,
2026-10-06 16:00:00,798.34,492.86,24.73,46.96,39.94,22.36,Normal Sales,Normal Sales,0,0,-1.0,0,1.0,
2026-10-06 17:00:00,1259.36,805.75,44.76,63.02,45.43,34.06,Normal Sales,Normal Sales,0,0,-1.0,0,1.0,
2026-10-06 18:00:00,1260.85,781.65,45.3,64.55,43.03,32.8,Normal Sales,Normal Sales,0,0,-1.0,0,1.0,
2026-10-06 19:00:00,1303.6,777.3,38.21,60.8,45.96,33.45,Normal Sales,Normal Sales,0,0,-1.0,0,1.0,
2026-10-06 20:00:00,1189.07,751.1,35.53,61.76,43.4,34.97,Normal Sales,Normal Sales,0,0,-1.0,0,1.0,
2026-10-06 21:00:00,876.38,543.0,26.07,48.07,35.5,30.18,Normal Sales,Normal Sales,0,0,-1.0,0,1.0,
2026-10-06 22:00:00,950.75,584.19,32.04,49.06,42.27,27.89,Normal Sales,Normal Sales,0,0,-1.0,0,1.0,
2026-10-06 23:00:00,1012.38,597.23,35.12,55.52,40.75,28.72,Normal Sales,Normal Sales,0,0,-1.0,0,1.0,
2026-10-07 00:00:00,420.69,220.98,11.79,30.11,31.32,19.57,Normal Sales,Normal Sales,0,0,-1.0,0,1.0,
2026-10-07 01:00:00,380.97,225.11,10.74,29.23,28.83,17.76,Normal Sales,Normal Sales,0,0,-1.0,0,1.0,
2026-10-07 02:00:00,425.89,272.76,15.37,35.24,36.0,19.09,Normal Sales,Normal Sales,0,0,-1.0,0,1.0,
2026-10-07 03:00:00,436.23,294.56,19.76,36.15,29.73,19.97,Normal Sales,Normal Sales,0,0,-1.0,0,1.0,
2026-10-07 04:00:00,420.25,280.93,13.7,37.17,31.15,20.7,Normal Sales,Normal Sales,0,0,-1.0,0,1.0,
2026-10-07 05:00:00,421.46,264.37,15.01,34.95,35.08,14.57,Normal Sales,Normal Sales,0,0,-1.0,0,1.0,
2026-10-07 06:00:00,615.68,382.82,20.7,34.24,35.63,21.32,Normal Sales,Normal Sales,0,0,-1.0,0,1.0,
2026-10-07 07:00:00,574.48,357.24,19.06,34.32,33.94,22.09,Normal Sales,Normal Sales,0,0,-1.0,0,1.0,
2026-10-07 08:00:00,583.03,368.02,20.46,41.84,33.7,22.8,Normal Sales,Normal Sales,0,0,-1.0,0,1.0,
2026-10-07 09:00:00,771.67,527.62,28.15,46.2,36.92,23.73,Normal Sales,Normal Sales,0,0,-1.0,0,1.0,
2026-10-07 10:00:00,735.01,473.9,19.94,43.41,33.81,24.13,Normal Sales,Normal Sales,0,0,-1.0,0,1.0,
2026-10-07 11:00:00,698.15,446.55,25.87,39.6,36.25,24.2,Normal Sales,Normal Sales,0,0,-1.0,0,1.0,
2026-10-07 12:00:00,820.81,472.18,22.75,49.57,36.31,22.75,Normal Sales,Normal Sales,0,0,-1.0,0,1.0,
2026-10-07 13:00:00,903.92,531.2,28.68,51.36,36.52,24.28,Normal Sales,Normal Sales,0,0,-1.0,0,1.0,
2026-10-07 14:00:00,826.83,493.28,29.5,50.33,38.57,25.4,Normal Sales,Normal Sales,0,0,-1.0,0,1.0,
2026-10-07 15:00:00,898.3,540.14,30.18,46.25,37.35,25.33,Normal Sales,Normal Sales,0,0,-1.0,0,1.0,
2026-10-07 16:00:00,829.71,482.6,25.12,49.22,41.22,24.0,Normal Sales,Normal Sales,0,0,-1.0,0,1.0,
2026-10-07 17:00:00,1281.35,780.35,38.79,61.13,45.17,31.79,Normal Sales,Normal Sales,0,0,-1.0,0,1.0,
2026-10-07 18:00:00,1238.82,761.03,40.71,63.02,42.33,32.63,Normal Sales,Normal Sales,0,0,-1.0,0,1.0,
2026-10-07 19:00:00,1208.6,801.01,43.43,62.51,43.42,31.08,Normal Sales,Normal Sales,0,0,-1.0,0,1.0,
2026-10-07 20:00:00,1282.91,794.35,45.66,65.17,45.87,32.6,Normal Sales,Normal Sales,0,0,-1.0,0,1.0,
2026-10-07 21:00:00,1026.34,652.75,36.46,56.64,39.14,33.46,Normal Sales,Normal Sales,0,0,-1.0,0,1.0,
2026-10-07 22:00:00,993.99,631.97,34.7,48.65,40.37,27.95,Normal Sales,Normal Sales,0,0,-1.0,0,1.0,
2026-10-07 23:00:00,928.57,554.93,29.84,52.33,42.3,26.22,Normal Sales,Normal Sales,0,0,-1.0,0,1.0,
2026-10-08 00:00:00,403.45,241.08,13.46,32.62,31.73,17.15,Normal Sales,Normal Sales,0,0,-1.0,0,1.0,
2026-10-08 01:00:00,426.22,275.51,14.36,29.51,29.48,22.02,Normal Sales,Normal Sales,0,0,-1.0,0,1.0,
2026-10-08 02:00:00,380.07,268.58,11.31,31.19,29.71,22.28,Normal Sales,Normal Sales,0,0,-1.0,0,1.0,
2026-10-08 03:00:00,415.78,252.43,12.01,33.99,30.04,17.85,Normal Sales,Normal Sales,0,0,-1.0,0,1.0,
2026-10-08 04:00:00,407.79,270.83,16.42,31.22,29.68,17.32,Normal Sales,Normal Sales,0,0,-1.0,0,1.0,
2026-10-08 05:00:00,419.04,282.47,15.93,28.59,32.64,16.36,Normal Sales,Normal Sales,0,0,-1.0,0,1.0,
2026-10-08 06:00:00,578.33,363.53,19.83,41.17,32.61,19.15,Normal Sales,Normal Sales,0,0,-1.0,0,1.0,
2026-10-08 07:00:00,590.43,390.5,22.74,40.51,36.69,24.05,Normal Sales,Normal Sales,0,0,-1.0,0,1.0,
2026-10-08 08:00:00,623.43,357.07,21.21,38.55,33.81,19.56,Normal Sales,Normal Sales,0,0,-1.0,0,1.0,
2026-10-08 09:00:00,777.59,466.46,26.0,44.78,37.66,24.77,Normal Sales,Normal Sales,0,0,-1.0,0,1.0,
2026-10-08 10:00:00,772.78,460.69,21.33,46.84,37.29,23.17,Normal Sales,Normal Sales,0,0,-1.0,0,1.0,
2026-10-08 11:00:00,830.29,482.57,26.65,43.95,39.43,19.61,Normal Sales,Normal Sales,0,0,-1.0,0,1.0,
2026-10-08 12:00:00,815.86,524.9,27.02,48.31,36.07,25.98,Normal Sales,Normal Sales,0,0,-1.0,0,1.0,
2026-10-08 13:00:00,912.55,540.66,27.14,52.37,43.4,26.51,Normal Sales,Normal Sales,0,0,-1.0,0,1.0,
2026-10-08 14:00:00,901.52,550.64,30.65,50.87,38.96,28.47,Normal Sales,Normal Sales,0,0,-1.0,0,1.0,
2026-10-08 15:00:00,884.35,555.94,30.25,49.94,41.47,26.19,Normal Sales,Normal Sales,0,0,-1.0,0,1.0,
2026-10-08 16:00:00,884.02,552.65,29.67,46.42,42.17,27.95,Normal Sales,Normal Sales,0,0,-1.0,0,1.0,
2026-10-08 17:00:00,1323.5,793.75,46.55,69.22,48.59,35.14,Normal Sales,Normal Sales,0,0,-1.0,0,1.0,
2026-10-08 18:00:00,1295.39,781.98,44.02,61.0,44.83,32.18,Normal Sales,Normal Sales,0,0,-1.0,0,1.0,
2026-10-08 19:00:00,1257.04,790.94,39.92,63.26,46.47,33.27,Normal Sales,Normal Sales,0,0,-1.0,0,1.0,
2026-10-08 20:00:00,1296.38,810.04,43.79,66.08,45.44,34.05,Normal Sales,Normal Sales,0,0,-1.0,0,1.0,
2026-10-08 21:00:00,989.58,611.99,32.12,56.26,41.94,31.51,Normal Sales,Normal Sales,0,0,-1.0,0,1.0,
2026-10-08 22:00:00,994.37,631.76,31.82,55.16,40.27,29.45,Normal Sales,Normal Sales,0,0,-1.0,0,1.0,
2026-10-08 23:00:00,985.09,635.39,39.21,52.48,42.64,29.25,Normal Sales,Normal Sales,0,0,-1.0,0,1.0,
2026-10-09 00:00:00,456.54,300.69,17.74,37.31,33.6,22.43,Normal Sales,Normal Sales,0,0,-1.0,0,1.0,
2026-10-09 01:00:00,398.41,237.21,16.52,26.96,30.6,18.23,Normal Sales,Normal Sales,0,0,-1.0,0,1.0,
2026-10-09 02:00:00,411.76,294.81,17.17,33.59,29.73,19.93,Normal Sales,Normal Sales,0,0,-1.0,0,1.0,
2026-10-09 03:00:00,439.65,276.04,14.91,32.2,32.22,19.54,Normal Sales,Normal Sales,0,0,-1.0,0,1.0,
2026-10-09 04:00:00,400.39,273.9,18.48,33.65,31.41,16.64,Normal Sales,Normal Sales,0,0,-1.0,0,1.0,
2026-10-09 05:00:00,430.74,278.66,14.67,32.13,35.02,19.73,Normal Sales,Normal Sales,0,0,-1.0,0,1.0,
2026-10-09 06:00:00,572.53,376.36,21.16,39.66,35.69,16.18,Normal Sales,Normal Sales,0,0,-1.0,0,1.0,
2026-10-09 07:00:00,545.85,372.91,20.25,38.08,30.6,21.71,Normal Sales,Normal Sales,0,0,-1.0,0,1.0,
2026-10-09 08:00:00,609.58,413.96,23.51,40.75,35.17,24.57,Normal Sales,Normal Sales,0,0,-1.0,0,1.0,
2026-10-09 09:00:00,819.67,523.73,29.35,46.67,35.87,22.71,Normal Sales,Normal Sales,0,0,-1.0,0,1.0,
2026-10-09 10:00:00,800.16,508.56,30.16,48.69,39.7,24.45,Normal Sales,Normal Sales,0,0,-1.0,0,1.0,
2026-10-09 11:00:00,814.95,480.23,26.29,41.55,37.92,26.46,Normal Sales,Normal Sales,0,0,-1.0,0,1.0,
2026-10-09 12:00:00,787.46,506.27,28.39,45.66,37.01,27.02,Normal Sales,Normal Sales,0,0,-1.0,0,1.0,
2026-10-09 13:00:00,908.45,547.8,27.35,50.44,38.28,25.34,Normal Sales,Normal Sales,0,0,-1.0,0,1.0,
2026-10-09 14:00:00,813.24,530.23,28.97,48.5,36.16,24.7,Normal Sales,Normal Sales,0,0,-1.0,0,1.0,
2026-10-09 15:00:00,882.39,531.75,28.81,52.45,35.5,25.66,Normal Sales,Normal Sales,0,0,-1.0,0,1.0,
2026-10-09 16:00:00,842.58,555.81,30.21,47.13,37.89,26.59,Normal Sales,Normal Sales,0,0,-1.0,0,1.0,
2026-10-09 17:00:00,1419.25,827.19,43.1,69.84,45.11,32.7,Normal Sales,Normal Sales,0,0,-1.0,0,1.0,
2026-10-09 18:00:00,1216.17,738.01,40.25,60.11,46.79,33.11,Normal Sales,Normal Sales,0,0,-1.0,0,1.0,
2026-10-09 19:00:00,1272.86,783.27,43.6,65.44,47.64,32.32,Normal Sales,Normal Sales,0,0,-1.0,0,1.0,
2026-10-09 20:00:00,1341.49,816.31,47.18,67.23,45.59,32.87,Normal Sales,Normal Sales,0,0,-1.0,0,1.0,
2026-10-09 21:00:00,983.95,606.5,33.05,49.35,39.35,26.69,Normal Sales,Normal Sales,0,0,-1.0,0,1.0,
2026-10-09 22:00:00,941.59,562.39,33.05,50.58,44.34,26.51,Normal Sales,Normal Sales,0,0,-1.0,0,1.0,
2026-10-09 23:00:00,1019.75,627.04,33.16,55.03,43.93,27.5,Normal Sales,Normal Sales,0,0,-1.0,0,1.0,
2026-10-10 00:00:00,561.95,354.85,19.32,38.35,31.56,20.85,Weekend Sales,Weekend Sales,0,0,-1.0,0,1.0,
2026-10-10 01:00:00,567.62,359.32,20.13,40.52,34.04,21.01,Weekend Sales,Weekend Sales,0,0,-1.0,0,1.0,
2026-10-10 02:00:00,569.87,356.74,19.15,39.78,33.62,20.36,Weekend Sales,Weekend Sales,0,0,-1.0,0,1.0,
2026-10-10 03:00:00,553.94,347.62,16.91,38.91,37.11,18.73,Weekend Sales,Weekend Sales,0,0,-1.0,0,1.0,
2026-10-10 04:00:00,535.85,401.73,20.45,43.58,32.65,22.16,Weekend Sales,Weekend Sales,0,0,-1.0,0,1.0,
2026-10-10 05:00:00,546.06,349.2,16.05,38.55,32.48,17.0,Weekend Sales,Weekend Sales,0,0,-1.0,0,1.0,
2026-10-10 06:00:00,838.46,467.16,29.99,47.27,35.53,26.36,Weekend Sales,Weekend Sales,0,0,-1.0,0,1.0,
2026-10-10 07:00:00,764.18,456.17,21.49,42.48,35.5,25.04,Weekend Sales,Weekend Sales,0,0,-1.0,0,1.0,
2026-10-10 08:00:00,840.3,489.97,27.49,42.17,38.83,28.57,Weekend Sales,Weekend Sales,0,0,-1.0,0,1.0,
2026-10-10 09:00:00,945.86,561.07,32.31,52.93,38.2,28.97,Weekend Sales,Weekend Sales,0,0,-1.0,0,1.0,
2026-10-10 10:00:00,995.92,659.31,37.2,58.81,41.67,29.8,Weekend Sales,Weekend Sales,0,0,-1.0,0,1.0,
2026-10-10 11:00:00,1075.13,695.2,38.17,55.64,42.12,28.04,Weekend Sales,Weekend Sales,0,0,-1.0,0,1.0,
2026-10-10 12:00:00,1007.0,665.71,37.86,57.45,43.26,29.88,Weekend Sales,Weekend Sales,0,0,-1.0,0,1.0,
2026-10-10 13:00:00,1268.74,734.25,38.39,59.44,42.82,30.58,Weekend Sales,Weekend Sales,0,0,-1.0,0,1.0,
2026-10-10 14:00:00,1169.69,774.59,44.41,60.95,44.87,27.71,Weekend Sales,Weekend Sales,0,0,-1.0,0,1.0,
2026-10-10 15:00:00,1168.66,726.79,38.17,59.55,42.48,28.3,Weekend Sales,Weekend Sales,0,0,-1.0,0,1.0,
2026-10-10 16:00:00,1199.54,769.56,43.35,61.13,43.07,30.43,Weekend Sales,Weekend Sales,0,0,-1.0,0,1.0,
2026-10-10 17:00:00,1630.86,989.33,56.52,75.06,53.25,33.93,Weekend Sales,Weekend Sales,0,0,-1.0,0,1.0,
2026-10-10 18:00:00,1592.25,1008.68,57.22,73.12,51.67,37.88,Weekend Sales,Weekend Sales,0,0,-1.0,0,1.0,
2026-10-10 19:00:00,1590.61,995.1,51.57,73.19,52.24,36.94,Weekend Sales,Weekend Sales,0,0,-1.0,0,1.0,
2026-10-10 20:00:00,1655.71,1022.17,57.29,78.71,53.73,37.81,Weekend Sales,Weekend Sales,0,0,-1.0,0,1.0,
2026-10-10 21:00:00,1257.65,765.82,40.01,61.52,44.17,34.35,Weekend Sales,Weekend Sales,0,0,-1.0,0,1.0,
2026-10-10 22:00:00,1215.42,779.49,42.34,62.28,45.46,28.65,Weekend Sales,Weekend Sales,0,0,-1.0,0,1.0,
2026-10-10 23:00:00,1231.26,732.35,39.52,58.53,47.57,29.14,Weekend Sales,Weekend Sales,0,0,-1.0,0,1.0,
2026-10-11 00:00:00,484.53,292.05,17.68,39.09,31.78,18.27,Weekend Sales,Weekend Sales,0,0,-1.0,0,1.0,
2026-10-11 01:00:00,549.53,351.09,17.05,37.58,33.24,20.87,Weekend Sales,Weekend Sales,0,0,-1.0,0,1.0,
2026-10-11 02:00:00,545.95,315.1,18.01,36.44,33.19,17.71,Weekend Sales,Weekend Sales,0,0,-1.0,0,1.0,
2026-10-11 03:00:00,567.53,328.17,21.28,34.36,35.17,16.39,Weekend Sales,Weekend Sales,0,0,-1.0,0,1.0,
2026-10-11 04:00:00,487.83,288.59,11.35,36.71,32.25,22.02,Weekend Sales,Weekend Sales,0,0,-1.0,0,1.0,
2026-10-11 05:00:00,545.33,344.18,18.39,35.67,32.46,18.2,Weekend Sales,Weekend Sales,0,0,-1.0,0,1.0,
2026-10-11 06:00:00,809.73,494.34,26.99,53.78,36.96,24.99,Weekend Sales,Weekend Sales,0,0,-1.0,0,1.0,
2026-10-11 07:00:00,792.19,520.1,29.08,47.06,42.05,23.28,Weekend Sales,Weekend Sales,0,0,-1.0,0,1.0,
2026-10-11 08:00:00,786.64,510.63,26.45,49.19,36.41,26.77,Weekend Sales,Weekend Sales,0,0,-1.0,0,1.0,
2026-10-11 09:00:00,1089.5,673.24,35.03,56.03,42.49,30.61,Weekend Sales,Weekend Sales,0,0,-1.0,0,1.0,
2026-10-11 10:00:00,1055.4,667.8,37.43,58.61,41.54,29.02,Weekend Sales,Weekend Sales,0,0,-1.0,0,1.0,
2026-10-11 11:00:00,1040.23,633.99,36.89,57.33,44.1,26.32,Weekend Sales,Weekend Sales,0,0,-1.0,0,1.0,
2026-10-11 12:00:00,1056.97,682.63,40.55,53.4,41.96,28.69,Weekend Sales,Weekend Sales,0,0,-1.0,0,1.0,
2026-10-11 13:00:00,1253.3,721.81,37.61,64.09,44.37,27.44,Weekend Sales,Weekend Sales,0,0,-1.0,0,1.0,
2026-10-11 14:00:00,1248.73,738.42,42.66,57.32,42.34,30.86,Weekend Sales,Weekend Sales,0,0,-1.0,0,1.0,
2026-10-11 15:00:00,1111.72,696.07,41.89,57.83,46.15,30.05,Weekend Sales,Weekend Sales,0,0,-1.0,0,1.0,
2026-10-11 16:00:00,1216.45,695.37,39.52,60.23,43.96,33.18,Weekend Sales,Weekend Sales,0,0,-1.0,0,1.0,
2026-10-11 17:00:00,1609.1,957.42,54.22,70.4,51.51,38.62,Weekend Sales,Weekend Sales,0,0,-1.0,0,1.0,
2026-10-11 18:00:00,1690.9,1042.18,56.62,81.59,50.31,39.6,Weekend Sales,Weekend Sales,0,0,-1.0,0,1.0,
2026-10-11 19:00:00,1830.73,1148.64,62.7,83.93,54.16,39.41,Weekend Sales,Weekend Sales,0,0,-1.0,0,1.0,
2026-10-11 20:00:00,1659.5,1045.88,60.74,73.45,47.33,41.41,Weekend Sales,Weekend Sales,0,0,-1.0,0,1.0,
2026-10-11 21:00:00,1286.83,800.57,45.03,63.85,49.83,33.0,Weekend Sales,Weekend Sales,0,0,-1.0,0,1.0,
2026-10-11 22:00:00,1254.45,768.8,42.0,60.69,48.7,31.47,Weekend Sales,Weekend Sales,0,0,-1.0,0,1.0,
2026-10-11 23:00:00,1208.07,759.13,44.63,64.48,43.02,28.76,Weekend Sales,Weekend Sales,0,0,-1.0,0,1.0,
2026-10-12 00:00:00,445.71,235.73,13.71,30.75,34.2,15.78,Normal Sales,Normal Sales,0,0,-1.0,0,1.0,
2026-10-12 01:00:00,399.45,263.09,16.06,36.43,31.74,19.28,Normal Sales,Normal Sales,0,0,-1.0,0,1.0,
2026-10-12 02:00:00,437.84,237.2,11.29,28.96,26.07,19.61,Normal Sales,Normal Sales,0,0,-1.0,0,1.0,
2026-10-12 03:00:00,445.76,290.27,16.73,34.84,31.69,22.65,Normal Sales,Normal Sales,0,0,-1.0,0,1.0,
2026-10-12 04:00:00,448.25,263.29,16.7,36.51,32.92,19.36,Normal Sales,Normal Sales,0,0,-1.0,0,1.0,
2026-10-12 05:00:00,423.37,225.44,9.26,33.49,29.0,14.86,Normal Sales,Normal Sales,0,0,-1.0,0,1.0,
2026-10-12 06:00:00,538.56,322.02,18.46,37.94,34.86,19.27,Normal Sales,Normal Sales,0,0,-1.0,0,1.0,
2026-10-12 07:00:00,604.14,395.71,22.69,39.18,34.87,17.92,Normal Sales,Normal Sales,0,0,-1.0,0,1.0,
2026-10-12 08:00:00,600.92,357.11,22.68,36.43,34.45,20.07,Normal Sales,Normal Sales,0,0,-1.0,0,1.0,
2026-10-12 09:00:00,763.89,483.04,25.73,50.48,33.04,25.34,Normal Sales,Normal Sales,0,0,-1.0,0,1.0,
2026-10-12 10:00:00,782.49,483.88,27.22,48.53,37.83,26.1,Normal Sales,Normal Sales,0,0,-1.0,0,1.0,
2026-10-12 11:00:00,787.64,462.49,25.26,48.0,36.57,21.4,Normal Sales,Normal Sales,0,0,-1.0,0,1.0,
2026-10-12 12:00:00,810.16,510.71,26.55,46.88,37.41,24.78,Normal Sales,Normal Sales,0,0,-1.0,0,1.0,
2026-10-12 13:00:00,906.66,552.0,31.76,48.76,42.75,29.18,Normal Sales,Normal Sales,0,0,-1.0,0,1.0,
2026-10-12 14:00:00,840.66,490.57,28.94,47.45,39.39,22.95,Normal Sales,Normal Sales,0,0,-1.0,0,1.0,
2026-10-12 15:00:00,872.45,532.3,29.88,45.82,38.63,22.8,Normal Sales,Normal Sales,0,0,-1.0,0,1.0,
2026-10-12 16:00:00,855.63,528.06,30.06,50.08,40.07,22.24,Normal Sales,Normal Sales,0,0,-1.0,0,1.0,
2026-10-12 17:00:00,1326.95,806.59,43.22,65.58,45.88,32.89,Normal Sales,Normal Sales,0,0,-1.0,0,1.0,
2026-10-12 18:00:00,1282.22,775.9,42.31,62.79,47.71,30.47,Normal Sales,Normal Sales,0,0,-1.0,0,1.0,
2026-10-12 19:00:00,1216.32,728.58,38.25,57.14,43.27,33.4,Normal Sales,Normal Sales,0,0,-1.0,0,1.0,
2026-10-12 20:00:00,1291.18,832.47,43.89,60.92,46.58,36.52,Normal Sales,Normal Sales,0,0,-1.0,0,1.0,
2026-10-12 21:00:00,947.16,589.79,29.3,52.19,39.85,22.56,Normal Sales,Normal Sales,0,0,-1.0,0,1.0,
2026-10-12 22:00:00,920.37,542.71,26.69,47.97,40.66,24.3,Normal Sales,Normal Sales,0,0,-1.0,0,1.0,
2026-10-12 23:00:00,1026.46,627.34,35.16,55.69,44.52,26.25,Normal Sales,Normal Sales,0,0,-1.0,0,1.0,
2026-10-13 00:00:00,425.43,240.1,16.65,29.61,32.0,21.12,Normal Sales,Normal Sales,0,1,168.0,72,2.2,Diwali Sale
2026-10-13 01:00:00,391.32,257.49,12.18,38.54,26.87,15.4,Normal Sales,Normal Sales,0,1,167.0,72,2.2,Diwali Sale
2026-10-13 02:00:00,392.88,216.35,12.94,35.38,32.99,17.88,Normal Sales,Normal Sales,0,1,166.0,72,2.2,Diwali Sale
2026-10-13 03:00:00,416.42,243.02,14.15,31.75,31.46,16.59,Normal Sales,Normal Sales,0,1,165.0,72,2.2,Diwali Sale
2026-10-13 04:00:00,391.21,243.19,13.38,30.58,29.12,19.2,Normal Sales,Normal Sales,0,1,164.0,72,2.2,Diwali Sale
2026-10-13 05:00:00,425.69,310.84,19.86,32.41,30.86,17.04,Normal Sales,Normal Sales,0,1,163.0,72,2.2,Diwali Sale
2026-10-13 06:00:00,545.92,393.36,24.6,38.49,35.77,24.62,Normal Sales,Normal Sales,0,1,162.0,72,2.2,Diwali Sale
2026-10-13 07:00:00,543.48,358.22,18.72,39.43,39.26,24.13,Normal Sales,Normal Sales,0,1,161.0,72,2.2,Diwali Sale
2026-10-13 08:00:00,597.35,405.9,18.48,42.3,35.21,23.56,Normal Sales,Normal Sales,0,1,160.0,72,2.2,Diwali Sale
2026-10-13 09:00:00,766.2,484.6,28.36,40.13,36.39,22.31,Normal Sales,Normal Sales,0,1,159.0,72,2.2,Diwali Sale
2026-10-13 10:00:00,812.22,538.02,28.37,45.99,38.04,23.14,Normal Sales,Normal Sales,0,1,158.0,72,2.2,Diwali Sale
2026-10-13 11:00:00,777.29,473.62,27.21,46.32,37.54,27.11,Normal Sales,Normal Sales,0,1,157.0,72,2.2,Diwali Sale
2026-10-13 12:00:00,796.79,483.57,26.01,44.22,35.51,21.31,Normal Sales,Normal Sales,0,1,156.0,72,2.2,Diwali Sale
2026-10-13 13:00:00,928.52,557.72,31.31,49.78,39.73,28.25,Normal Sales,Normal Sales,0,1,155.0,72,2.2,Diwali Sale
2026-10-13 14:00:00,886.45,526.53,27.83,50.94,40.04,27.01,Normal Sales,Normal Sales,0,1,154.0,72,2.2,Diwali Sale
2026-10-13 15:00:00,868.21,503.39,28.7,48.23,39.32,21.82,Normal Sales,Normal Sales,0,1,153.0,72,2.2,Diwali Sale
2026-10-13 16:00:00,850.56,503.89,28.51,48.56,38.37,26.53,Normal Sales,Normal Sales,0,1,152.0,72,2.2,Diwali Sale
2026-10-13 17:00:00,1341.73,840.7,47.58,65.21,45.36,35.04,Normal Sales,Normal Sales,0,1,151.0,72,2.2,Diwali Sale
2026-10-13 18:00:00,1194.04,757.73,45.11,63.28,44.14,28.26,Normal Sales,Normal Sales,0,1,150.0,72,2.2,Diwali Sale
2026-10-13 19:00:00,1258.85,805.72,43.96,66.88,46.13,32.73,Normal Sales,Normal Sales,0,1,149.0,72,2.2,Diwali Sale
2026-10-13 20:00:00,1228.88,725.5,39.05,59.4,46.04,30.11,Normal Sales,Normal Sales,0,1,148.0,72,2.2,Diwali Sale
2026-10-13 21:00:00,1023.78,641.77,34.29,53.03,40.2,28.37,Normal Sales,Normal Sales,0,1,147.0,72,2.2,Diwali Sale
2026-10-13 22:00:00,953.08,564.0,33.03,51.39,40.75,24.45,Normal Sales,Normal Sales,0,1,146.0,72,2.2,Diwali Sale
2026-10-13 23:00:00,920.6,566.72,27.11,52.82,38.24,25.63,Normal Sales,Normal Sales,0,1,145.0,72,2.2,Diwali Sale
2026-10-14 00:00:00,425.31,258.07,11.86,36.78,28.17,13.98,Normal Sales,Normal Sales,0,1,144.0,72,2.2,Diwali Sale
2026-10-14 01:00:00,434.63,232.98,15.32,32.9,31.95,16.69,Normal Sales,Normal Sales,0,1,143.0,72,2.2,Diwali Sale
2026-10-14 02:00:00,399.23,238.12,11.34,34.93,29.3,18.97,Normal Sales,Normal Sales,0,1,142.0,72,2.2,Diwali Sale
2026-10-14 03:00:00,437.35,249.12,14.46,30.47,31.09,17.31,Normal Sales,Normal Sales,0,1,141.0,72,2.2,Diwali Sale
2026-10-14 04:00:00,401.94,253.15,11.49,34.93,28.67,15.79,Normal Sales,Normal Sales,0,1,140.0,72,2.2,Diwali Sale
2026-10-14 05:00:00,411.16,245.61,14.22,32.55,27.74,20.11,Normal Sales,Normal Sales,0,1,139.0,72,2.2,Diwali Sale
2026-10-14 06:00:00,593.15,373.79,24.96,42.78,34.5,18.6,Normal Sales,Normal Sales,0,1,138.0,72,2.2,Diwali Sale
2026-10-14 07:00:00,560.7,376.68,19.91,39.02,31.24,22.31,Normal Sales,Normal Sales,0,1,137.0,72,2.2,Diwali Sale
2026-10-14 08:00:00,635.82,432.3,22.88,44.15,34.62,24.57,Normal Sales,Normal Sales,0,1,136.0,72,2.2,Diwali Sale
2026-10-14 09:00:00,786.41,466.97,28.32,45.55,36.67,24.03,Normal Sales,Normal Sales,0,1,135.0,72,2.2,Diwali Sale
2026-10-14 10:00:00,757.59,480.09,26.01,43.68,41.63,21.99,Normal Sales,Normal Sales,0,1,134.0,72,2.2,Diwali Sale
2026-10-14 11:00:00,800.46,497.7,25.32,45.96,34.92,28.58,Normal Sales,Normal Sales,0,1,133.0,72,2.2,Diwali Sale
2026-10-14 12:00:00,776.03,476.57,30.1,43.59,39.78,25.1,Normal Sales,Normal Sales,0,1,132.0,72,2.2,Diwali Sale
2026-10-14 13:00:00,792.11,481.83,27.37,46.11,37.54,22.83,Normal Sales,Normal Sales,0,1,131.0,72,2.2,Diwali Sale
2026-10-14 14:00:00,847.77,517.91,32.41,45.82,37.45,25.01,Normal Sales,Normal Sales,0,1,130.0,72,2.2,Diwali Sale
2026-10-14 15:00:00,814.79,515.97,25.8,45.02,35.58,21.62,Normal Sales,Normal Sales,0,1,129.0,72,2.2,Diwali Sale
2026-10-14 16:00:00,934.85,592.65,34.44,54.23,39.56,26.76,Normal Sales,Normal Sales,0,1,128.0,72,2.2,Diwali Sale
2026-10-14 17:00:00,1312.57,854.75,44.5,73.26,43.68,32.44,Normal Sales,Normal Sales,0,1,127.0,72,2.2,Diwali Sale
2026-10-14 18:00:00,1253.88,781.55,46.91,65.73,46.14,33.61,Normal Sales,Normal Sales,0,1,126.0,72,2.2,Diwali Sale
2026-10-14 19:00:00,1270.85,771.04,43.38,63.03,43.92,33.8,Normal Sales,Normal Sales,0,1,125.0,72,2.2,Diwali Sale
2026-10-14 20:00:00,1245.85,744.41,39.02,62.8,47.28,31.57,Normal Sales,Normal Sales,0,1,124.0,72,2.2,Diwali Sale
2026-10-14 21:00:00,995.26,596.8,33.01,51.99,40.53,26.7,Normal Sales,Normal Sales,0,1,123.0,72,2.2,Diwali Sale
2026-10-14 22:00:00,939.58,601.33,31.05,49.33,38.4,28.8,Normal Sales,Normal Sales,0,1,122.0,72,2.2,Diwali Sale
2026-10-14 23:00:00,988.12,568.05,32.44,51.35,39.96,25.72,Normal Sales,Normal Sales,0,1,121.0,72,2.2,Diwali Sale
2026-10-15 00:00:00,388.83,245.41,10.96,31.28,29.91,19.68,Normal Sales,Normal Sales,0,1,120.0,72,2.2,Diwali Sale
2026-10-15 01:00:00,417.44,276.46,12.81,33.51,32.16,21.4,Normal Sales,Normal Sales,0,1,119.0,72,2.2,Diwali Sale
2026-10-15 02:00:00,392.88,222.56,13.25,35.19,31.25,15.34,Normal Sales,Normal Sales,0,1,118.0,72,2.2,Diwali Sale
2026-10-15 03:00:00,393.9,247.59,14.33,31.74,28.54,20.39,Normal Sales,Normal Sales,0,1,117.0,72,2.2,Diwali Sale
2026-10-15 04:00:00,409.35,266.97,11.14,36.29,29.59,21.36,Normal Sales,Normal Sales,0,1,116.0,72,2.2,Diwali Sale
2026-10-15 05:00:00,429.38,230.5,13.17,35.95,30.1,21.08,Normal Sales,Normal Sales,0,1,115.0,72,2.2,Diwali Sale
2026-10-15 06:00:00,613.38,413.81,23.08,41.22,38.1,23.79,Normal Sales,Normal Sales,0,1,114.0,72,2.2,Diwali Sale
2026-10-15 07:00:00,594.69,379.31,19.73,40.1,36.5,21.16,Normal Sales,Normal Sales,0,1,113.0,72,2.2,Diwali Sale
2026-10-15 08:00:00,575.46,332.61,18.44,35.55,30.92,17.92,Normal Sales,Normal Sales,0,1,112.0,72,2.2,Diwali Sale
2026-10-15 09:00:00,833.17,513.01,28.33,45.33,37.0,23.6,Normal Sales,Normal Sales,0,1,111.0,72,2.2,Diwali Sale
2026-10-15 10:00:00,776.05,439.69,26.36,43.95,37.6,24.82,Normal Sales,Normal Sales,0,1,110.0,72,2.2,Diwali Sale
2026-10-15 11:00:00,819.9,493.96,28.38,48.27,38.57,26.47,Normal Sales,Normal Sales,0,1,109.0,72,2.2,Diwali Sale
2026-10-15 12:00:00,818.4,525.59,31.64,48.27,38.03,26.78,Normal Sales,Normal Sales,0,1,108.0,72,2.2,Diwali Sale
2026-10-15 13:00:00,871.67,552.48,29.27,44.14,40.01,22.71,Normal Sales,Normal Sales,0,1,107.0,72,2.2,Diwali Sale
2026-10-15 14:00:00,848.77,546.74,31.73,52.33,34.39,26.26,Normal Sales,Normal Sales,0,1,106.0,72,2.2,Diwali Sale
2026-10-15 15:00:00,868.19,562.98,33.92,47.01,38.79,27.74,Normal Sales,Normal Sales,0,1,105.0,72,2.2,Diwali Sale
2026-10-15 16:00:00,864.65,579.73,31.08,50.25,36.55,26.8,Normal Sales,Normal Sales,0,1,104.0,72,2.2,Diwali Sale
2026-10-15 17:00:00,1061.23,651.77,38.39,52.33,38.8,30.53,Normal Sales,Normal Sales,0,1,103.0,72,2.2,Diwali Sale
2026-10-15 18:00:00,1328.06,789.51,46.89,65.23,48.67,30.15,Normal Sales,Normal Sales,0,1,102.0,72,2.2,Diwali Sale
2026-10-15 19:00:00,1342.9,825.89,44.8,67.11,46.05,29.61,Normal Sales,Normal Sales,0,1,101.0,72,2.2,Diwali Sale
2026-10-15 20:00:00,1258.08,772.05,40.93,65.91,50.17,29.46,Normal Sales,Normal Sales,0,1,100.0,72,2.2,Diwali Sale
2026-10-15 21:00:00,981.7,598.69,37.5,54.02,42.54,29.33,Normal Sales,Normal Sales,0,1,99.0,72,2.2,Diwali Sale
2026-10-15 22:00:00,978.42,601.96,36.15,54.86,38.94,25.6,Normal Sales,Normal Sales,0,1,98.0,72,2.2,Diwali Sale
2026-10-15 23:00:00,953.16,619.94,37.04,58.9,38.79,27.78,Normal Sales,Normal Sales,0,1,97.0,72,2.2,Diwali Sale
2026-10-16 00:00:00,408.47,248.69,15.54,32.34,33.58,17.18,Normal Sales,Normal Sales,0,1,96.0,72,2.2,Diwali Sale
2026-10-16 01:00:00,432.26,256.93,10.46,30.47,31.6,22.27,Normal Sales,Normal Sales,0,1,95.0,72,2.2,Diwali Sale
2026-10-16 02:00:00,407.23,248.25,14.63,30.93,29.96,18.35,Normal Sales,Normal Sales,0,1,94.0,72,2.2,Diwali Sale
2026-10-16 03:00:00,407.71,208.21,10.15,32.17,32.22,19.88,Normal Sales,Normal Sales,0,1,93.0,72,2.2,Diwali Sale
2026-10-16 04:00:00,442.98,252.14,12.38,31.14,31.23,17.06,Normal Sales,Normal Sales,0,1,92.0,72,2.2,Diwali Sale
2026-10-16 05:00:00,413.17,234.36,14.46,29.48,29.03,18.9,Normal Sales,Normal Sales,0,1,91.0,72,2.2,Diwali Sale
2026-10-16 06:00:00,623.8,381.13,22.7,42.13,38.4,22.99,Normal Sales,Normal Sales,0,1,90.0,72,2.2,Diwali Sale
2026-10-16 07:00:00,653.45,406.69,25.17,45.08,34.82,20.79,Normal Sales,Normal Sales,0,1,89.0,72,2.2,Diwali Sale
2026-10-16 08:00:00,586.63,374.09,18.28,38.39,36.37,22.69,Normal Sales,Normal Sales,0,1,88.0,72,2.2,Diwali Sale
2026-10-16 09:00:00,694.7,397.4,26.17,44.39,34.64,18.96,Normal Sales,Normal Sales,0,1,87.0,72,2.2,Diwali Sale
2026-10-16 10:00:00,738.12,470.36,29.82,49.85,33.4,23.17,Normal Sales,Normal Sales,0,1,86.0,72,2.2,Diwali Sale
2026-10-16 11:00:00,753.57,470.64,23.22,43.84,35.08,24.81,Normal Sales,Normal Sales,0,1,85.0,72,2.2,Diwali Sale
2026-10-16 12:00:00,767.04,466.29,26.67,49.23,41.27,24.57,Normal Sales,Normal Sales,0,1,84.0,72,2.2,Diwali Sale
2026-10-16 13:00:00,876.04,576.05,34.02,53.14,35.73,28.82,Normal Sales,Normal Sales,0,1,83.0,72,2.2,Diwali Sale
2026-10-16 14:00:00,895.69,532.99,27.97,50.61,34.2,25.07,Normal Sales,Normal Sales,0,1,82.0,72,2.2,Diwali Sale
2026-10-16 15:00:00,851.11,508.77,27.07,44.0,40.57,20.46,Normal Sales,Normal Sales,0,1,81.0,72,2.2,Diwali Sale
2026-10-16 16:00:00,887.38,528.99,33.06,48.96,34.84,26.32,Normal Sales,Normal Sales,0,1,80.0,72,2.2,Diwali Sale
2026-10-16 17:00:00,1182.12,757.54,42.9,65.23,44.47,32.58,Normal Sales,Normal Sales,0,1,79.0,72,2.2,Diwali Sale
2026-10-16 18:00:00,1253.11,762.18,44.05,59.25,45.23,29.92,Normal Sales,Normal Sales,0,1,78.0,72,2.2,Diwali Sale
2026-10-16 19:00:00,1303.08,784.24,42.32,63.83,49.13,30.54,Normal Sales,Normal Sales,0,1,77.0,72,2.2,Diwali Sale
2026-10-16 20:00:00,1225.37,726.02,37.97,61.51,44.9,30.25,Normal Sales,Normal Sales,0,1,76.0,72,2.2,Diwali Sale
2026-10-16 21:00:00,1057.23,613.68,38.39,57.02,41.32,28.12,Normal Sales,Normal Sales,0,1,75.0,72,2.2,Diwali Sale
2026-10-16 22:00:00,939.35,590.38,36.77,50.47,39.5,25.25,Normal Sales,Normal Sales,0,1,74.0,72,2.2,Diwali Sale
2026-10-16 23:00:00,943.57,574.95,29.43,50.76,40.15,25.57,Normal Sales,Normal Sales,0,1,73.0,72,2.2,Diwali Sale
2026-10-17 00:00:00,488.1,298.76,16.34,40.09,32.35,21.34,Weekend Sales,Weekend Sales,0,1,72.0,72,2.2,Diwali Sale
2026-10-17 01:00:00,539.75,367.1,18.3,40.1,34.86,22.56,Weekend Sales,Weekend Sales,0,1,71.0,72,2.2,Diwali Sale
2026-10-17 02:00:00,611.17,364.32,22.86,42.17,34.49,24.79,Weekend Sales,Weekend Sales,0,1,70.0,72,2.2,Diwali Sale
2026-10-17 03:00:00,547.45,339.98,18.69,34.5,34.83,21.71,Weekend Sales,Weekend Sales,0,1,69.0,72,2.2,Diwali Sale
2026-10-17 04:00:00,548.61,384.2,20.26,35.35,37.13,23.63,Weekend Sales,Weekend Sales,0,1,68.0,72,2.2,Diwali Sale
2026-10-17 05:00:00,568.76,344.14,19.61,34.89,33.22,18.8,Weekend Sales,Weekend Sales,0,1,67.0,72,2.2,Diwali Sale
2026-10-17 06:00:00,807.03,523.45,26.69,49.82,38.12,26.45,Weekend Sales,Weekend Sales,0,1,66.0,72,2.2,Diwali Sale
2026-10-17 07:00:00,786.95,505.51,26.41,42.84,34.47,23.63,Weekend Sales,Weekend Sales,0,1,65.0,72,2.2,Diwali Sale
2026-10-17 08:00:00,732.37,492.83,26.94,48.33,38.02,24.33,Weekend Sales,Weekend Sales,0,1,64.0,72,2.2,Diwali Sale
2026-10-17 09:00:00,1225.91,833.26,48.61,63.04,47.71,29.33,Weekend Sales,Weekend Sales,0,1,63.0,72,2.2,Diwali Sale
2026-10-17 10:00:00,1114.46,627.06,33.85,58.16,43.72,24.72,Weekend Sales,Weekend Sales,0,1,62.0,72,2.2,Diwali Sale
2026-10-17 11:00:00,1050.58,661.0,36.76,55.13,43.57,30.81,Weekend Sales,Weekend Sales,0,1,61.0,72,2.2,Diwali Sale
2026-10-17 12:00:00,1033.68,678.87,37.03,55.59,44.29,31.61,Weekend Sales,Weekend Sales,0,1,60.0,72,2.2,Diwali Sale
2026-10-17 13:00:00,1128.17,680.33,40.95,57.38,43.19,28.5,Weekend Sales,Weekend Sales,0,1,59.0,72,2.2,Diwali Sale
2026-10-17 14:00:00,1241.2,823.15,45.41,71.02,43.99,32.01,Weekend Sales,Weekend Sales,0,1,58.0,72,2.2,Diwali Sale
2026-10-17 15:00:00,1203.45,725.71,41.23,58.99,41.37,26.66,Weekend Sales,Weekend Sales,0,1,57.0,72,2.2,Diwali Sale
2026-10-17 16:00:00,1145.41,720.6,36.91,60.04,43.83,29.68,Weekend Sales,Weekend Sales,0,1,56.0,72,2.2,Diwali Sale
2026-10-17 17:00:00,1577.86,984.28,53.85,77.37,48.24,36.83,Weekend Sales,Weekend Sales,0,1,55.0,72,2.2,Diwali Sale
2026-10-17 18:00:00,1549.27,954.62,50.31,71.06,50.33,34.73,Weekend Sales,Weekend Sales,0,1,54.0,72,2.2,Diwali Sale
2026-10-17 19:00:00,1775.81,1130.48,63.79,85.04,54.45,42.87,Weekend Sales,Weekend Sales,0,1,53.0,72,2.2,Diwali Sale
2026-10-17 20:00:00,1630.16,1063.68,56.62,76.08,48.92,36.15,Weekend Sales,Weekend Sales,0,1,52.0,72,2.2,Diwali Sale
2026-10-17 21:00:00,1181.98,738.18,42.31,60.76,41.32,29.52,Weekend Sales,Weekend Sales,0,1,51.0,72,2.2,Diwali Sale
2026-10-17 22:00:00,1340.96,822.85,43.66,61.97,45.95,31.17,Weekend Sales,Weekend Sales,0,1,50.0,72,2.2,Diwali Sale
2026-10-17 23:00:00,1281.26,806.29,43.78,65.0,46.73,29.7,Weekend Sales,Weekend Sales,0,1,49.0,72,2.2,Diwali Sale
2026-10-18 00:00:00,603.79,355.81,20.6,36.0,34.48,21.19,Weekend Sales,Weekend Sales,0,1,48.0,72,2.2,Diwali Sale
2026-10-18 01:00:00,597.53,364.65,22.65,39.92,37.86,17.56,Weekend Sales,Weekend Sales,0,1,47.0,72,2.2,Diwali Sale
2026-10-18 02:00:00,565.06,283.51,15.48,37.83,36.5,20.57,Weekend Sales,Weekend Sales,0,1,46.0,72,2.2,Diwali Sale
2026-10-18 03:00:00,543.74,350.75,24.32,38.32,35.17,19.91,Weekend Sales,Weekend Sales,0,1,45.0,72,2.2,Diwali Sale
2026-10-18 04:00:00,581.28,383.05,19.85,41.83,35.53,23.06,Weekend Sales,Weekend Sales,0,1,44.0,72,2.2,Diwali Sale
2026-10-18 05:00:00,550.62,372.11,18.6,39.17,33.58,23.65,Weekend Sales,Weekend Sales,0,1,43.0,72,2.2,Diwali Sale
2026-10-18 06:00:00,758.47,476.28,25.21,45.77,37.68,21.35,Weekend Sales,Weekend Sales,0,1,42.0,72,2.2,Diwali Sale
2026-10-18 07:00:00,847.35,536.05,27.77,48.05,41.39,26.23,Weekend Sales,Weekend Sales,0,1,41.0,72,2.2,Diwali Sale
2026-10-18 08:00:00,758.53,450.7,26.04,46.21,37.62,22.68,Weekend Sales,Weekend Sales,0,1,40.0,72,2.2,Diwali Sale
2026-10-18 09:00:00,1084.4,664.53,34.84,60.55,43.41,27.04,Weekend Sales,Weekend Sales,0,1,39.0,72,2.2,Diwali Sale
2026-10-18 10:00:00,1049.2,651.19,35.12,56.28,39.98,30.03,Weekend Sales,Weekend Sales,0,1,38.0,72,2.2,Diwali Sale
2026-10-18 11:00:00,1041.88,605.73,32.86,52.05,35.73,26.83,Weekend Sales,Weekend Sales,0,1,37.0,72,2.2,Diwali Sale
2026-10-18 12:00:00,1096.23,676.97,38.65,57.25,41.72,27.46,Weekend Sales,Weekend Sales,0,1,36.0,72,2.2,Diwali Sale
2026-10-18 13:00:00,1090.1,699.01,39.91,57.48,38.48,30.42,Weekend Sales,Weekend Sales,0,1,35.0,72,2.2,Diwali Sale
2026-10-18 14:00:00,1112.12,693.11,35.04,58.32,42.64,24.51,Weekend Sales,Weekend Sales,0,1,34.0,72,2.2,Diwali Sale
2026-10-18 15:00:00,1259.05,772.47,41.97,64.17,45.3,32.04,Weekend Sales,Weekend Sales,0,1,33.0,72,2.2,Diwali Sale
2026-10-18 16:00:00,1098.16,677.31,33.43,56.67,45.56,25.92,Weekend Sales,Weekend Sales,0,1,32.0,72,2.2,Diwali Sale
2026-10-18 17:00:00,1626.23,955.17,52.55,75.16,52.41,34.68,Weekend Sales,Weekend Sales,0,1,31.0,72,2.2,Diwali Sale
2026-10-18 18:00:00,1477.8,885.2,51.2,71.85,48.94,34.45,Weekend Sales,Weekend Sales,0,1,30.0,72,2.2,Diwali Sale
2026-10-18 19:00:00,1570.21,1005.8,53.88,76.92,48.04,36.79,Weekend Sales,Weekend Sales,0,1,29.0,72,2.2,Diwali Sale
2026-10-18 20:00:00,1758.59,1066.65,60.16,77.37,52.09,38.65,Weekend Sales,Weekend Sales,0,1,28.0,72,2.2,Diwali Sale
2026-10-18 21:00:00,1349.97,829.53,46.86,68.99,45.41,29.69,Weekend Sales,Weekend Sales,0,1,27.0,72,2.2,Diwali Sale
2026-10-18 22:00:00,1264.54,815.84,43.25,67.37,44.97,35.91,Weekend Sales,Weekend Sales,0,1,26.0,72,2.2,Diwali Sale
2026-10-18 23:00:00,1431.97,913.61,46.96,64.56,48.47,36.65,Weekend Sales,Weekend Sales,0,1,25.0,72,2.2,Diwali Sale
2026-10-19 00:00:00,427.86,247.18,10.62,34.87,34.99,16.84,Normal Sales,Normal Sales,0,1,24.0,72,2.2,Diwali Sale
2026-10-19 01:00:00,434.63,334.54,18.02,36.11,32.51,19.79,Normal Sales,Normal Sales,0,1,23.0,72,2.2,Diwali Sale
2026-10-19 02:00:00,445.35,266.02,14.57,29.93,31.1,16.64,Normal Sales,Normal Sales,0,1,22.0,72,2.2,Diwali Sale
2026-10-19 03:00:00,424.63,221.66,14.15,29.19,34.79,20.28,Normal Sales,Normal Sales,0,1,21.0,72,2.2,Diwali Sale
2026-10-19 04:00:00,428.58,227.27,11.24,29.42,29.74,20.84,Normal Sales,Normal Sales,0,1,20.0,72,2.2,Diwali Sale
2026-10-19 05:00:00,414.22,240.37,11.72,30.8,32.11,14.76,Normal Sales,Normal Sales,0,1,19.0,72,2.2,Diwali Sale
2026-10-19 06:00:00,605.87,386.23,17.77,36.68,34.2,24.54,Normal Sales,Normal Sales,0,1,18.0,72,2.2,Diwali Sale
2026-10-19 07:00:00,639.17,381.08,23.78,39.46,34.21,21.71,Normal Sales,Normal Sales,0,1,17.0,72,2.2,Diwali Sale
2026-10-19 08:00:00,628.22,374.27,19.79,36.75,35.38,23.22,Normal Sales,Normal Sales,0,1,16.0,72,2.2,Diwali Sale
2026-10-19 09:00:00,827.64,478.97,25.58,49.29,38.53,24.04,Normal Sales,Normal Sales,0,1,15.0,72,2.2,Diwali Sale
2026-10-19 10:00:00,788.84,502.62,28.22,45.49,39.17,22.16,Normal Sales,Normal Sales,0,1,14.0,72,2.2,Diwali Sale
2026-10-19 11:00:00,840.55,498.74,28.53,46.76,37.34,27.18,Normal Sales,Normal Sales,0,1,13.0,72,2.2,Diwali Sale
2026-10-19 12:00:00,817.71,505.51,31.29,49.74,36.29,20.12,Normal Sales,Normal Sales,0,1,12.0,72,2.2,Diwali Sale
2026-10-19 13:00:00,885.89,583.84,33.33,55.29,37.86,26.36,Normal Sales,Normal Sales,0,1,11.0,72,2.2,Diwali Sale
2026-10-19 14:00:00,877.09,549.83,31.78,53.84,42.6,29.08,Normal Sales,Normal Sales,0,1,10.0,72,2.2,Diwali Sale
2026-10-19 15:00:00,910.66,556.06,31.03,51.95,39.75,24.07,Normal Sales,Normal Sales,0,1,9.0,72,2.2,Diwali Sale
2026-10-19 16:00:00,860.81,555.4,30.05,49.94,38.48,24.1,Normal Sales,Normal Sales,0,1,8.0,72,2.2,Diwali Sale
2026-10-19 17:00:00,1241.48,758.28,40.32,59.41,44.9,32.19,Normal Sales,Normal Sales,0,1,7.0,72,2.2,Diwali Sale
2026-10-19 18:00:00,1322.37,785.01,46.39,64.64,44.23,30.82,Normal Sales,Normal Sales,0,1,6.0,72,2.2,Diwali Sale
2026-10-19 19:00:00,1134.66,662.95,39.9,55.16,44.36,28.35,Normal Sales,Normal Sales,0,1,5.0,72,2.2,Diwali Sale
2026-10-19 20:00:00,1253.32,786.26,39.08,66.7,45.11,30.65,Normal Sales,Normal Sales,0,1,4.0,72,2.2,Diwali Sale
2026-10-19 21:00:00,996.73,599.94,33.41,52.56,42.37,26.57,Normal Sales,Normal Sales,0,1,3.0,72,2.2,Diwali Sale
2026-10-19 22:00:00,923.78,581.8,31.46,47.02,40.1,25.47,Normal Sales,Normal Sales,0,1,2.0,72,2.2,Diwali Sale
2026-10-19 23:00:00,990.78,592.91,30.2,55.56,42.53,26.81,Normal Sales,Normal Sales,0,1,1.0,72,2.2,Diwali Sale
2026-10-20 00:00:00,938.83,602.33,33.11,49.59,40.56,29.06,Diwali Sale,Diwali Sale,1,0,-1.0,0,2.2,
2026-10-20 01:00:00,945.97,587.98,33.47,51.47,42.17,29.39,Diwali Sale,Diwali Sale,1,0,-1.0,0,2.2,
2026-10-20 02:00:00,859.18,560.59,35.31,51.41,40.57,24.72,Diwali Sale,Diwali Sale,1,0,-1.0,0,2.2,
2026-10-20 03:00:00,895.58,550.02,29.45,46.64,38.88,27.42,Diwali Sale,Diwali Sale,1,0,-1.0,0,2.2,
2026-10-20 04:00:00,859.07,537.1,29.84,48.29,39.6,26.23,Diwali Sale,Diwali Sale,1,0,-1.0,0,2.2,
2026-10-20 05:00:00,901.61,585.52,33.32,55.5,39.19,25.99,Diwali Sale,Diwali Sale,1,0,-1.0,0,2.2,
2026-10-20 06:00:00,1313.21,843.65,46.1,66.25,50.25,30.4,Diwali Sale,Diwali Sale,1,0,-1.0,0,2.2,
2026-10-20 07:00:00,1350.72,835.91,45.47,64.04,45.63,32.08,Diwali Sale,Diwali Sale,1,0,-1.0,0,2.2,
2026-10-20 08:00:00,1359.93,864.47,43.99,64.78,48.21,34.88,Diwali Sale,Diwali Sale,1,0,-1.0,0,2.2,
2026-10-20 09:00:00,1608.36,1019.04,56.02,78.59,49.64,34.7,Diwali Sale,Diwali Sale,1,0,-1.0,0,2.2,
2026-10-20 10:00:00,1708.58,1052.71,57.26,78.07,56.43,34.92,Diwali Sale,Diwali Sale,1,0,-1.0,0,2.2,
2026-10-20 11:00:00,1662.05,1020.01,56.15,78.97,53.99,39.65,Diwali Sale,Diwali Sale,1,0,-1.0,0,2.2,
2026-10-20 12:00:00,1777.13,1058.57,54.89,82.72,56.38,39.74,Diwali Sale,Diwali Sale,1,0,-1.0,0,2.2,
2026-10-20 13:00:00,1859.97,1145.12,62.18,81.85,56.14,44.94,Diwali Sale,Diwali Sale,1,0,-1.0,0,2.2,
2026-10-20 14:00:00,1891.46,1205.12,64.51,83.52,58.13,41.69,Diwali Sale,Diwali Sale,1,0,-1.0,0,2.2,
2026-10-20 15:00:00,2062.8,1315.71,71.81,97.07,57.32,43.11,Diwali Sale,Diwali Sale,1,0,-1.0,0,2.2,
2026-10-20 16:00:00,2043.5,1228.28,67.55,92.74,61.37,41.84,Diwali Sale,Diwali Sale,1,0,-1.0,0,2.2,
2026-10-20 17:00:00,2895.24,1766.98,95.85,98.0,73.97,54.08,Diwali Sale,Diwali Sale,1,0,-1.0,0,2.2,
2026-10-20 18:00:00,3012.8,1821.0,100.26,98.0,71.72,60.17,Diwali Sale,Diwali Sale,1,0,-1.0,0,2.2,
2026-10-20 19:00:00,2654.12,1648.01,91.3,98.0,66.98,56.33,Diwali Sale,Diwali Sale,1,0,-1.0,0,2.2,
2026-10-20 20:00:00,2747.09,1635.77,89.36,98.0,71.14,48.9,Diwali Sale,Diwali Sale,1,0,-1.0,0,2.2,
2026-10-20 21:00:00,2140.54,1306.32,72.29,95.17,61.19,47.47,Diwali Sale,Diwali Sale,1,0,-1.0,0,2.2,
2026-10-20 22:00:00,2378.47,1446.31,78.78,98.0,64.18,42.71,Diwali Sale,Diwali Sale,1,0,-1.0,0,2.2,
2026-10-20 23:00:00,2123.04,1347.14,71.3,96.16,56.28,47.42,Diwali Sale,Diwali Sale,1,0,-1.0,0,2.2,
2026-10-21 00:00:00,930.26,562.56,30.1,47.01,41.83,24.47,Diwali Sale,Diwali Sale,1,0,-1.0,0,2.2,
2026-10-21 01:00:00,942.15,560.08,35.2,54.64,44.16,30.38,Diwali Sale,Diwali Sale,1,0,-1.0,0,2.2,
2026-10-21 02:00:00,889.99,529.69,33.19,48.6,40.8,24.0,Diwali Sale,Diwali Sale,1,0,-1.0,0,2.2,
2026-10-21 03:00:00,891.38,573.41,27.6,52.89,40.2,25.27,Diwali Sale,Diwali Sale,1,0,-1.0,0,2.2,
2026-10-21 04:00:00,920.27,575.09,32.1,52.97,38.01,31.77,Diwali Sale,Diwali Sale,1,0,-1.0,0,2.2,
2026-10-21 05:00:00,909.71,560.75,34.73,45.94,43.33,26.21,Diwali Sale,Diwali Sale,1,0,-1.0,0,2.2,
2026-10-21 06:00:00,1292.47,773.34,40.0,62.29,46.53,32.58,Diwali Sale,Diwali Sale,1,0,-1.0,0,2.2,
2026-10-21 07:00:00,1345.33,821.35,47.85,72.41,49.86,31.82,Diwali Sale,Diwali Sale,1,0,-1.0,0,2.2,
2026-10-21 08:00:00,1361.0,857.97,50.4,66.65,45.21,35.72,Diwali Sale,Diwali Sale,1,0,-1.0,0,2.2,
2026-10-21 09:00:00,1771.46,1070.58,60.29,84.94,52.73,36.98,Diwali Sale,Diwali Sale,1,0,-1.0,0,2.2,
2026-10-21 10:00:00,1738.79,1095.06,60.08,84.02,54.08,41.4,Diwali Sale,Diwali Sale,1,0,-1.0,0,2.2,
2026-10-21 11:00:00,1673.61,1006.94,54.7,73.34,53.27,33.14,Diwali Sale,Diwali Sale,1,0,-1.0,0,2.2,
2026-10-21 12:00:00,1696.88,1044.92,55.38,77.83,52.86,40.66,Diwali Sale,Diwali Sale,1,0,-1.0,0,2.2,
2026-10-21 13:00:00,1839.46,1149.4,64.33,84.39,54.27,38.46,Diwali Sale,Diwali Sale,1,0,-1.0,0,2.2,
2026-10-21 14:00:00,2124.64,1319.09,71.92,98.0,60.56,50.06,Diwali Sale,Diwali Sale,1,0,-1.0,0,2.2,
2026-10-21 15:00:00,1803.02,1111.95,58.42,82.16,54.4,38.88,Diwali Sale,Diwali Sale,1,0,-1.0,0,2.2,
2026-10-21 16:00:00,1945.66,1196.08,65.56,85.5,59.96,39.68,Diwali Sale,Diwali Sale,1,0,-1.0,0,2.2,
2026-10-21 17:00:00,2786.74,1697.96,91.72,98.0,71.11,54.8,Diwali Sale,Diwali Sale,1,0,-1.0,0,2.2,
2026-10-21 18:00:00,2604.87,1604.68,86.28,98.0,70.55,49.33,Diwali Sale,Diwali Sale,1,0,-1.0,0,2.2,
2026-10-21 19:00:00,2767.76,1758.46,99.13,98.0,71.02,57.43,Diwali Sale,Diwali Sale,1,0,-1.0,0,2.2,
2026-10-21 20:00:00,2808.39,1776.77,97.45,98.0,71.09,60.21,Diwali Sale,Diwali Sale,1,0,-1.0,0,2.2,
2026-10-21 21:00:00,2127.34,1278.48,70.47,94.46,63.42,41.97,Diwali Sale,Diwali Sale,1,0,-1.0,0,2.2,
2026-10-21 22:00:00,1957.63,1226.15,68.37,85.31,56.62,42.08,Diwali Sale,Diwali Sale,1,0,-1.0,0,2.2,
2026-10-21 23:00:00,2232.96,1374.09,74.7,97.98,59.2,50.15,Diwali Sale,Diwali Sale,1,0,-1.0,0,2.2,
2026-10-22 00:00:00,962.54,579.23,29.62,49.17,41.54,24.46,Diwali Sale,Diwali Sale,1,0,-1.0,0,2.2,
2026-10-22 01:00:00,908.12,520.77,29.72,50.15,39.07,25.41,Diwali Sale,Diwali Sale,1,0,-1.0,0,2.2,
2026-10-22 02:00:00,956.18,597.0,34.4,49.59,41.01,27.31,Diwali Sale,Diwali Sale,1,0,-1.0,0,2.2,
2026-10-22 03:00:00,974.85,605.17,33.09,51.64,43.55,22.42,Diwali Sale,Diwali Sale,1,0,-1.0,0,2.2,
2026-10-22 04:00:00,943.09,584.21,31.76,51.01,39.92,27.56,Diwali Sale,Diwali Sale,1,0,-1.0,0,2.2,
2026-10-22 05:00:00,883.03,550.86,31.0,47.47,40.02,26.49,Diwali Sale,Diwali Sale,1,0,-1.0,0,2.2,
2026-10-22 06:00:00,1275.23,760.94,40.23,62.78,45.53,33.81,Diwali Sale,Diwali Sale,1,0,-1.0,0,2.2,
2026-10-22 07:00:00,1303.91,786.2,44.55,61.36,44.58,30.1,Diwali Sale,Diwali Sale,1,0,-1.0,0,2.2,
2026-10-22 08:00:00,1129.23,714.29,41.17,61.47,46.97,32.87,Diwali Sale,Diwali Sale,1,0,-1.0,0,2.2,
2026-10-22 09:00:00,1707.99,1086.69,59.57,79.5,51.52,38.63,Diwali Sale,Diwali Sale,1,0,-1.0,0,2.2,
2026-10-22 10:00:00,1765.57,1134.18,63.84,81.23,51.93,41.49,Diwali Sale,Diwali Sale,1,0,-1.0,0,2.2,
2026-10-22 11:00:00,1815.37,1156.22,63.05,85.73,56.57,38.2,Diwali Sale,Diwali Sale,1,0,-1.0,0,2.2,
2026-10-22 12:00:00,1761.12,1114.51,62.32,82.04,59.16,43.72,Diwali Sale,Diwali Sale,1,0,-1.0,0,2.2,
2026-10-22 13:00:00,1942.26,1199.46,67.37,87.37,59.56,39.45,Diwali Sale,Diwali Sale,1,0,-1.0,0,2.2,
2026-10-22 14:00:00,1917.99,1206.28,68.35,83.92,54.7,38.8,Diwali Sale,Diwali Sale,1,0,-1.0,0,2.2,
2026-10-22 15:00:00,1856.59,1119.16,62.63,83.79,55.25,40.03,Diwali Sale,Diwali Sale,1,0,-1.0,0,2.2,
2026-10-22 16:00:00,2057.27,1249.45,64.86,92.46,58.19,41.2,Diwali Sale,Diwali Sale,1,0,-1.0,0,2.2,
2026-10-22 17:00:00,2835.18,1708.62,92.26,98.0,72.72,57.86,Diwali Sale,Diwali Sale,1,0,-1.0,0,2.2,
2026-10-22 18:00:00,2679.7,1641.63,93.86,98.0,74.32,53.36,Diwali Sale,Diwali Sale,1,0,-1.0,0,2.2,
2026-10-22 19:00:00,2790.03,1765.94,96.83,98.0,66.59,59.62,Diwali Sale,Diwali Sale,1,0,-1.0,0,2.2,
2026-10-22 20:00:00,2812.68,1741.18,97.58,98.0,70.71,56.64,Diwali Sale,Diwali Sale,1,0,-1.0,0,2.2,
2026-10-22 21:00:00,2150.43,1344.43,74.44,97.28,57.92,48.17,Diwali Sale,Diwali Sale,1,0,-1.0,0,2.2,
2026-10-22 22:00:00,2093.79,1299.59,70.28,92.51,60.05,45.96,Diwali Sale,Diwali Sale,1,0,-1.0,0,2.2,
2026-10-22 23:00:00,2242.39,1401.1,75.87,98.0,62.6,47.15,Diwali Sale,Diwali Sale,1,0,-1.0,0,2.2,
2026-10-23 00:00:00,429.36,234.31,8.83,34.95,31.04,18.69,Normal Sales,Normal Sales,0,0,-1.0,0,1.0,
2026-10-23 01:00:00,400.05,279.59,16.08,33.33,31.37,15.51,Normal Sales,Normal Sales,0,0,-1.0,0,1.0,
2026-10-23 02:00:00,425.99,301.29,17.2,35.43,30.61,21.7,Normal Sales,Normal Sales,0,0,-1.0,0,1.0,
2026-10-23 03:00:00,443.93,264.44,15.26,34.03,32.35,17.07,Normal Sales,Normal Sales,0,0,-1.0,0,1.0,
2026-10-23 04:00:00,442.09,288.22,18.26,31.72,29.4,23.32,Normal Sales,Normal Sales,0,0,-1.0,0,1.0,
2026-10-23 05:00:00,442.18,253.77,15.69,31.79,28.12,14.14,Normal Sales,Normal Sales,0,0,-1.0,0,1.0,
2026-10-23 06:00:00,603.39,413.12,25.76,44.57,35.92,22.96,Normal Sales,Normal Sales,0,0,-1.0,0,1.0,
2026-10-23 07:00:00,638.85,345.81,21.0,35.87,33.03,22.04,Normal Sales,Normal Sales,0,0,-1.0,0,1.0,
2026-10-23 08:00:00,632.11,376.66,22.01,41.41,34.12,21.72,Normal Sales,Normal Sales,0,0,-1.0,0,1.0,
2026-10-23 09:00:00,872.1,533.67,28.86,49.37,38.46,26.92,Normal Sales,Normal Sales,0,0,-1.0,0,1.0,
2026-10-23 10:00:00,847.95,519.56,26.86,53.1,38.65,21.58,Normal Sales,Normal Sales,0,0,-1.0,0,1.0,
2026-10-23 11:00:00,863.47,563.51,34.2,53.85,43.97,24.01,Normal Sales,Normal Sales,0,0,-1.0,0,1.0,
2026-10-23 12:00:00,758.49,457.96,24.15,44.98,35.91,21.07,Normal Sales,Normal Sales,0,0,-1.0,0,1.0,
2026-10-23 13:00:00,844.25,516.09,30.67,46.54,39.97,22.26,Normal Sales,Normal Sales,0,0,-1.0,0,1.0,
2026-10-23 14:00:00,741.64,456.49,23.89,42.27,34.61,22.0,Normal Sales,Normal Sales,0,0,-1.0,0,1.0,
2026-10-23 15:00:00,839.27,497.93,24.67,41.8,33.85,29.37,Normal Sales,Normal Sales,0,0,-1.0,0,1.0,
2026-10-23 16:00:00,880.06,583.75,31.75,50.95,39.57,27.87,Normal Sales,Normal Sales,0,0,-1.0,0,1.0,
2026-10-23 17:00:00,1176.37,719.86,40.2,54.97,46.59,32.12,Normal Sales,Normal Sales,0,0,-1.0,0,1.0,
2026-10-23 18:00:00,1122.73,674.12,37.29,59.42,46.14,27.58,Normal Sales,Normal Sales,0,0,-1.0,0,1.0,
2026-10-23 19:00:00,1401.25,867.55,47.27,69.65,48.44,34.2,Normal Sales,Normal Sales,0,0,-1.0,0,1.0,
2026-10-23 20:00:00,1379.79,861.66,45.42,65.71,50.4,34.91,Normal Sales,Normal Sales,0,0,-1.0,0,1.0,
2026-10-23 21:00:00,899.85,517.77,28.53,50.04,37.94,21.58,Normal Sales,Normal Sales,0,0,-1.0,0,1.0,
2026-10-23 22:00:00,920.88,612.09,34.66,55.41,41.99,26.05,Normal Sales,Normal Sales,0,0,-1.0,0,1.0,
2026-10-23 23:00:00,957.58,589.5,33.26,54.91,44.02,28.37,Normal Sales,Normal Sales,0,0,-1.0,0,1.0,
2026-10-24 00:00:00,576.05,405.32,21.88,43.82,34.95,23.36,Weekend Sales,Weekend Sales,0,0,-1.0,0,1.0,
2026-10-24 01:00:00,547.38,304.52,17.44,36.96,32.15,19.42,Weekend Sales,Weekend Sales,0,0,-1.0,0,1.0,
2026-10-24 02:00:00,528.92,306.1,15.87,32.68,31.82,21.08,Weekend Sales,Weekend Sales,0,0,-1.0,0,1.0,
2026-10-24 03:00:00,593.6,419.92,22.3,44.65,34.76,22.02,Weekend Sales,Weekend Sales,0,0,-1.0,0,1.0,
2026-10-24 04:00:00,564.45,377.51,19.77,38.2,32.78,20.18,Weekend Sales,Weekend Sales,0,0,-1.0,0,1.0,
2026-10-24 05:00:00,586.49,344.53,17.77,38.97,34.43,19.79,Weekend Sales,Weekend Sales,0,0,-1.0,0,1.0,
2026-10-24 06:00:00,866.52,521.48,28.34,43.58,38.12,22.39,Weekend Sales,Weekend Sales,0,0,-1.0,0,1.0,
2026-10-24 07:00:00,762.62,423.93,21.53,42.99,36.48,21.77,Weekend Sales,Weekend Sales,0,0,-1.0,0,1.0,
2026-10-24 08:00:00,786.26,474.85,26.05,45.38,37.92,23.47,Weekend Sales,Weekend Sales,0,0,-1.0,0,1.0,
2026-10-24 09:00:00,1022.5,653.4,37.14,55.5,43.77,28.5,Weekend Sales,Weekend Sales,0,0,-1.0,0,1.0,
2026-10-24 10:00:00,1036.74,641.06,35.59,52.85,37.88,28.59,Weekend Sales,Weekend Sales,0,0,-1.0,0,1.0,
2026-10-24 11:00:00,1088.74,650.0,37.9,51.84,41.39,31.66,Weekend Sales,Weekend Sales,0,0,-1.0,0,1.0,
2026-10-24 12:00:00,1063.76,651.97,36.36,58.84,39.19,30.93,Weekend Sales,Weekend Sales,0,0,-1.0,0,1.0,
2026-10-24 13:00:00,1139.5,724.2,38.6,63.91,43.31,27.45,Weekend Sales,Weekend Sales,0,0,-1.0,0,1.0,
2026-10-24 14:00:00,1195.57,773.79,44.93,62.62,45.95,30.5,Weekend Sales,Weekend Sales,0,0,-1.0,0,1.0,
2026-10-24 15:00:00,1202.64,754.71,35.72,59.08,44.86,31.2,Weekend Sales,Weekend Sales,0,0,-1.0,0,1.0,
2026-10-24 16:00:00,1166.42,725.42,42.31,60.86,39.16,34.03,Weekend Sales,Weekend Sales,0,0,-1.0,0,1.0,
2026-10-24 17:00:00,1501.72,955.02,49.4,76.55,48.97,36.64,Weekend Sales,Weekend Sales,0,0,-1.0,0,1.0,
2026-10-24 18:00:00,1495.11,945.21,52.82,74.04,51.32,35.99,Weekend Sales,Weekend Sales,0,0,-1.0,0,1.0,
2026-10-24 19:00:00,1642.47,998.06,54.01,79.07,50.25,33.27,Weekend Sales,Weekend Sales,0,0,-1.0,0,1.0,
2026-10-24 20:00:00,1578.0,993.51,54.04,76.84,46.82,30.87,Weekend Sales,Weekend Sales,0,0,-1.0,0,1.0,
2026-10-24 21:00:00,1308.13,836.16,42.57,67.41,48.62,32.9,Weekend Sales,Weekend Sales,0,0,-1.0,0,1.0,
2026-10-24 22:00:00,1349.25,841.29,45.75,68.7,50.76,31.92,Weekend Sales,Weekend Sales,0,0,-1.0,0,1.0,
2026-10-24 23:00:00,1285.42,772.19,42.78,62.64,48.17,34.14,Weekend Sales,Weekend Sales,0,0,-1.0,0,1.0,
2026-10-25 00:00:00,575.39,382.91,19.65,37.45,34.66,21.61,Weekend Sales,Weekend Sales,0,0,-1.0,0,1.0,
2026-10-25 01:00:00,608.92,329.49,19.36,39.21,32.83,18.3,Weekend Sales,Weekend Sales,0,0,-1.0,0,1.0,
2026-10-25 02:00:00,544.19,296.36,19.21,42.44,32.57,18.13,Weekend Sales,Weekend Sales,0,0,-1.0,0,1.0,
2026-10-25 03:00:00,517.3,293.32,14.95,38.36,39.18,17.89,Weekend Sales,Weekend Sales,0,0,-1.0,0,1.0,
2026-10-25 04:00:00,528.61,298.54,17.32,36.52,33.19,18.57,Weekend Sales,Weekend Sales,0,0,-1.0,0,1.0,
2026-10-25 05:00:00,591.2,385.65,22.65,41.01,33.67,20.21,Weekend Sales,Weekend Sales,0,0,-1.0,0,1.0,
2026-10-25 06:00:00,820.4,519.23,29.69,44.02,38.63,24.36,Weekend Sales,Weekend Sales,0,0,-1.0,0,1.0,
2026-10-25 07:00:00,764.49,492.19,27.43,52.15,37.97,23.71,Weekend Sales,Weekend Sales,0,0,-1.0,0,1.0,
2026-10-25 08:00:00,795.29,463.78,27.97,46.02,38.18,21.47,Weekend Sales,Weekend Sales,0,0,-1.0,0,1.0,
2026-10-25 09:00:00,1086.38,650.17,34.65,56.26,41.31,26.67,Weekend Sales,Weekend Sales,0,0,-1.0,0,1.0,
2026-10-25 10:00:00,1043.03,671.93,38.75,58.35,42.7,27.85,Weekend Sales,Weekend Sales,0,0,-1.0,0,1.0,
2026-10-25 11:00:00,1104.25,641.24,36.14,57.79,42.59,26.59,Weekend Sales,Weekend Sales,0,0,-1.0,0,1.0,
2026-10-25 12:00:00,1043.71,628.16,35.58,56.98,42.64,28.48,Weekend Sales,Weekend Sales,0,0,-1.0,0,1.0,
2026-10-25 13:00:00,1213.1,774.02,41.01,58.69,45.18,33.2,Weekend Sales,Weekend Sales,0,0,-1.0,0,1.0,
2026-10-25 14:00:00,1076.29,669.02,39.05,56.43,45.34,31.39,Weekend Sales,Weekend Sales,0,0,-1.0,0,1.0,
2026-10-25 15:00:00,1157.99,708.76,38.28,59.5,41.34,27.0,Weekend Sales,Weekend Sales,0,0,-1.0,0,1.0,
2026-10-25 16:00:00,1035.94,641.75,39.37,50.19,41.24,27.62,Weekend Sales,Weekend Sales,0,0,-1.0,0,1.0,
2026-10-25 17:00:00,1648.11,1053.25,56.15,73.72,50.95,37.0,Weekend Sales,Weekend Sales,0,0,-1.0,0,1.0,
2026-10-25 18:00:00,1475.49,920.94,48.28,71.04,48.36,32.88,Weekend Sales,Weekend Sales,0,0,-1.0,0,1.0,
2026-10-25 19:00:00,1734.7,1068.48,58.87,81.42,54.07,39.0,Weekend Sales,Weekend Sales,0,0,-1.0,0,1.0,
2026-10-25 20:00:00,1592.3,959.42,53.08,71.51,52.66,35.73,Weekend Sales,Weekend Sales,0,0,-1.0,0,1.0,
2026-10-25 21:00:00,1333.58,802.17,41.84,68.96,46.37,33.88,Weekend Sales,Weekend Sales,0,0,-1.0,0,1.0,
2026-10-25 22:00:00,1200.5,737.23,43.15,56.87,48.96,30.84,Weekend Sales,Weekend Sales,0,0,-1.0,0,1.0,
2026-10-25 23:00:00,1238.8,776.85,44.95,60.8,43.7,31.92,Weekend Sales,Weekend Sales,0,0,-1.0,0,1.0,
2026-10-26 00:00:00,428.48,260.7,15.14,35.29,31.63,17.13,Normal Sales,Normal Sales,0,0,-1.0,0,1.0,
2026-10-26 01:00:00,418.35,303.28,17.35,38.09,30.08,20.11,Normal Sales,Normal Sales,0,0,-1.0,0,1.0,
2026-10-26 02:00:00,435.42,307.4,19.36,32.52,33.71,23.06,Normal Sales,Normal Sales,0,0,-1.0,0,1.0,
2026-10-26 03:00:00,406.75,229.82,12.59,32.04,30.21,15.37,Normal Sales,Normal Sales,0,0,-1.0,0,1.0,
2026-10-26 04:00:00,449.61,257.26,13.14,33.45,28.7,15.33,Normal Sales,Normal Sales,0,0,-1.0,0,1.0,
2026-10-26 05:00:00,409.74,274.68,15.48,28.49,33.74,20.46,Normal Sales,Normal Sales,0,0,-1.0,0,1.0,
2026-10-26 06:00:00,610.69,382.73,22.4,45.92,36.14,22.16,Normal Sales,Normal Sales,0,0,-1.0,0,1.0,
2026-10-26 07:00:00,567.8,356.15,21.13,38.28,32.61,22.01,Normal Sales,Normal Sales,0,0,-1.0,0,1.0,
2026-10-26 08:00:00,575.03,378.21,19.93,34.31,32.87,21.34,Normal Sales,Normal Sales,0,0,-1.0,0,1.0,
2026-10-26 09:00:00,812.89,514.92,25.74,47.98,36.75,24.15,Normal Sales,Normal Sales,0,0,-1.0,0,1.0,
2026-10-26 10:00:00,751.55,464.69,31.82,49.56,34.78,23.75,Normal Sales,Normal Sales,0,0,-1.0,0,1.0,
2026-10-26 11:00:00,778.62,486.29,28.58,45.79,35.81,26.47,Normal Sales,Normal Sales,0,0,-1.0,0,1.0,
2026-10-26 12:00:00,742.23,464.91,22.6,42.29,38.11,22.26,Normal Sales,Normal Sales,0,0,-1.0,0,1.0,
2026-10-26 13:00:00,801.15,478.64,24.67,42.79,38.72,20.87,Normal Sales,Normal Sales,0,0,-1.0,0,1.0,
2026-10-26 14:00:00,858.11,535.36,28.76,47.95,37.14,22.95,Normal Sales,Normal Sales,0,0,-1.0,0,1.0,
2026-10-26 15:00:00,855.95,547.13,29.22,49.89,40.79,26.88,Normal Sales,Normal Sales,0,0,-1.0,0,1.0,
2026-10-26 16:00:00,827.68,524.36,30.94,46.76,34.9,24.23,Normal Sales,Normal Sales,0,0,-1.0,0,1.0,
2026-10-26 17:00:00,1268.16,801.07,43.02,59.1,43.01,32.75,Normal Sales,Normal Sales,0,0,-1.0,0,1.0,
2026-10-26 18:00:00,1381.4,855.92,49.7,64.93,46.19,28.72,Normal Sales,Normal Sales,0,0,-1.0,0,1.0,
2026-10-26 19:00:00,1279.57,770.99,43.6,61.68,49.8,34.86,Normal Sales,Normal Sales,0,0,-1.0,0,1.0,
2026-10-26 20:00:00,1111.66,704.01,37.23,60.19,40.21,32.48,Normal Sales,Normal Sales,0,0,-1.0,0,1.0,
2026-10-26 21:00:00,1027.52,601.72,32.73,53.7,42.91,27.02,Normal Sales,Normal Sales,0,0,-1.0,0,1.0,
2026-10-26 22:00:00,1015.58,627.89,35.76,50.96,41.21,30.0,Normal Sales,Normal Sales,0,0,-1.0,0,1.0,
2026-10-26 23:00:00,1046.1,652.91,35.71,59.17,41.58,30.61,Normal Sales,Normal Sales,0,0,-1.0,0,1.0,
2026-10-27 00:00:00,416.75,259.38,12.06,29.88,33.04,21.93,Normal Sales,Normal Sales,0,0,-1.0,0,1.0,
2026-10-27 01:00:00,421.2,256.99,16.18,33.78,26.36,20.41,Normal Sales,Normal Sales,0,0,-1.0,0,1.0,
2026-10-27 02:00:00,390.97,242.11,12.43,30.42,30.74,19.84,Normal Sales,Normal Sales,0,0,-1.0,0,1.0,
2026-10-27 03:00:00,419.64,295.42,19.32,38.46,31.02,18.43,Normal Sales,Normal Sales,0,0,-1.0,0,1.0,
2026-10-27 04:00:00,418.27,287.46,17.94,27.79,31.72,14.45,Normal Sales,Normal Sales,0,0,-1.0,0,1.0,
2026-10-27 05:00:00,418.58,246.3,11.87,34.56,29.82,18.14,Normal Sales,Normal Sales,0,0,-1.0,0,1.0,
2026-10-27 06:00:00,576.98,359.57,21.7,36.6,35.09,21.1,Normal Sales,Normal Sales,0,0,-1.0,0,1.0,
2026-10-27 07:00:00,606.63,367.35,21.75,41.06,34.05,21.59,Normal Sales,Normal Sales,0,0,-1.0,0,1.0,
2026-10-27 08:00:00,627.68,402.7,21.54,44.06,36.4,26.29,Normal Sales,Normal Sales,0,0,-1.0,0,1.0,
2026-10-27 09:00:00,729.3,469.72,28.14,47.48,35.89,21.02,Normal Sales,Normal Sales,0,0,-1.0,0,1.0,
2026-10-27 10:00:00,852.33,516.4,27.81,53.22,35.94,26.55,Normal Sales,Normal Sales,0,0,-1.0,0,1.0,
2026-10-27 11:00:00,761.58,452.79,25.24,46.16,38.85,25.48,Normal Sales,Normal Sales,0,0,-1.0,0,1.0,
2026-10-27 12:00:00,763.45,444.75,23.78,44.99,36.57,15.86,Normal Sales,Normal Sales,0,0,-1.0,0,1.0,
2026-10-27 13:00:00,803.71,492.29,28.79,44.32,39.13,21.31,Normal Sales,Normal Sales,0,0,-1.0,0,1.0,
2026-10-27 14:00:00,895.82,561.98,31.85,47.93,36.13,27.5,Normal Sales,Normal Sales,0,0,-1.0,0,1.0,
2026-10-27 15:00:00,817.02,487.28,29.58,46.89,38.63,25.43,Normal Sales,Normal Sales,0,0,-1.0,0,1.0,
2026-10-27 16:00:00,910.57,564.02,29.22,57.38,38.89,26.76,Normal Sales,Normal Sales,0,0,-1.0,0,1.0,
2026-10-27 17:00:00,1284.6,783.13,42.22,67.24,44.36,32.4,Normal Sales,Normal Sales,0,0,-1.0,0,1.0,
2026-10-27 18:00:00,1313.24,808.86,44.3,67.3,46.05,28.07,Normal Sales,Normal Sales,0,0,-1.0,0,1.0,
2026-10-27 19:00:00,1351.46,813.52,45.17,62.13,45.95,31.46,Normal Sales,Normal Sales,0,0,-1.0,0,1.0,
2026-10-27 20:00:00,1267.89,764.16,45.99,62.59,47.32,31.09,Normal Sales,Normal Sales,0,0,-1.0,0,1.0,
2026-10-27 21:00:00,1026.37,583.83,30.7,51.18,40.39,27.63,Normal Sales,Normal Sales,0,0,-1.0,0,1.0,
2026-10-27 22:00:00,1006.32,622.07,34.12,60.14,41.76,23.1,Normal Sales,Normal Sales,0,0,-1.0,0,1.0,
2026-10-27 23:00:00,1015.27,643.45,37.71,56.57,39.45,29.87,Normal Sales,Normal Sales,0,0,-1.0,0,1.0,
2026-10-28 00:00:00,421.26,287.33,18.9,34.0,32.91,21.25,Normal Sales,Normal Sales,0,0,-1.0,0,1.0,
2026-10-28 01:00:00,422.51,310.91,19.19,33.91,31.7,21.49,Normal Sales,Normal Sales,0,0,-1.0,0,1.0,
2026-10-28 02:00:00,459.42,300.36,17.1,38.35,31.37,17.53,Normal Sales,Normal Sales,0,0,-1.0,0,1.0,
2026-10-28 03:00:00,433.93,259.58,19.71,33.79,32.8,17.23,Normal Sales,Normal Sales,0,0,-1.0,0,1.0,
2026-10-28 04:00:00,445.68,275.65,14.91,33.72,28.99,18.39,Normal Sales,Normal Sales,0,0,-1.0,0,1.0,
2026-10-28 05:00:00,430.63,228.35,14.6,31.05,31.81,13.24,Normal Sales,Normal Sales,0,0,-1.0,0,1.0,
2026-10-28 06:00:00,612.29,353.54,18.74,34.89,32.65,20.51,Normal Sales,Normal Sales,0,0,-1.0,0,1.0,
2026-10-28 07:00:00,597.25,392.41,17.85,40.31,33.96,20.89,Normal Sales,Normal Sales,0,0,-1.0,0,1.0,
2026-10-28 08:00:00,577.83,385.81,25.32,35.7,31.97,19.64,Normal Sales,Normal Sales,0,0,-1.0,0,1.0,
2026-10-28 09:00:00,780.64,515.39,29.4,47.05,37.3,24.25,Normal Sales,Normal Sales,0,0,-1.0,0,1.0,
2026-10-28 10:00:00,821.02,530.54,30.36,42.95,37.98,24.89,Normal Sales,Normal Sales,0,0,-1.0,0,1.0,
2026-10-28 11:00:00,831.03,521.21,29.78,46.86,40.01,27.5,Normal Sales,Normal Sales,0,0,-1.0,0,1.0,
2026-10-28 12:00:00,727.37,418.56,24.55,42.22,38.42,22.95,Normal Sales,Normal Sales,0,0,-1.0,0,1.0,
2026-10-28 13:00:00,915.59,548.98,30.87,50.89,38.19,27.73,Normal Sales,Normal Sales,0,0,-1.0,0,1.0,
2026-10-28 14:00:00,801.07,501.86,25.01,44.44,39.59,22.35,Normal Sales,Normal Sales,0,0,-1.0,0,1.0,
2026-10-28 15:00:00,834.4,531.83,27.03,51.15,39.47,23.74,Normal Sales,Normal Sales,0,0,-1.0,0,1.0,
2026-10-28 16:00:00,928.31,527.09,29.93,46.03,38.73,24.26,Normal Sales,Normal Sales,0,0,-1.0,0,1.0,
2026-10-28 17:00:00,1338.1,817.09,44.78,64.38,44.78,30.37,Normal Sales,Normal Sales,0,0,-1.0,0,1.0,
2026-10-28 18:00:00,1276.95,791.05,45.03,63.21,45.29,33.31,Normal Sales,Normal Sales,0,0,-1.0,0,1.0,
2026-10-28 19:00:00,1234.14,729.18,41.8,58.99,45.11,28.98,Normal Sales,Normal Sales,0,0,-1.0,0,1.0,
2026-10-28 20:00:00,1196.39,694.29,38.86,50.33,46.94,31.42,Normal Sales,Normal Sales,0,0,-1.0,0,1.0,
2026-10-28 21:00:00,933.6,618.54,38.14,52.62,40.69,27.74,Normal Sales,Normal Sales,0,0,-1.0,0,1.0,
2026-10-28 22:00:00,1052.1,617.49,33.51,56.5,43.51,27.35,Normal Sales,Normal Sales,0,0,-1.0,0,1.0,
2026-10-28 23:00:00,1046.17,654.46,36.22,57.56,41.66,28.46,Normal Sales,Normal Sales,0,0,-1.0,0,1.0,
2026-10-29 00:00:00,402.87,323.11,16.82,37.59,34.67,17.39,Normal Sales,Normal Sales,0,0,-1.0,0,1.0,
2026-10-29 01:00:00,432.19,268.54,18.36,31.27,29.84,18.61,Normal Sales,Normal Sales,0,0,-1.0,0,1.0,
2026-10-29 02:00:00,409.03,242.11,17.37,32.48,29.38,17.27,Normal Sales,Normal Sales,0,0,-1.0,0,1.0,
2026-10-29 03:00:00,427.87,273.71,13.9,29.67,31.17,18.69,Normal Sales,Normal Sales,0,0,-1.0,0,1.0,
2026-10-29 04:00:00,405.83,283.61,16.75,34.35,30.18,22.56,Normal Sales,Normal Sales,0,0,-1.0,0,1.0,
2026-10-29 05:00:00,395.17,232.59,11.89,32.38,32.04,15.14,Normal Sales,Normal Sales,0,0,-1.0,0,1.0,
2026-10-29 06:00:00,585.03,373.91,19.23,38.5,34.29,19.39,Normal Sales,Normal Sales,0,0,-1.0,0,1.0,
2026-10-29 07:00:00,614.17,396.1,21.86,44.3,35.89,21.82,Normal Sales,Normal Sales,0,0,-1.0,0,1.0,
2026-10-29 08:00:00,596.03,413.41,21.41,40.69,33.31,23.13,Normal Sales,Normal Sales,0,0,-1.0,0,1.0,
2026-10-29 09:00:00,881.47,552.68,29.75,50.39,36.36,25.44,Normal Sales,Normal Sales,0,0,-1.0,0,1.0,
2026-10-29 10:00:00,859.65,549.53,32.69,52.14,37.2,29.56,Normal Sales,Normal Sales,0,0,-1.0,0,1.0,
2026-10-29 11:00:00,721.81,455.83,20.95,40.0,38.14,22.01,Normal Sales,Normal Sales,0,0,-1.0,0,1.0,
2026-10-29 12:00:00,841.46,467.35,25.53,42.72,37.65,26.78,Normal Sales,Normal Sales,0,0,-1.0,0,1.0,
2026-10-29 13:00:00,964.67,610.92,30.41,50.19,40.72,25.66,Normal Sales,Normal Sales,0,0,-1.0,0,1.0,
2026-10-29 14:00:00,914.47,608.87,31.52,50.48,37.19,26.71,Normal Sales,Normal Sales,0,0,-1.0,0,1.0,
2026-10-29 15:00:00,887.66,550.89,32.09,50.87,38.97,25.85,Normal Sales,Normal Sales,0,0,-1.0,0,1.0,
2026-10-29 16:00:00,889.13,549.82,28.89,46.85,39.4,24.75,Normal Sales,Normal Sales,0,0,-1.0,0,1.0,
2026-10-29 17:00:00,1291.16,802.32,44.16,66.89,43.14,35.6,Normal Sales,Normal Sales,0,0,-1.0,0,1.0,
2026-10-29 18:00:00,1120.68,731.09,40.61,58.55,40.11,29.08,Normal Sales,Normal Sales,0,0,-1.0,0,1.0,
2026-10-29 19:00:00,1247.83,778.53,45.71,63.2,45.85,32.16,Normal Sales,Normal Sales,0,0,-1.0,0,1.0,
2026-10-29 20:00:00,1237.52,762.46,41.72,63.78,43.21,30.05,Normal Sales,Normal Sales,0,0,-1.0,0,1.0,
2026-10-29 21:00:00,995.98,590.59,32.71,51.18,41.94,29.51,Normal Sales,Normal Sales,0,0,-1.0,0,1.0,
2026-10-29 22:00:00,951.9,609.12,33.9,52.07,40.2,29.82,Normal Sales,Normal Sales,0,0,-1.0,0,1.0,
2026-10-29 23:00:00,970.14,634.21,34.64,50.77,40.2,24.87,Normal Sales,Normal Sales,0,0,-1.0,0,1.0,
2026-10-30 00:00:00,412.91,247.1,17.22,36.45,31.19,20.6,Normal Sales,Normal Sales,0,0,-1.0,0,1.0,
2026-10-30 01:00:00,411.23,219.28,13.12,32.06,29.12,15.7,Normal Sales,Normal Sales,0,0,-1.0,0,1.0,
2026-10-30 02:00:00,439.28,230.27,13.78,31.09,32.59,19.73,Normal Sales,Normal Sales,0,0,-1.0,0,1.0,
2026-10-30 03:00:00,401.23,220.26,15.05,30.98,31.48,19.33,Normal Sales,Normal Sales,0,0,-1.0,0,1.0,
2026-10-30 04:00:00,399.41,270.18,16.14,37.03,33.7,18.88,Normal Sales,Normal Sales,0,0,-1.0,0,1.0,
2026-10-30 05:00:00,435.37,271.04,15.2,30.86,30.95,15.19,Normal Sales,Normal Sales,0,0,-1.0,0,1.0,
2026-10-30 06:00:00,601.88,406.17,23.9,41.37,33.83,21.07,Normal Sales,Normal Sales,0,0,-1.0,0,1.0,
2026-10-30 07:00:00,578.22,378.96,17.77,35.78,35.64,21.89,Normal Sales,Normal Sales,0,0,-1.0,0,1.0,
2026-10-30 08:00:00,607.41,381.77,25.02,40.18,34.91,25.66,Normal Sales,Normal Sales,0,0,-1.0,0,1.0,
2026-10-30 09:00:00,790.01,532.96,25.1,45.4,36.09,26.49,Normal Sales,Normal Sales,0,0,-1.0,0,1.0,
2026-10-30 10:00:00,862.82,520.18,30.57,53.9,41.8,24.2,Normal Sales,Normal Sales,0,0,-1.0,0,1.0,
2026-10-30 11:00:00,826.94,521.19,27.35,49.14,37.11,25.28,Normal Sales,Normal Sales,0,0,-1.0,0,1.0,
2026-10-30 12:00:00,737.91,413.43,22.17,43.3,34.29,23.39,Normal Sales,Normal Sales,0,0,-1.0,0,1.0,
2026-10-30 13:00:00,887.66,566.6,33.05,53.96,40.3,25.57,Normal Sales,Normal Sales,0,0,-1.0,0,1.0,
2026-10-30 14:00:00,894.13,612.59,35.66,52.9,38.9,26.12,Normal Sales,Normal Sales,0,0,-1.0,0,1.0,
2026-10-30 15:00:00,833.19,559.28,31.72,46.66,37.91,28.52,Normal Sales,Normal Sales,0,0,-1.0,0,1.0,
2026-10-30 16:00:00,865.97,516.54,29.12,49.82,37.83,23.71,Normal Sales,Normal Sales,0,0,-1.0,0,1.0,
2026-10-30 17:00:00,1287.71,770.26,41.29,62.66,47.37,30.4,Normal Sales,Normal Sales,0,0,-1.0,0,1.0,
2026-10-30 18:00:00,1294.17,831.54,44.72,73.83,48.84,33.33,Normal Sales,Normal Sales,0,0,-1.0,0,1.0,
2026-10-30 19:00:00,1247.28,759.43,45.09,62.68,42.33,27.56,Normal Sales,Normal Sales,0,0,-1.0,0,1.0,
2026-10-30 20:00:00,1265.79,788.15,41.51,59.81,41.59,30.19,Normal Sales,Normal Sales,0,0,-1.0,0,1.0,
2026-10-30 21:00:00,961.25,613.27,33.47,55.95,41.55,28.36,Normal Sales,Normal Sales,0,0,-1.0,0,1.0,
2026-10-30 22:00:00,1026.94,602.03,32.04,59.31,37.65,26.46,Normal Sales,Normal Sales,0,0,-1.0,0,1.0,
2026-10-30 23:00:00,1002.31,574.51,30.09,56.86,41.38,25.21,Normal Sales,Normal Sales,0,0,-1.0,0,1.0,
2026-10-31 00:00:00,560.99,333.4,21.76,35.01,32.49,17.35,Weekend Sales,Weekend Sales,0,0,-1.0,0,1.0,
2026-10-31 01:00:00,546.94,334.74,20.8,34.9,34.27,20.54,Weekend Sales,Weekend Sales,0,0,-1.0,0,1.0,
2026-10-31 02:00:00,502.61,293.49,14.61,39.44,33.64,19.63,Weekend Sales,Weekend Sales,0,0,-1.0,0,1.0,
2026-10-31 03:00:00,435.92,222.56,13.7,33.46,29.93,17.62,Weekend Sales,Weekend Sales,0,0,-1.0,0,1.0,
2026-10-31 04:00:00,553.95,347.68,18.38,40.12,35.63,18.77,Weekend Sales,Weekend Sales,0,0,-1.0,0,1.0,
2026-10-31 05:00:00,521.99,303.73,16.8,36.73,34.45,21.54,Weekend Sales,Weekend Sales,0,0,-1.0,0,1.0,
2026-10-31 06:00:00,816.41,511.91,31.45,47.58,39.06,25.44,Weekend Sales,Weekend Sales,0,0,-1.0,0,1.0,
2026-10-31 07:00:00,794.93,488.69,29.52,46.13,36.81,22.74,Weekend Sales,Weekend Sales,0,0,-1.0,0,1.0,
2026-10-31 08:00:00,818.82,494.86,27.88,47.26,37.07,21.58,Weekend Sales,Weekend Sales,0,0,-1.0,0,1.0,
2026-10-31 09:00:00,994.65,594.88,30.71,53.87,45.17,25.85,Weekend Sales,Weekend Sales,0,0,-1.0,0,1.0,
2026-10-31 10:00:00,1028.46,623.03,35.98,55.33,41.45,25.15,Weekend Sales,Weekend Sales,0,0,-1.0,0,1.0,
2026-10-31 11:00:00,997.87,623.06,34.71,53.98,42.29,25.13,Weekend Sales,Weekend Sales,0,0,-1.0,0,1.0,
2026-10-31 12:00:00,1064.53,666.21,34.73,54.98,43.48,26.38,Weekend Sales,Weekend Sales,0,0,-1.0,0,1.0,
2026-10-31 13:00:00,1316.35,830.03,45.54,65.25,47.95,31.93,Weekend Sales,Weekend Sales,0,0,-1.0,0,1.0,
2026-10-31 14:00:00,1150.27,749.48,40.28,61.27,42.03,31.26,Weekend Sales,Weekend Sales,0,0,-1.0,0,1.0,
2026-10-31 15:00:00,1206.0,789.79,41.56,59.57,43.97,30.51,Weekend Sales,Weekend Sales,0,0,-1.0,0,1.0,
2026-10-31 16:00:00,1171.07,739.11,45.18,59.5,39.49,30.0,Weekend Sales,Weekend Sales,0,0,-1.0,0,1.0,
2026-10-31 17:00:00,1694.63,1026.43,56.92,78.09,53.33,39.24,Weekend Sales,Weekend Sales,0,0,-1.0,0,1.0,
2026-10-31 18:00:00,1658.55,1041.99,53.71,75.75,51.51,36.04,Weekend Sales,Weekend Sales,0,0,-1.0,0,1.0,
2026-10-31 19:00:00,1665.99,1024.32,55.43,79.63,52.49,35.44,Weekend Sales,Weekend Sales,0,0,-1.0,0,1.0,
2026-10-31 20:00:00,1615.2,1020.25,56.51,79.82,53.15,36.73,Weekend Sales,Weekend Sales,0,0,-1.0,0,1.0,
2026-10-31 21:00:00,1388.31,898.7,45.86,69.63,46.5,33.95,Weekend Sales,Weekend Sales,0,0,-1.0,0,1.0,
2026-10-31 22:00:00,1242.48,746.8,42.88,58.63,45.31,27.97,Weekend Sales,Weekend Sales,0,0,-1.0,0,1.0,
2026-10-31 23:00:00,1377.56,854.84,48.51,67.98,46.91,33.51,Weekend Sales,Weekend Sales,0,0,-1.0,0,1.0,
2026-11-01 00:00:00,597.27,347.87,14.03,36.47,31.74,22.63,Weekend Sales,Weekend Sales,0,0,-1.0,0,1.0,
2026-11-01 01:00:00,550.53,362.01,19.97,38.72,33.69,24.01,Weekend Sales,Weekend Sales,0,0,-1.0,0,1.0,
2026-11-01 02:00:00,560.59,375.29,22.73,38.96,33.38,20.63,Weekend Sales,Weekend Sales,0,0,-1.0,0,1.0,
2026-11-01 03:00:00,591.04,342.92,17.41,37.47,31.75,19.39,Weekend Sales,Weekend Sales,0,0,-1.0,0,1.0,
2026-11-01 04:00:00,586.96,380.2,20.07,41.81,38.14,22.13,Weekend Sales,Weekend Sales,0,0,-1.0,0,1.0,
2026-11-01 05:00:00,594.85,390.1,20.87,40.81,35.17,20.26,Weekend Sales,Weekend Sales,0,0,-1.0,0,1.0,
2026-11-01 06:00:00,697.59,411.65,18.32,40.23,32.44,24.05,Weekend Sales,Weekend Sales,0,0,-1.0,0,1.0,
2026-11-01 07:00:00,754.82,481.59,28.02,47.46,33.1,26.29,Weekend Sales,Weekend Sales,0,0,-1.0,0,1.0,
2026-11-01 08:00:00,819.11,527.96,32.7,50.3,35.56,26.51,Weekend Sales,Weekend Sales,0,0,-1.0,0,1.0,
2026-11-01 09:00:00,970.23,599.97,31.99,52.79,37.47,24.21,Weekend Sales,Weekend Sales,0,0,-1.0,0,1.0,
2026-11-01 10:00:00,1025.53,630.27,33.81,58.19,42.28,28.55,Weekend Sales,Weekend Sales,0,0,-1.0,0,1.0,
2026-11-01 11:00:00,1029.05,603.21,33.17,57.9,41.94,29.31,Weekend Sales,Weekend Sales,0,0,-1.0,0,1.0,
2026-11-01 12:00:00,1114.11,704.74,39.2,56.16,42.52,28.9,Weekend Sales,Weekend Sales,0,0,-1.0,0,1.0,
2026-11-01 13:00:00,1191.87,703.61,37.62,60.21,42.86,27.76,Weekend Sales,Weekend Sales,0,0,-1.0,0,1.0,
2026-11-01 14:00:00,1126.13,691.39,33.26,56.26,45.05,29.93,Weekend Sales,Weekend Sales,0,0,-1.0,0,1.0,
2026-11-01 15:00:00,1197.15,696.54,37.48,58.63,45.28,31.64,Weekend Sales,Weekend Sales,0,0,-1.0,0,1.0,
2026-11-01 16:00:00,1228.5,747.03,39.96,64.97,44.16,28.51,Weekend Sales,Weekend Sales,0,0,-1.0,0,1.0,
2026-11-01 17:00:00,1648.96,1056.09,56.28,77.64,50.31,40.32,Weekend Sales,Weekend Sales,0,0,-1.0,0,1.0,
2026-11-01 18:00:00,1690.2,1071.07,62.04,75.94,51.22,37.91,Weekend Sales,Weekend Sales,0,0,-1.0,0,1.0,
2026-11-01 19:00:00,1671.95,1049.26,56.73,76.86,54.34,39.32,Weekend Sales,Weekend Sales,0,0,-1.0,0,1.0,
2026-11-01 20:00:00,1692.54,995.73,57.18,76.81,52.45,35.25,Weekend Sales,Weekend Sales,0,0,-1.0,0,1.0,
2026-11-01 21:00:00,1254.94,755.79,37.57,60.01,42.14,30.77,Weekend Sales,Weekend Sales,0,0,-1.0,0,1.0,
2026-11-01 22:00:00,1221.38,775.51,39.32,65.66,46.44,29.26,Weekend Sales,Weekend Sales,0,0,-1.0,0,1.0,
2026-11-01 23:00:00,1289.84,778.34,43.97,67.84,48.29,30.08,Weekend Sales,Weekend Sales,0,0,-1.0,0,1.0,
2026-11-02 00:00:00,422.57,300.05,17.55,37.41,32.49,19.65,Normal Sales,Normal Sales,0,0,-1.0,0,1.0,
2026-11-02 01:00:00,418.71,229.32,11.08,29.41,30.42,17.93,Normal Sales,Normal Sales,0,0,-1.0,0,1.0,
2026-11-02 02:00:00,417.9,264.49,15.88,32.21,32.58,20.89,Normal Sales,Normal Sales,0,0,-1.0,0,1.0,
2026-11-02 03:00:00,428.89,252.3,15.77,33.99,32.53,21.38,Normal Sales,Normal Sales,0,0,-1.0,0,1.0,
2026-11-02 04:00:00,435.07,309.1,16.7,34.31,33.69,17.76,Normal Sales,Normal Sales,0,0,-1.0,0,1.0,
2026-11-02 05:00:00,459.84,317.65,17.65,38.98,33.14,17.36,Normal Sales,Normal Sales,0,0,-1.0,0,1.0,
2026-11-02 06:00:00,582.13,368.07,20.56,42.49,34.5,18.66,Normal Sales,Normal Sales,0,0,-1.0,0,1.0,
2026-11-02 07:00:00,590.36,384.6,17.51,36.5,33.29,23.47,Normal Sales,Normal Sales,0,0,-1.0,0,1.0,
2026-11-02 08:00:00,600.33,383.73,21.11,39.72,32.9,23.27,Normal Sales,Normal Sales,0,0,-1.0,0,1.0,
2026-11-02 09:00:00,743.87,455.36,27.34,42.53,33.53,19.15,Normal Sales,Normal Sales,0,0,-1.0,0,1.0,
2026-11-02 10:00:00,820.08,526.79,28.29,45.09,37.65,27.53,Normal Sales,Normal Sales,0,0,-1.0,0,1.0,
2026-11-02 11:00:00,743.28,487.29,23.41,43.03,36.85,26.08,Normal Sales,Normal Sales,0,0,-1.0,0,1.0,
2026-11-02 12:00:00,852.04,553.06,33.52,50.16,37.24,28.19,Normal Sales,Normal Sales,0,0,-1.0,0,1.0,
2026-11-02 13:00:00,947.49,610.71,34.81,56.54,40.79,27.23,Normal Sales,Normal Sales,0,0,-1.0,0,1.0,
2026-11-02 14:00:00,919.19,581.84,33.77,51.21,41.44,28.26,Normal Sales,Normal Sales,0,0,-1.0,0,1.0,
2026-11-02 15:00:00,896.48,537.06,32.02,46.32,37.32,25.76,Normal Sales,Normal Sales,0,0,-1.0,0,1.0,
2026-11-02 16:00:00,775.79,519.56,28.61,51.44,40.8,24.68,Normal Sales,Normal Sales,0,0,-1.0,0,1.0,
2026-11-02 17:00:00,1345.5,807.71,45.29,63.93,48.27,33.96,Normal Sales,Normal Sales,0,0,-1.0,0,1.0,
2026-11-02 18:00:00,1250.42,788.88,45.28,63.97,50.34,31.45,Normal Sales,Normal Sales,0,0,-1.0,0,1.0,
2026-11-02 19:00:00,1364.85,874.84,44.4,72.02,49.35,34.1,Normal Sales,Normal Sales,0,0,-1.0,0,1.0,
2026-11-02 20:00:00,1283.74,808.24,47.2,63.61,49.0,30.04,Normal Sales,Normal Sales,0,0,-1.0,0,1.0,
2026-11-02 21:00:00,894.1,569.18,33.82,50.32,34.67,23.25,Normal Sales,Normal Sales,0,0,-1.0,0,1.0,
2026-11-02 22:00:00,1001.77,620.85,36.72,54.13,39.55,28.14,Normal Sales,Normal Sales,0,0,-1.0,0,1.0,
2026-11-02 23:00:00,1030.17,672.49,36.76,56.67,43.07,27.31,Normal Sales,Normal Sales,0,0,-1.0,0,1.0,
2026-11-03 00:00:00,435.85,264.42,14.39,33.39,31.67,22.44,Normal Sales,Normal Sales,0,0,-1.0,0,1.0,
2026-11-03 01:00:00,410.5,244.08,16.32,33.38,32.51,16.04,Normal Sales,Normal Sales,0,0,-1.0,0,1.0,
2026-11-03 02:00:00,425.54,284.09,14.28,35.76,30.83,17.81,Normal Sales,Normal Sales,0,0,-1.0,0,1.0,
2026-11-03 03:00:00,441.66,302.28,16.88,36.26,34.16,18.77,Normal Sales,Normal Sales,0,0,-1.0,0,1.0,
2026-11-03 04:00:00,427.69,255.51,12.02,31.93,29.02,19.24,Normal Sales,Normal Sales,0,0,-1.0,0,1.0,
2026-11-03 05:00:00,404.13,215.64,13.35,32.63,30.21,18.8,Normal Sales,Normal Sales,0,0,-1.0,0,1.0,
2026-11-03 06:00:00,582.72,351.98,20.17,41.09,33.14,19.61,Normal Sales,Normal Sales,0,0,-1.0,0,1.0,
2026-11-03 07:00:00,637.02,410.27,22.86,44.51,38.72,22.99,Normal Sales,Normal Sales,0,0,-1.0,0,1.0,
2026-11-03 08:00:00,589.28,377.79,19.14,42.82,32.61,21.06,Normal Sales,Normal Sales,0,0,-1.0,0,1.0,
2026-11-03 09:00:00,760.76,476.23,26.63,47.37,37.17,24.0,Normal Sales,Normal Sales,0,0,-1.0,0,1.0,
2026-11-03 10:00:00,771.23,471.01,23.12,48.85,36.92,27.06,Normal Sales,Normal Sales,0,0,-1.0,0,1.0,
2026-11-03 11:00:00,789.21,441.76,23.4,44.19,37.55,24.4,Normal Sales,Normal Sales,0,0,-1.0,0,1.0,
2026-11-03 12:00:00,800.92,488.15,25.02,45.36,38.82,25.92,Normal Sales,Normal Sales,0,0,-1.0,0,1.0,
2026-11-03 13:00:00,857.53,556.84,31.76,47.7,39.07,26.66,Normal Sales,Normal Sales,0,0,-1.0,0,1.0,
2026-11-03 14:00:00,840.2,486.96,27.73,45.5,41.31,27.62,Normal Sales,Normal Sales,0,0,-1.0,0,1.0,
2026-11-03 15:00:00,908.37,586.98,30.24,48.35,39.16,24.1,Normal Sales,Normal Sales,0,0,-1.0,0,1.0,
2026-11-03 16:00:00,901.08,539.08,30.03,49.03,40.59,26.13,Normal Sales,Normal Sales,0,0,-1.0,0,1.0,
2026-11-03 17:00:00,1235.62,731.87,40.58,56.46,47.5,31.35,Normal Sales,Normal Sales,0,0,-1.0,0,1.0,
2026-11-03 18:00:00,1314.23,790.58,44.19,62.42,46.64,29.77,Normal Sales,Normal Sales,0,0,-1.0,0,1.0,
2026-11-03 19:00:00,1255.82,744.15,40.61,57.42,48.84,30.92,Normal Sales,Normal Sales,0,0,-1.0,0,1.0,
2026-11-03 20:00:00,1261.44,799.0,41.35,62.09,46.51,32.3,Normal Sales,Normal Sales,0,0,-1.0,0,1.0,
2026-11-03 21:00:00,945.55,602.44,33.74,53.94,40.85,25.7,Normal Sales,Normal Sales,0,0,-1.0,0,1.0,
2026-11-03 22:00:00,977.12,559.39,29.74,50.38,41.86,27.01,Normal Sales,Normal Sales,0,0,-1.0,0,1.0,
2026-11-03 23:00:00,943.96,565.9,33.74,50.28,40.28,27.72,Normal Sales,Normal Sales,0,0,-1.0,0,1.0,
2026-11-04 00:00:00,418.89,255.92,13.44,31.59,31.41,14.75,Normal Sales,Normal Sales,0,0,-1.0,0,1.0,
2026-11-04 01:00:00,412.97,269.54,15.67,36.96,32.7,19.56,Normal Sales,Normal Sales,0,0,-1.0,0,1.0,
2026-11-04 02:00:00,421.16,249.71,14.74,33.41,30.41,16.51,Normal Sales,Normal Sales,0,0,-1.0,0,1.0,
2026-11-04 03:00:00,419.44,288.95,16.11,34.43,31.98,20.19,Normal Sales,Normal Sales,0,0,-1.0,0,1.0,
2026-11-04 04:00:00,425.79,262.94,13.45,35.75,30.38,21.72,Normal Sales,Normal Sales,0,0,-1.0,0,1.0,
2026-11-04 05:00:00,423.8,264.08,16.04,31.64,32.35,18.83,Normal Sales,Normal Sales,0,0,-1.0,0,1.0,
2026-11-04 06:00:00,619.95,367.28,18.81,34.91,33.62,20.16,Normal Sales,Normal Sales,0,0,-1.0,0,1.0,
2026-11-04 07:00:00,587.2,361.18,19.99,40.2,35.11,22.33,Normal Sales,Normal Sales,0,0,-1.0,0,1.0,
2026-11-04 08:00:00,628.5,396.55,21.92,43.2,36.07,18.95,Normal Sales,Normal Sales,0,0,-1.0,0,1.0,
2026-11-04 09:00:00,787.53,443.18,20.73,42.97,37.13,22.23,Normal Sales,Normal Sales,0,0,-1.0,0,1.0,
2026-11-04 10:00:00,723.84,468.16,24.33,46.08,34.95,22.71,Normal Sales,Normal Sales,0,0,-1.0,0,1.0,
2026-11-04 11:00:00,811.61,494.47,27.54,47.44,34.94,25.32,Normal Sales,Normal Sales,0,0,-1.0,0,1.0,
2026-11-04 12:00:00,757.15,441.65,22.84,45.97,33.67,24.34,Normal Sales,Normal Sales,0,0,-1.0,0,1.0,
2026-11-04 13:00:00,902.92,561.67,31.39,49.77,40.71,25.19,Normal Sales,Normal Sales,0,0,-1.0,0,1.0,
2026-11-04 14:00:00,815.72,503.81,29.31,48.43,41.5,24.09,Normal Sales,Normal Sales,0,0,-1.0,0,1.0,
2026-11-04 15:00:00,880.71,540.21,28.16,48.17,36.89,20.92,Normal Sales,Normal Sales,0,0,-1.0,0,1.0,
2026-11-04 16:00:00,862.09,535.08,30.69,47.54,37.53,27.44,Normal Sales,Normal Sales,0,0,-1.0,0,1.0,
2026-11-04 17:00:00,1177.7,726.09,41.85,58.32,40.95,33.57,Normal Sales,Normal Sales,0,0,-1.0,0,1.0,
2026-11-04 18:00:00,1312.1,834.26,45.71,67.64,41.32,31.98,Normal Sales,Normal Sales,0,0,-1.0,0,1.0,
2026-11-04 19:00:00,1321.45,784.4,42.48,64.67,44.9,31.62,Normal Sales,Normal Sales,0,0,-1.0,0,1.0,
2026-11-04 20:00:00,1286.01,804.87,43.47,62.43,46.65,32.8,Normal Sales,Normal Sales,0,0,-1.0,0,1.0,
2026-11-04 21:00:00,995.53,620.09,34.79,56.06,41.54,27.7,Normal Sales,Normal Sales,0,0,-1.0,0,1.0,
2026-11-04 22:00:00,955.45,627.03,32.24,53.35,39.22,24.02,Normal Sales,Normal Sales,0,0,-1.0,0,1.0,
2026-11-04 23:00:00,998.66,614.09,33.84,53.18,42.48,29.12,Normal Sales,Normal Sales,0,0,-1.0,0,1.0,
2026-11-05 00:00:00,397.59,290.64,15.5,35.73,31.12,19.48,Normal Sales,Normal Sales,0,0,-1.0,0,1.0,
2026-11-05 01:00:00,432.47,301.09,18.11,34.4,31.18,18.4,Normal Sales,Normal Sales,0,0,-1.0,0,1.0,
2026-11-05 02:00:00,435.8,284.94,14.99,37.63,33.56,22.77,Normal Sales,Normal Sales,0,0,-1.0,0,1.0,
2026-11-05 03:00:00,404.14,248.06,13.25,38.91,30.89,20.73,Normal Sales,Normal Sales,0,0,-1.0,0,1.0,
2026-11-05 04:00:00,442.53,272.27,15.09,35.1,34.04,18.46,Normal Sales,Normal Sales,0,0,-1.0,0,1.0,
2026-11-05 05:00:00,410.06,277.54,12.97,34.4,33.09,19.8,Normal Sales,Normal Sales,0,0,-1.0,0,1.0,
2026-11-05 06:00:00,590.53,341.1,21.13,37.63,32.24,22.81,Normal Sales,Normal Sales,0,0,-1.0,0,1.0,
2026-11-05 07:00:00,632.1,365.61,25.14,38.16,36.31,25.11,Normal Sales,Normal Sales,0,0,-1.0,0,1.0,
2026-11-05 08:00:00,634.75,400.02,19.14,46.18,36.52,19.17,Normal Sales,Normal Sales,0,0,-1.0,0,1.0,
2026-11-05 09:00:00,856.14,532.34,28.72,47.37,38.9,26.92,Normal Sales,Normal Sales,0,0,-1.0,0,1.0,
2026-11-05 10:00:00,775.1,483.75,33.37,47.16,39.11,22.18,Normal Sales,Normal Sales,0,0,-1.0,0,1.0,
2026-11-05 11:00:00,740.82,495.92,29.63,50.53,36.43,26.91,Normal Sales,Normal Sales,0,0,-1.0,0,1.0,
2026-11-05 12:00:00,693.26,443.35,26.45,41.78,37.9,22.72,Normal Sales,Normal Sales,0,0,-1.0,0,1.0,
2026-11-05 13:00:00,884.72,542.06,32.98,48.33,37.89,23.84,Normal Sales,Normal Sales,0,0,-1.0,0,1.0,
2026-11-05 14:00:00,871.89,545.45,31.28,47.64,39.57,26.86,Normal Sales,Normal Sales,0,0,-1.0,0,1.0,
2026-11-05 15:00:00,846.84,526.62,28.79,48.66,37.34,24.89,Normal Sales,Normal Sales,0,0,-1.0,0,1.0,
2026-11-05 16:00:00,889.64,598.18,32.99,55.38,41.95,24.32,Normal Sales,Normal Sales,0,0,-1.0,0,1.0,
2026-11-05 17:00:00,1243.89,806.62,44.73,63.96,46.65,34.3,Normal Sales,Normal Sales,0,0,-1.0,0,1.0,
2026-11-05 18:00:00,1260.41,774.5,37.87,63.05,44.66,29.35,Normal Sales,Normal Sales,0,0,-1.0,0,1.0,
2026-11-05 19:00:00,1249.31,764.14,42.37,61.68,46.13,31.45,Normal Sales,Normal Sales,0,0,-1.0,0,1.0,
2026-11-05 20:00:00,1342.65,819.08,48.61,68.27,49.8,32.98,Normal Sales,Normal Sales,0,0,-1.0,0,1.0,
2026-11-05 21:00:00,967.96,586.68,35.77,54.89,38.44,28.62,Normal Sales,Normal Sales,0,0,-1.0,0,1.0,
2026-11-05 22:00:00,941.25,591.68,34.19,55.8,40.48,26.52,Normal Sales,Normal Sales,0,0,-1.0,0,1.0,
2026-11-05 23:00:00,983.93,636.71,36.6,54.48,37.0,23.05,Normal Sales,Normal Sales,0,0,-1.0,0,1.0,
2026-11-06 00:00:00,425.7,234.4,11.83,31.39,35.39,18.1,Normal Sales,Normal Sales,0,0,-1.0,0,1.0,
2026-11-06 01:00:00,436.11,283.0,10.72,33.23,28.97,22.53,Normal Sales,Normal Sales,0,0,-1.0,0,1.0,
2026-11-06 02:00:00,382.66,226.73,11.95,28.8,30.71,17.58,Normal Sales,Normal Sales,0,0,-1.0,0,1.0,
2026-11-06 03:00:00,424.39,275.68,15.64,34.75,33.44,15.59,Normal Sales,Normal Sales,0,0,-1.0,0,1.0,
2026-11-06 04:00:00,435.69,243.98,12.13,32.77,32.23,19.16,Normal Sales,Normal Sales,0,0,-1.0,0,1.0,
2026-11-06 05:00:00,401.06,289.44,15.08,32.43,28.27,16.49,Normal Sales,Normal Sales,0,0,-1.0,0,1.0,
2026-11-06 06:00:00,565.49,358.46,20.92,36.49,31.33,20.54,Normal Sales,Normal Sales,0,0,-1.0,0,1.0,
2026-11-06 07:00:00,611.0,385.4,19.27,39.81,37.52,19.25,Normal Sales,Normal Sales,0,0,-1.0,0,1.0,
2026-11-06 08:00:00,607.16,388.94,19.46,41.89,31.64,22.99,Normal Sales,Normal Sales,0,0,-1.0,0,1.0,
2026-11-06 09:00:00,796.86,458.57,26.6,42.77,37.24,24.72,Normal Sales,Normal Sales,0,0,-1.0,0,1.0,
2026-11-06 10:00:00,756.79,456.0,27.33,39.4,39.7,20.47,Normal Sales,Normal Sales,0,0,-1.0,0,1.0,
2026-11-06 11:00:00,767.33,482.81,27.76,46.61,37.14,23.2,Normal Sales,Normal Sales,0,0,-1.0,0,1.0,
2026-11-06 12:00:00,857.21,550.79,32.64,48.59,33.92,27.81,Normal Sales,Normal Sales,0,0,-1.0,0,1.0,
2026-11-06 13:00:00,904.52,565.37,29.96,49.81,38.18,26.22,Normal Sales,Normal Sales,0,0,-1.0,0,1.0,
2026-11-06 14:00:00,838.22,538.76,33.71,47.46,35.06,25.26,Normal Sales,Normal Sales,0,0,-1.0,0,1.0,
2026-11-06 15:00:00,902.69,571.0,34.61,52.96,35.72,23.8,Normal Sales,Normal Sales,0,0,-1.0,0,1.0,
2026-11-06 16:00:00,906.7,550.8,33.32,47.7,41.34,24.47,Normal Sales,Normal Sales,0,0,-1.0,0,1.0,
2026-11-06 17:00:00,1279.42,772.54,43.61,65.68,46.26,35.13,Normal Sales,Normal Sales,0,0,-1.0,0,1.0,
2026-11-06 18:00:00,1217.37,757.22,43.34,59.44,44.82,32.26,Normal Sales,Normal Sales,0,0,-1.0,0,1.0,
2026-11-06 19:00:00,1321.53,847.9,44.9,67.45,43.84,31.75,Normal Sales,Normal Sales,0,0,-1.0,0,1.0,
2026-11-06 20:00:00,1251.87,804.76,45.32,64.33,46.18,33.16,Normal Sales,Normal Sales,0,0,-1.0,0,1.0,
2026-11-06 21:00:00,1000.35,605.84,31.41,52.71,39.42,28.39,Normal Sales,Normal Sales,0,0,-1.0,0,1.0,
2026-11-06 22:00:00,1057.31,669.63,33.21,55.01,42.01,25.87,Normal Sales,Normal Sales,0,0,-1.0,0,1.0,
2026-11-06 23:00:00,983.76,621.66,37.01,58.39,38.34,27.31,Normal Sales,Normal Sales,0,0,-1.0,0,1.0,
2026-11-07 00:00:00,554.08,325.7,18.11,36.89,34.65,22.86,Weekend Sales,Weekend Sales,0,0,-1.0,0,1.0,
2026-11-07 01:00:00,560.66,335.36,16.39,42.68,35.34,21.18,Weekend Sales,Weekend Sales,0,0,-1.0,0,1.0,
2026-11-07 02:00:00,552.35,382.75,20.73,35.36,33.92,19.11,Weekend Sales,Weekend Sales,0,0,-1.0,0,1.0,
2026-11-07 03:00:00,564.46,383.57,17.75,37.53,35.33,20.59,Weekend Sales,Weekend Sales,0,0,-1.0,0,1.0,
2026-11-07 04:00:00,568.53,362.92,21.74,37.26,28.56,21.87,Weekend Sales,Weekend Sales,0,0,-1.0,0,1.0,
2026-11-07 05:00:00,513.28,341.61,18.7,36.74,34.11,17.06,Weekend Sales,Weekend Sales,0,0,-1.0,0,1.0,
2026-11-07 06:00:00,796.46,505.0,28.28,45.87,36.58,27.71,Weekend Sales,Weekend Sales,0,0,-1.0,0,1.0,
2026-11-07 07:00:00,841.23,504.96,30.47,49.34,39.28,25.68,Weekend Sales,Weekend Sales,0,0,-1.0,0,1.0,
2026-11-07 08:00:00,758.41,507.85,29.83,47.53,37.38,24.51,Weekend Sales,Weekend Sales,0,0,-1.0,0,1.0,
2026-11-07 09:00:00,1022.14,647.09,34.0,55.67,41.57,28.95,Weekend Sales,Weekend Sales,0,0,-1.0,0,1.0,
2026-11-07 10:00:00,1101.57,693.06,39.51,53.15,43.65,29.48,Weekend Sales,Weekend Sales,0,0,-1.0,0,1.0,
2026-11-07 11:00:00,1071.61,651.17,38.12,56.5,40.73,27.14,Weekend Sales,Weekend Sales,0,0,-1.0,0,1.0,
2026-11-07 12:00:00,1099.55,679.59,37.37,56.88,44.71,29.95,Weekend Sales,Weekend Sales,0,0,-1.0,0,1.0,
2026-11-07 13:00:00,1106.04,661.35,36.38,55.0,38.48,27.04,Weekend Sales,Weekend Sales,0,0,-1.0,0,1.0,
2026-11-07 14:00:00,1159.45,708.86,40.43,53.59,42.17,31.31,Weekend Sales,Weekend Sales,0,0,-1.0,0,1.0,
2026-11-07 15:00:00,1136.58,674.39,35.73,58.56,42.81,27.41,Weekend Sales,Weekend Sales,0,0,-1.0,0,1.0,
2026-11-07 16:00:00,1204.15,755.95,39.05,61.89,41.87,33.24,Weekend Sales,Weekend Sales,0,0,-1.0,0,1.0,
2026-11-07 17:00:00,1773.78,1092.55,62.22,79.46,53.87,38.14,Weekend Sales,Weekend Sales,0,0,-1.0,0,1.0,
2026-11-07 18:00:00,1668.85,1036.34,56.99,77.76,52.63,40.42,Weekend Sales,Weekend Sales,0,0,-1.0,0,1.0,
2026-11-07 19:00:00,1502.92,979.83,53.19,73.92,52.21,37.71,Weekend Sales,Weekend Sales,0,0,-1.0,0,1.0,
2026-11-07 20:00:00,1715.61,1094.82,59.89,83.29,50.64,40.21,Weekend Sales,Weekend Sales,0,0,-1.0,0,1.0,
2026-11-07 21:00:00,1336.11,857.04,48.55,67.77,46.08,32.77,Weekend Sales,Weekend Sales,0,0,-1.0,0,1.0,
2026-11-07 22:00:00,1278.79,760.4,45.31,64.95,46.25,32.64,Weekend Sales,Weekend Sales,0,0,-1.0,0,1.0,
2026-11-07 23:00:00,1348.53,811.27,45.89,68.47,45.57,29.21,Weekend Sales,Weekend Sales,0,0,-1.0,0,1.0,
2026-11-08 00:00:00,524.86,323.0,15.33,36.3,31.61,20.07,Weekend Sales,Weekend Sales,0,0,-1.0,0,1.0,
2026-11-08 01:00:00,543.03,335.78,19.67,35.06,33.79,18.69,Weekend Sales,Weekend Sales,0,0,-1.0,0,1.0,
2026-11-08 02:00:00,557.07,343.34,19.59,38.37,35.95,20.53,Weekend Sales,Weekend Sales,0,0,-1.0,0,1.0,
2026-11-08 03:00:00,539.75,357.89,20.35,40.63,32.94,18.33,Weekend Sales,Weekend Sales,0,0,-1.0,0,1.0,
2026-11-08 04:00:00,619.75,369.18,17.98,41.36,32.65,20.44,Weekend Sales,Weekend Sales,0,0,-1.0,0,1.0,
2026-11-08 05:00:00,560.7,344.05,18.2,41.94,33.31,18.8,Weekend Sales,Weekend Sales,0,0,-1.0,0,1.0,
2026-11-08 06:00:00,844.21,505.35,27.58,45.23,38.77,24.71,Weekend Sales,Weekend Sales,0,0,-1.0,0,1.0,
2026-11-08 07:00:00,803.72,502.06,29.25,48.78,35.58,23.2,Weekend Sales,Weekend Sales,0,0,-1.0,0,1.0,
2026-11-08 08:00:00,842.09,502.53,28.62,49.45,35.03,23.75,Weekend Sales,Weekend Sales,0,0,-1.0,0,1.0,
2026-11-08 09:00:00,1095.44,675.5,36.34,59.24,44.83,27.53,Weekend Sales,Weekend Sales,0,0,-1.0,0,1.0,
2026-11-08 10:00:00,1145.55,665.64,33.6,55.98,42.81,28.06,Weekend Sales,Weekend Sales,0,0,-1.0,0,1.0,
2026-11-08 11:00:00,1024.42,617.0,33.49,52.49,42.78,27.49,Weekend Sales,Weekend Sales,0,0,-1.0,0,1.0,
2026-11-08 12:00:00,1040.91,643.56,37.62,54.08,39.15,26.13,Weekend Sales,Weekend Sales,0,0,-1.0,0,1.0,
2026-11-08 13:00:00,1162.67,732.9,42.07,64.4,45.24,28.56,Weekend Sales,Weekend Sales,0,0,-1.0,0,1.0,
2026-11-08 14:00:00,1164.43,667.85,36.11,55.86,39.17,32.91,Weekend Sales,Weekend Sales,0,0,-1.0,0,1.0,
2026-11-08 15:00:00,1154.15,662.89,35.91,61.19,47.43,28.69,Weekend Sales,Weekend Sales,0,0,-1.0,0,1.0,
2026-11-08 16:00:00,1182.05,763.51,41.69,62.97,45.77,28.94,Weekend Sales,Weekend Sales,0,0,-1.0,0,1.0,
2026-11-08 17:00:00,1800.15,1094.1,58.91,81.89,56.48,40.71,Weekend Sales,Weekend Sales,0,0,-1.0,0,1.0,
2026-11-08 18:00:00,1667.57,1041.0,59.4,78.21,50.72,36.82,Weekend Sales,Weekend Sales,0,0,-1.0,0,1.0,
2026-11-08 19:00:00,1747.7,1063.29,55.35,79.07,53.56,40.3,Weekend Sales,Weekend Sales,0,0,-1.0,0,1.0,
2026-11-08 20:00:00,1549.85,969.57,55.63,71.99,50.51,31.94,Weekend Sales,Weekend Sales,0,0,-1.0,0,1.0,
2026-11-08 21:00:00,1356.97,861.21,47.33,64.29,48.4,33.04,Weekend Sales,Weekend Sales,0,0,-1.0,0,1.0,
2026-11-08 22:00:00,1119.46,713.52,41.57,62.41,40.48,26.0,Weekend Sales,Weekend Sales,0,0,-1.0,0,1.0,
2026-11-08 23:00:00,1273.53,802.54,42.25,60.32,47.1,31.37,Weekend Sales,Weekend Sales,0,0,-1.0,0,1.0,
2026-11-09 00:00:00,434.67,269.89,14.51,33.46,30.67,17.83,Normal Sales,Normal Sales,0,0,-1.0,0,1.0,
2026-11-09 01:00:00,398.33,259.05,16.74,31.59,34.5,19.23,Normal Sales,Normal Sales,0,0,-1.0,0,1.0,
2026-11-09 02:00:00,426.99,281.11,17.41,32.93,32.37,21.12,Normal Sales,Normal Sales,0,0,-1.0,0,1.0,
2026-11-09 03:00:00,413.55,256.52,12.57,31.62,30.33,16.6,Normal Sales,Normal Sales,0,0,-1.0,0,1.0,
2026-11-09 04:00:00,420.22,268.81,15.64,31.44,29.93,20.42,Normal Sales,Normal Sales,0,0,-1.0,0,1.0,
2026-11-09 05:00:00,408.71,274.01,13.61,34.54,32.45,13.55,Normal Sales,Normal Sales,0,0,-1.0,0,1.0,
2026-11-09 06:00:00,635.34,426.51,22.84,43.14,33.12,23.39,Normal Sales,Normal Sales,0,0,-1.0,0,1.0,
2026-11-09 07:00:00,683.83,369.05,19.3,42.07,38.15,18.46,Normal Sales,Normal Sales,0,0,-1.0,0,1.0,
2026-11-09 08:00:00,589.47,350.96,18.0,38.22,31.16,20.27,Normal Sales,Normal Sales,0,0,-1.0,0,1.0,
2026-11-09 09:00:00,758.98,468.85,24.38,44.75,34.83,25.63,Normal Sales,Normal Sales,0,0,-1.0,0,1.0,
2026-11-09 10:00:00,783.29,485.99,26.44,46.15,37.32,25.76,Normal Sales,Normal Sales,0,0,-1.0,0,1.0,
2026-11-09 11:00:00,784.86,468.62,25.86,43.83,37.19,21.61,Normal Sales,Normal Sales,0,0,-1.0,0,1.0,
2026-11-09 12:00:00,838.05,500.08,29.9,47.05,39.96,22.97,Normal Sales,Normal Sales,0,0,-1.0,0,1.0,
2026-11-09 13:00:00,802.41,456.27,30.1,43.46,39.83,20.81,Normal Sales,Normal Sales,0,0,-1.0,0,1.0,
2026-11-09 14:00:00,897.89,565.4,36.77,49.83,37.84,26.84,Normal Sales,Normal Sales,0,0,-1.0,0,1.0,
2026-11-09 15:00:00,848.78,536.48,29.4,47.05,39.42,25.63,Normal Sales,Normal Sales,0,0,-1.0,0,1.0,
2026-11-09 16:00:00,923.76,614.04,32.77,51.99,37.01,28.39,Normal Sales,Normal Sales,0,0,-1.0,0,1.0,
2026-11-09 17:00:00,1223.87,767.44,44.54,60.61,43.86,33.21,Normal Sales,Normal Sales,0,0,-1.0,0,1.0,
2026-11-09 18:00:00,1309.37,826.84,44.69,62.09,44.84,30.65,Normal Sales,Normal Sales,0,0,-1.0,0,1.0,
2026-11-09 19:00:00,1301.41,813.99,43.57,63.97,47.08,31.71,Normal Sales,Normal Sales,0,0,-1.0,0,1.0,
2026-11-09 20:00:00,1227.89,810.76,43.49,65.98,45.66,29.22,Normal Sales,Normal Sales,0,0,-1.0,0,1.0,
2026-11-09 21:00:00,950.21,609.61,33.27,49.37,40.94,26.08,Normal Sales,Normal Sales,0,0,-1.0,0,1.0,
2026-11-09 22:00:00,1005.04,690.32,38.73,58.64,40.58,27.02,Normal Sales,Normal Sales,0,0,-1.0,0,1.0,
2026-11-09 23:00:00,1033.96,625.91,33.97,58.92,40.9,30.08,Normal Sales,Normal Sales,0,0,-1.0,0,1.0,
2026-11-10 00:00:00,429.91,252.72,14.58,31.02,33.12,20.81,Normal Sales,Normal Sales,0,0,-1.0,0,1.0,
2026-11-10 01:00:00,422.78,295.68,16.58,36.97,37.09,24.34,Normal Sales,Normal Sales,0,0,-1.0,0,1.0,
2026-11-10 02:00:00,417.89,266.43,12.55,35.33,31.88,17.11,Normal Sales,Normal Sales,0,0,-1.0,0,1.0,
2026-11-10 03:00:00,446.77,270.36,13.83,34.74,30.66,18.7,Normal Sales,Normal Sales,0,0,-1.0,0,1.0,
2026-11-10 04:00:00,458.57,268.94,16.14,32.31,29.85,18.56,Normal Sales,Normal Sales,0,0,-1.0,0,1.0,
2026-11-10 05:00:00,478.35,316.12,18.31,34.74,31.36,16.94,Normal Sales,Normal Sales,0,0,-1.0,0,1.0,
2026-11-10 06:00:00,663.86,418.32,23.37,42.64,39.47,23.06,Normal Sales,Normal Sales,0,0,-1.0,0,1.0,
2026-11-10 07:00:00,603.32,419.04,22.79,37.45,31.2,22.09,Normal Sales,Normal Sales,0,0,-1.0,0,1.0,
2026-11-10 08:00:00,618.07,403.75,20.37,40.55,32.89,24.32,Normal Sales,Normal Sales,0,0,-1.0,0,1.0,
2026-11-10 09:00:00,847.71,574.53,32.3,55.3,37.03,26.8,Normal Sales,Normal Sales,0,0,-1.0,0,1.0,
2026-11-10 10:00:00,754.37,482.04,27.08,39.59,39.04,25.76,Normal Sales,Normal Sales,0,0,-1.0,0,1.0,
2026-11-10 11:00:00,774.49,487.22,23.81,44.2,40.5,21.87,Normal Sales,Normal Sales,0,0,-1.0,0,1.0,
2026-11-10 12:00:00,797.0,459.23,25.93,46.45,39.0,24.42,Normal Sales,Normal Sales,0,0,-1.0,0,1.0,
2026-11-10 13:00:00,953.86,577.54,29.65,50.15,37.52,26.6,Normal Sales,Normal Sales,0,0,-1.0,0,1.0,
2026-11-10 14:00:00,884.13,560.1,27.57,50.24,41.46,27.15,Normal Sales,Normal Sales,0,0,-1.0,0,1.0,
2026-11-10 15:00:00,805.96,499.4,26.0,46.95,36.94,27.96,Normal Sales,Normal Sales,0,0,-1.0,0,1.0,
2026-11-10 16:00:00,894.16,562.3,30.84,51.64,38.77,27.6,Normal Sales,Normal Sales,0,0,-1.0,0,1.0,
2026-11-10 17:00:00,1240.43,803.48,45.18,63.7,46.77,33.07,Normal Sales,Normal Sales,0,0,-1.0,0,1.0,
2026-11-10 18:00:00,1317.56,819.03,44.56,65.74,45.4,34.43,Normal Sales,Normal Sales,0,0,-1.0,0,1.0,
2026-11-10 19:00:00,1358.17,856.54,49.95,70.23,46.55,35.09,Normal Sales,Normal Sales,0,0,-1.0,0,1.0,
2026-11-10 20:00:00,1184.07,738.77,38.27,60.44,41.25,32.66,Normal Sales,Normal Sales,0,0,-1.0,0,1.0,
2026-11-10 21:00:00,964.64,620.73,33.99,49.04,39.43,26.46,Normal Sales,Normal Sales,0,0,-1.0,0,1.0,
2026-11-10 22:00:00,983.34,647.37,38.95,54.42,38.2,26.7,Normal Sales,Normal Sales,0,0,-1.0,0,1.0,
2026-11-10 23:00:00,1007.66,622.05,31.06,52.79,43.75,28.14,Normal Sales,Normal Sales,0,0,-1.0,0,1.0,
2026-11-11 00:00:00,422.94,252.5,12.97,34.11,31.47,19.85,Normal Sales,Normal Sales,0,0,-1.0,0,1.0,
2026-11-11 01:00:00,433.47,269.25,15.58,32.1,31.27,21.41,Normal Sales,Normal Sales,0,0,-1.0,0,1.0,
2026-11-11 02:00:00,422.17,256.31,14.52,30.0,31.62,21.8,Normal Sales,Normal Sales,0,0,-1.0,0,1.0,
2026-11-11 03:00:00,404.88,257.7,14.13,32.71,30.75,19.87,Normal Sales,Normal Sales,0,0,-1.0,0,1.0,
2026-11-11 04:00:00,398.77,264.46,14.68,28.68,31.54,18.84,Normal Sales,Normal Sales,0,0,-1.0,0,1.0,
2026-11-11 05:00:00,403.55,254.21,11.35,30.96,30.93,14.98,Normal Sales,Normal Sales,0,0,-1.0,0,1.0,
2026-11-11 06:00:00,574.38,331.07,18.37,38.6,31.98,18.38,Normal Sales,Normal Sales,0,0,-1.0,0,1.0,
2026-11-11 07:00:00,613.68,383.26,19.68,44.73,34.8,21.24,Normal Sales,Normal Sales,0,0,-1.0,0,1.0,
2026-11-11 08:00:00,597.7,395.8,22.86,36.25,32.77,21.0,Normal Sales,Normal Sales,0,0,-1.0,0,1.0,
2026-11-11 09:00:00,796.52,509.52,25.88,47.1,40.94,24.8,Normal Sales,Normal Sales,0,0,-1.0,0,1.0,
2026-11-11 10:00:00,769.33,443.63,23.43,41.42,36.29,24.18,Normal Sales,Normal Sales,0,0,-1.0,0,1.0,
2026-11-11 11:00:00,798.47,483.05,22.99,48.21,36.87,24.29,Normal Sales,Normal Sales,0,0,-1.0,0,1.0,
2026-11-11 12:00:00,760.66,461.39,24.22,41.51,35.12,23.51,Normal Sales,Normal Sales,0,0,-1.0,0,1.0,
2026-11-11 13:00:00,904.06,543.42,27.48,48.8,40.93,23.71,Normal Sales,Normal Sales,0,0,-1.0,0,1.0,
2026-11-11 14:00:00,891.34,536.12,31.74,47.99,40.48,27.43,Normal Sales,Normal Sales,0,0,-1.0,0,1.0,
2026-11-11 15:00:00,959.42,561.01,28.06,53.83,42.31,24.79,Normal Sales,Normal Sales,0,0,-1.0,0,1.0,
2026-11-11 16:00:00,746.59,464.91,22.54,42.82,37.05,24.25,Normal Sales,Normal Sales,0,0,-1.0,0,1.0,
2026-11-11 17:00:00,1365.9,837.54,44.11,68.91,47.97,32.21,Normal Sales,Normal Sales,0,0,-1.0,0,1.0,
2026-11-11 18:00:00,1267.83,776.6,44.1,67.31,44.1,32.26,Normal Sales,Normal Sales,0,0,-1.0,0,1.0,
2026-11-11 19:00:00,1169.0,697.97,39.51,58.58,41.65,29.47,Normal Sales,Normal Sales,0,0,-1.0,0,1.0,
2026-11-11 20:00:00,1321.45,783.12,46.56,65.24,47.65,31.58,Normal Sales,Normal Sales,0,0,-1.0,0,1.0,
2026-11-11 21:00:00,1070.53,687.79,37.09,59.41,40.73,28.63,Normal Sales,Normal Sales,0,0,-1.0,0,1.0,
2026-11-11 22:00:00,1056.72,664.86,37.89,59.3,43.06,27.0,Normal Sales,Normal Sales,0,0,-1.0,0,1.0,
2026-11-11 23:00:00,1066.3,674.01,38.24,57.0,44.35,32.68,Normal Sales,Normal Sales,0,0,-1.0,0,1.0,
2026-11-12 00:00:00,414.21,283.45,15.66,29.07,28.23,19.93,Normal Sales,Normal Sales,0,0,-1.0,0,1.0,
2026-11-12 01:00:00,443.46,290.17,17.5,41.08,32.6,18.72,Normal Sales,Normal Sales,0,0,-1.0,0,1.0,
2026-11-12 02:00:00,419.46,300.94,14.01,37.99,31.16,17.86,Normal Sales,Normal Sales,0,0,-1.0,0,1.0,
2026-11-12 03:00:00,391.53,279.76,13.67,33.88,28.71,22.93,Normal Sales,Normal Sales,0,0,-1.0,0,1.0,
2026-11-12 04:00:00,424.21,229.35,11.76,35.2,29.26,17.01,Normal Sales,Normal Sales,0,0,-1.0,0,1.0,
2026-11-12 05:00:00,447.19,285.82,13.28,35.0,31.3,19.25,Normal Sales,Normal Sales,0,0,-1.0,0,1.0,
2026-11-12 06:00:00,638.61,401.95,21.92,40.84,37.01,20.61,Normal Sales,Normal Sales,0,0,-1.0,0,1.0,
2026-11-12 07:00:00,543.66,331.44,18.99,36.22,32.19,19.56,Normal Sales,Normal Sales,0,0,-1.0,0,1.0,
2026-11-12 08:00:00,609.0,345.13,20.3,31.75,35.43,21.25,Normal Sales,Normal Sales,0,0,-1.0,0,1.0,
2026-11-12 09:00:00,817.19,458.44,25.8,43.81,41.1,24.18,Normal Sales,Normal Sales,0,0,-1.0,0,1.0,
2026-11-12 10:00:00,750.46,423.02,22.04,45.07,39.06,22.94,Normal Sales,Normal Sales,0,0,-1.0,0,1.0,
2026-11-12 11:00:00,800.56,488.05,26.8,49.41,36.92,25.52,Normal Sales,Normal Sales,0,0,-1.0,0,1.0,
2026-11-12 12:00:00,776.3,506.64,29.02,49.44,40.96,19.5,Normal Sales,Normal Sales,0,0,-1.0,0,1.0,
2026-11-12 13:00:00,924.77,585.08,33.07,52.33,40.2,27.3,Normal Sales,Normal Sales,0,0,-1.0,0,1.0,
2026-11-12 14:00:00,931.55,598.22,32.85,51.9,39.88,26.13,Normal Sales,Normal Sales,0,0,-1.0,0,1.0,
2026-11-12 15:00:00,970.5,569.94,32.85,53.27,39.44,26.84,Normal Sales,Normal Sales,0,0,-1.0,0,1.0,
2026-11-12 16:00:00,947.45,579.17,34.48,54.44,38.69,24.26,Normal Sales,Normal Sales,0,0,-1.0,0,1.0,
2026-11-12 17:00:00,1276.89,760.66,36.03,61.22,50.06,30.12,Normal Sales,Normal Sales,0,0,-1.0,0,1.0,
2026-11-12 18:00:00,1290.44,817.57,44.88,64.28,48.39,32.52,Normal Sales,Normal Sales,0,0,-1.0,0,1.0,
2026-11-12 19:00:00,1260.62,801.52,42.02,61.0,42.18,33.17,Normal Sales,Normal Sales,0,0,-1.0,0,1.0,
2026-11-12 20:00:00,1256.05,799.41,44.07,60.59,44.64,33.78,Normal Sales,Normal Sales,0,0,-1.0,0,1.0,
2026-11-12 21:00:00,972.07,632.36,33.87,56.03,36.96,27.36,Normal Sales,Normal Sales,0,0,-1.0,0,1.0,
2026-11-12 22:00:00,965.92,563.93,33.24,49.5,38.93,28.7,Normal Sales,Normal Sales,0,0,-1.0,0,1.0,
2026-11-12 23:00:00,992.94,635.12,31.53,52.53,45.05,29.59,Normal Sales,Normal Sales,0,0,-1.0,0,1.0,
2026-11-13 00:00:00,399.67,253.42,11.95,36.09,26.25,18.89,Normal Sales,Normal Sales,0,0,-1.0,0,1.0,
2026-11-13 01:00:00,427.83,237.44,12.51,33.05,27.72,15.38,Normal Sales,Normal Sales,0,0,-1.0,0,1.0,
2026-11-13 02:00:00,419.06,238.99,12.22,32.06,29.3,17.92,Normal Sales,Normal Sales,0,0,-1.0,0,1.0,
2026-11-13 03:00:00,428.63,285.22,13.2,32.69,32.46,16.17,Normal Sales,Normal Sales,0,0,-1.0,0,1.0,
2026-11-13 04:00:00,424.58,263.94,9.34,32.04,31.88,18.17,Normal Sales,Normal Sales,0,0,-1.0,0,1.0,
2026-11-13 05:00:00,412.32,259.54,16.25,34.32,29.5,15.57,Normal Sales,Normal Sales,0,0,-1.0,0,1.0,
2026-11-13 06:00:00,625.88,358.6,18.67,39.65,36.93,23.54,Normal Sales,Normal Sales,0,0,-1.0,0,1.0,
2026-11-13 07:00:00,611.89,366.63,17.76,44.29,33.82,22.52,Normal Sales,Normal Sales,0,0,-1.0,0,1.0,
2026-11-13 08:00:00,616.04,369.56,19.25,36.1,36.72,21.0,Normal Sales,Normal Sales,0,0,-1.0,0,1.0,
2026-11-13 09:00:00,854.76,518.73,27.93,45.35,37.91,22.49,Normal Sales,Normal Sales,0,0,-1.0,0,1.0,
2026-11-13 10:00:00,813.8,507.25,30.85,43.69,40.27,22.72,Normal Sales,Normal Sales,0,0,-1.0,0,1.0,
2026-11-13 11:00:00,811.47,474.48,26.5,39.57,36.45,24.07,Normal Sales,Normal Sales,0,0,-1.0,0,1.0,
2026-11-13 12:00:00,867.76,484.81,26.66,45.46,34.92,21.87,Normal Sales,Normal Sales,0,0,-1.0,0,1.0,
2026-11-13 13:00:00,870.59,551.44,30.51,46.5,35.13,26.62,Normal Sales,Normal Sales,0,0,-1.0,0,1.0,
2026-11-13 14:00:00,882.89,587.68,31.62,54.37,40.1,28.34,Normal Sales,Normal Sales,0,0,-1.0,0,1.0,
2026-11-13 15:00:00,910.87,576.1,27.1,50.62,38.16,28.94,Normal Sales,Normal Sales,0,0,-1.0,0,1.0,
2026-11-13 16:00:00,846.94,518.1,30.1,48.84,38.73,27.17,Normal Sales,Normal Sales,0,0,-1.0,0,1.0,
2026-11-13 17:00:00,1283.48,782.13,40.42,64.68,44.28,31.07,Normal Sales,Normal Sales,0,0,-1.0,0,1.0,
2026-11-13 18:00:00,1335.32,822.36,44.34,64.99,46.2,30.58,Normal Sales,Normal Sales,0,0,-1.0,0,1.0,
2026-11-13 19:00:00,1373.26,837.69,47.64,64.14,48.44,33.28,Normal Sales,Normal Sales,0,0,-1.0,0,1.0,
2026-11-13 20:00:00,1268.59,790.9,44.33,63.17,45.21,32.93,Normal Sales,Normal Sales,0,0,-1.0,0,1.0,
2026-11-13 21:00:00,929.18,543.68,30.26,44.87,36.43,29.2,Normal Sales,Normal Sales,0,0,-1.0,0,1.0,
2026-11-13 22:00:00,1061.79,644.04,37.42,58.06,42.99,27.94,Normal Sales,Normal Sales,0,0,-1.0,0,1.0,
2026-11-13 23:00:00,1016.31,650.06,37.04,51.51,45.34,33.06,Normal Sales,Normal Sales,0,0,-1.0,0,1.0,
2026-11-14 00:00:00,505.46,326.16,22.03,39.23,34.62,17.28,Weekend Sales,Weekend Sales,0,0,-1.0,0,1.0,
2026-11-14 01:00:00,580.9,366.14,21.7,36.53,31.73,20.87,Weekend Sales,Weekend Sales,0,0,-1.0,0,1.0,
2026-11-14 02:00:00,548.2,335.95,17.52,37.0,31.99,20.3,Weekend Sales,Weekend Sales,0,0,-1.0,0,1.0,
2026-11-14 03:00:00,519.02,334.65,18.93,34.06,35.48,18.71,Weekend Sales,Weekend Sales,0,0,-1.0,0,1.0,
2026-11-14 04:00:00,592.02,375.29,22.64,40.06,35.2,23.36,Weekend Sales,Weekend Sales,0,0,-1.0,0,1.0,
2026-11-14 05:00:00,612.08,406.36,23.25,37.81,29.57,21.9,Weekend Sales,Weekend Sales,0,0,-1.0,0,1.0,
2026-11-14 06:00:00,778.32,465.61,25.44,46.84,35.99,25.43,Weekend Sales,Weekend Sales,0,0,-1.0,0,1.0,
2026-11-14 07:00:00,808.5,502.21,31.37,47.51,37.64,25.6,Weekend Sales,Weekend Sales,0,0,-1.0,0,1.0,
2026-11-14 08:00:00,879.68,544.23,30.81,49.26,38.75,24.63,Weekend Sales,Weekend Sales,0,0,-1.0,0,1.0,
2026-11-14 09:00:00,1025.95,678.49,36.21,52.89,41.69,31.0,Weekend Sales,Weekend Sales,0,0,-1.0,0,1.0,
2026-11-14 10:00:00,1121.08,665.21,38.81,62.05,41.69,28.28,Weekend Sales,Weekend Sales,0,0,-1.0,0,1.0,
2026-11-14 11:00:00,990.51,660.46,33.34,54.65,42.41,27.14,Weekend Sales,Weekend Sales,0,0,-1.0,0,1.0,
2026-11-14 12:00:00,1003.31,620.74,38.92,53.32,40.64,25.29,Weekend Sales,Weekend Sales,0,0,-1.0,0,1.0,
2026-11-14 13:00:00,1202.4,767.58,41.0,63.5,43.24,27.4,Weekend Sales,Weekend Sales,0,0,-1.0,0,1.0,
2026-11-14 14:00:00,1206.66,799.99,41.61,64.1,47.13,31.8,Weekend Sales,Weekend Sales,0,0,-1.0,0,1.0,
2026-11-14 15:00:00,1095.52,680.35,40.4,56.11,43.09,26.9,Weekend Sales,Weekend Sales,0,0,-1.0,0,1.0,
2026-11-14 16:00:00,1173.82,737.43,40.81,59.5,44.84,31.77,Weekend Sales,Weekend Sales,0,0,-1.0,0,1.0,
2026-11-14 17:00:00,1738.05,1070.27,57.62,84.97,53.82,38.24,Weekend Sales,Weekend Sales,0,0,-1.0,0,1.0,
2026-11-14 18:00:00,1552.59,939.29,50.38,73.79,49.68,35.51,Weekend Sales,Weekend Sales,0,0,-1.0,0,1.0,
2026-11-14 19:00:00,1556.26,999.99,53.52,76.04,49.4,36.36,Weekend Sales,Weekend Sales,0,0,-1.0,0,1.0,
2026-11-14 20:00:00,1609.84,1005.51,53.34,76.91,51.13,38.4,Weekend Sales,Weekend Sales,0,0,-1.0,0,1.0,
2026-11-14 21:00:00,1351.37,829.91,46.38,65.04,49.61,32.03,Weekend Sales,Weekend Sales,0,0,-1.0,0,1.0,
2026-11-14 22:00:00,1290.71,788.52,41.9,68.89,46.91,31.85,Weekend Sales,Weekend Sales,0,0,-1.0,0,1.0,
2026-11-14 23:00:00,1272.82,816.97,43.84,65.25,50.04,30.51,Weekend Sales,Weekend Sales,0,0,-1.0,0,1.0,
2026-11-15 00:00:00,574.14,363.18,21.03,38.22,32.58,21.53,Weekend Sales,Weekend Sales,0,0,-1.0,0,1.0,
2026-11-15 01:00:00,546.31,280.42,13.77,34.2,31.13,19.31,Weekend Sales,Weekend Sales,0,0,-1.0,0,1.0,
2026-11-15 02:00:00,537.88,332.4,22.62,40.33,34.33,23.93,Weekend Sales,Weekend Sales,0,0,-1.0,0,1.0,
2026-11-15 03:00:00,557.03,343.8,16.8,41.12,37.38,22.41,Weekend Sales,Weekend Sales,0,0,-1.0,0,1.0,
2026-11-15 04:00:00,598.85,302.85,21.34,36.16,38.89,23.03,Weekend Sales,Weekend Sales,0,0,-1.0,0,1.0,
2026-11-15 05:00:00,580.65,351.43,19.64,33.68,35.73,15.68,Weekend Sales,Weekend Sales,0,0,-1.0,0,1.0,
2026-11-15 06:00:00,795.47,531.77,30.69,44.47,34.84,24.1,Weekend Sales,Weekend Sales,0,0,-1.0,0,1.0,
2026-11-15 07:00:00,810.69,524.54,30.06,45.44,39.02,26.56,Weekend Sales,Weekend Sales,0,0,-1.0,0,1.0,
2026-11-15 08:00:00,827.25,574.85,33.07,52.91,41.82,28.07,Weekend Sales,Weekend Sales,0,0,-1.0,0,1.0,
2026-11-15 09:00:00,1026.9,667.75,35.92,53.81,39.66,31.16,Weekend Sales,Weekend Sales,0,0,-1.0,0,1.0,
2026-11-15 10:00:00,1088.75,701.55,39.84,58.75,43.14,30.72,Weekend Sales,Weekend Sales,0,0,-1.0,0,1.0,
2026-11-15 11:00:00,1024.19,602.74,32.18,54.68,40.12,31.33,Weekend Sales,Weekend Sales,0,0,-1.0,0,1.0,
2026-11-15 12:00:00,1079.3,672.15,35.76,59.17,39.92,29.44,Weekend Sales,Weekend Sales,0,0,-1.0,0,1.0,
2026-11-15 13:00:00,1154.53,718.83,40.51,56.72,40.29,28.11,Weekend Sales,Weekend Sales,0,0,-1.0,0,1.0,
2026-11-15 14:00:00,1232.12,773.24,41.72,67.57,47.52,33.42,Weekend Sales,Weekend Sales,0,0,-1.0,0,1.0,
2026-11-15 15:00:00,1137.5,731.06,40.89,58.19,43.13,28.2,Weekend Sales,Weekend Sales,0,0,-1.0,0,1.0,
2026-11-15 16:00:00,1138.13,677.04,39.15,57.39,41.47,29.96,Weekend Sales,Weekend Sales,0,0,-1.0,0,1.0,
2026-11-15 17:00:00,1677.3,1066.19,58.91,75.8,51.52,36.34,Weekend Sales,Weekend Sales,0,0,-1.0,0,1.0,
2026-11-15 18:00:00,1724.39,1096.23,57.2,80.81,55.62,36.29,Weekend Sales,Weekend Sales,0,0,-1.0,0,1.0,
2026-11-15 19:00:00,1640.7,1017.23,58.08,78.26,53.39,38.64,Weekend Sales,Weekend Sales,0,0,-1.0,0,1.0,
2026-11-15 20:00:00,1645.89,1061.53,57.04,71.99,48.38,38.3,Weekend Sales,Weekend Sales,0,0,-1.0,0,1.0,
2026-11-15 21:00:00,1282.85,781.96,43.31,66.45,46.72,32.85,Weekend Sales,Weekend Sales,0,0,-1.0,0,1.0,
2026-11-15 22:00:00,1234.04,752.12,42.77,61.99,45.93,32.03,Weekend Sales,Weekend Sales,0,0,-1.0,0,1.0,
2026-11-15 23:00:00,1315.31,855.04,45.96,64.95,42.83,34.87,Weekend Sales,Weekend Sales,0,0,-1.0,0,1.0,
2026-11-16 00:00:00,410.87,286.39,16.25,33.33,28.88,20.85,Normal Sales,Normal Sales,0,0,-1.0,0,1.0,
2026-11-16 01:00:00,421.79,268.2,15.96,34.11,29.47,19.75,Normal Sales,Normal Sales,0,0,-1.0,0,1.0,
2026-11-16 02:00:00,440.27,281.97,16.77,36.02,30.69,18.18,Normal Sales,Normal Sales,0,0,-1.0,0,1.0,
2026-11-16 03:00:00,470.01,324.55,17.75,38.07,30.11,18.92,Normal Sales,Normal Sales,0,0,-1.0,0,1.0,
2026-11-16 04:00:00,396.56,253.01,14.51,35.27,30.32,20.46,Normal Sales,Normal Sales,0,0,-1.0,0,1.0,
2026-11-16 05:00:00,436.73,332.26,21.61,40.18,33.1,18.52,Normal Sales,Normal Sales,0,0,-1.0,0,1.0,
2026-11-16 06:00:00,619.84,440.49,25.24,40.73,35.21,21.03,Normal Sales,Normal Sales,0,0,-1.0,0,1.0,
2026-11-16 07:00:00,584.74,372.86,21.99,37.46,32.82,18.47,Normal Sales,Normal Sales,0,0,-1.0,0,1.0,
2026-11-16 08:00:00,606.94,327.65,17.42,37.8,30.81,18.18,Normal Sales,Normal Sales,0,0,-1.0,0,1.0,
2026-11-16 09:00:00,796.46,488.89,26.59,47.09,34.2,25.64,Normal Sales,Normal Sales,0,0,-1.0,0,1.0,
2026-11-16 10:00:00,786.13,472.5,22.26,44.88,38.39,24.1,Normal Sales,Normal Sales,0,0,-1.0,0,1.0,
2026-11-16 11:00:00,805.68,491.05,26.89,43.77,37.69,23.29,Normal Sales,Normal Sales,0,0,-1.0,0,1.0,
2026-11-16 12:00:00,753.93,486.31,23.6,47.23,37.99,23.1,Normal Sales,Normal Sales,0,0,-1.0,0,1.0,
2026-11-16 13:00:00,938.84,568.37,30.04,48.09,39.94,24.29,Normal Sales,Normal Sales,0,0,-1.0,0,1.0,
2026-11-16 14:00:00,857.5,530.02,29.1,51.85,40.44,26.35,Normal Sales,Normal Sales,0,0,-1.0,0,1.0,
2026-11-16 15:00:00,886.3,539.41,29.61,47.97,37.67,25.33,Normal Sales,Normal Sales,0,0,-1.0,0,1.0,
2026-11-16 16:00:00,853.63,508.83,29.9,44.28,36.43,27.27,Normal Sales,Normal Sales,0,0,-1.0,0,1.0,
2026-11-16 17:00:00,1243.9,805.62,41.97,64.39,46.69,30.33,Normal Sales,Normal Sales,0,0,-1.0,0,1.0,
2026-11-16 18:00:00,1375.0,842.74,47.37,65.23,50.36,33.68,Normal Sales,Normal Sales,0,0,-1.0,0,1.0,
2026-11-16 19:00:00,1401.83,898.61,51.1,67.26,48.0,33.83,Normal Sales,Normal Sales,0,0,-1.0,0,1.0,
2026-11-16 20:00:00,1270.44,791.37,41.72,63.38,45.4,29.76,Normal Sales,Normal Sales,0,0,-1.0,0,1.0,
2026-11-16 21:00:00,1026.32,641.88,36.93,56.31,38.02,26.38,Normal Sales,Normal Sales,0,0,-1.0,0,1.0,
2026-11-16 22:00:00,1068.4,682.03,34.27,58.41,40.5,24.86,Normal Sales,Normal Sales,0,0,-1.0,0,1.0,
2026-11-16 23:00:00,1068.6,664.41,36.98,53.31,39.86,25.43,Normal Sales,Normal Sales,0,0,-1.0,0,1.0,
2026-11-17 00:00:00,453.1,239.84,16.42,29.95,29.25,17.89,Normal Sales,Normal Sales,0,0,-1.0,0,1.0,
2026-11-17 01:00:00,408.65,255.79,12.31,32.0,29.43,20.12,Normal Sales,Normal Sales,0,0,-1.0,0,1.0,
2026-11-17 02:00:00,433.97,275.25,17.25,34.52,31.74,18.64,Normal Sales,Normal Sales,0,0,-1.0,0,1.0,
2026-11-17 03:00:00,407.97,235.09,13.22,34.39,32.08,19.01,Normal Sales,Normal Sales,0,0,-1.0,0,1.0,
2026-11-17 04:00:00,399.72,260.9,13.55,33.38,31.9,16.21,Normal Sales,Normal Sales,0,0,-1.0,0,1.0,
2026-11-17 05:00:00,426.45,270.31,16.86,32.28,31.13,19.1,Normal Sales,Normal Sales,0,0,-1.0,0,1.0,
2026-11-17 06:00:00,595.39,355.76,18.42,38.45,37.62,20.71,Normal Sales,Normal Sales,0,0,-1.0,0,1.0,
2026-11-17 07:00:00,626.08,388.96,20.78,40.45,36.18,21.62,Normal Sales,Normal Sales,0,0,-1.0,0,1.0,
2026-11-17 08:00:00,606.26,370.01,18.36,42.1,33.41,24.19,Normal Sales,Normal Sales,0,0,-1.0,0,1.0,
2026-11-17 09:00:00,809.01,536.73,29.12,46.79,39.84,24.3,Normal Sales,Normal Sales,0,0,-1.0,0,1.0,
2026-11-17 10:00:00,850.61,541.84,32.73,46.75,40.37,24.06,Normal Sales,Normal Sales,0,0,-1.0,0,1.0,
2026-11-17 11:00:00,703.47,458.55,25.21,46.67,36.14,23.51,Normal Sales,Normal Sales,0,0,-1.0,0,1.0,
2026-11-17 12:00:00,859.08,535.59,28.51,48.75,38.92,19.7,Normal Sales,Normal Sales,0,0,-1.0,0,1.0,
2026-11-17 13:00:00,915.19,601.39,32.98,51.33,40.33,30.52,Normal Sales,Normal Sales,0,0,-1.0,0,1.0,
2026-11-17 14:00:00,914.22,572.17,30.69,48.39,39.59,26.39,Normal Sales,Normal Sales,0,0,-1.0,0,1.0,
2026-11-17 15:00:00,806.97,482.15,28.84,45.51,32.81,27.26,Normal Sales,Normal Sales,0,0,-1.0,0,1.0,
2026-11-17 16:00:00,853.44,517.38,30.58,46.25,34.57,25.37,Normal Sales,Normal Sales,0,0,-1.0,0,1.0,
2026-11-17 17:00:00,1319.94,806.64,44.12,61.91,44.45,31.52,Normal Sales,Normal Sales,0,0,-1.0,0,1.0,
2026-11-17 18:00:00,1310.54,814.98,46.86,69.29,48.05,29.19,Normal Sales,Normal Sales,0,0,-1.0,0,1.0,
2026-11-17 19:00:00,1251.36,797.77,43.64,59.86,44.17,27.4,Normal Sales,Normal Sales,0,0,-1.0,0,1.0,
2026-11-17 20:00:00,1251.76,758.97,41.02,65.12,42.62,29.54,Normal Sales,Normal Sales,0,0,-1.0,0,1.0,
2026-11-17 21:00:00,930.93,603.96,35.48,53.53,40.44,24.7,Normal Sales,Normal Sales,0,0,-1.0,0,1.0,
2026-11-17 22:00:00,997.12,590.17,32.54,51.68,39.76,26.81,Normal Sales,Normal Sales,0,0,-1.0,0,1.0,
2026-11-17 23:00:00,1020.72,677.23,38.35,62.34,41.75,32.5,Normal Sales,Normal Sales,0,0,-1.0,0,1.0,
2026-11-18 00:00:00,432.54,274.17,14.74,34.55,32.22,16.02,Normal Sales,Normal Sales,0,0,-1.0,0,1.0,
2026-11-18 01:00:00,438.14,234.55,14.3,33.56,34.29,16.14,Normal Sales,Normal Sales,0,0,-1.0,0,1.0,
2026-11-18 02:00:00,402.43,277.19,13.1,30.76,31.26,18.84,Normal Sales,Normal Sales,0,0,-1.0,0,1.0,
2026-11-18 03:00:00,426.61,277.94,16.37,33.73,31.35,18.81,Normal Sales,Normal Sales,0,0,-1.0,0,1.0,
2026-11-18 04:00:00,424.07,228.24,14.07,34.29,32.48,18.83,Normal Sales,Normal Sales,0,0,-1.0,0,1.0,
2026-11-18 05:00:00,402.35,214.08,13.44,30.92,31.18,17.78,Normal Sales,Normal Sales,0,0,-1.0,0,1.0,
2026-11-18 06:00:00,619.32,400.14,21.82,36.2,35.91,23.16,Normal Sales,Normal Sales,0,0,-1.0,0,1.0,
2026-11-18 07:00:00,571.88,325.42,19.66,40.02,28.39,21.02,Normal Sales,Normal Sales,0,0,-1.0,0,1.0,
2026-11-18 08:00:00,604.72,376.78,20.99,37.89,35.59,20.04,Normal Sales,Normal Sales,0,0,-1.0,0,1.0,
2026-11-18 09:00:00,829.47,538.5,27.87,46.75,38.33,28.47,Normal Sales,Normal Sales,0,0,-1.0,0,1.0,
2026-11-18 10:00:00,775.91,470.98,26.55,47.04,38.24,23.84,Normal Sales,Normal Sales,0,0,-1.0,0,1.0,
2026-11-18 11:00:00,787.39,496.48,20.91,51.31,37.01,24.78,Normal Sales,Normal Sales,0,0,-1.0,0,1.0,
2026-11-18 12:00:00,883.54,529.26,33.77,50.73,39.91,26.52,Normal Sales,Normal Sales,0,0,-1.0,0,1.0,
2026-11-18 13:00:00,856.08,489.54,24.56,49.6,36.68,20.93,Normal Sales,Normal Sales,0,0,-1.0,0,1.0,
2026-11-18 14:00:00,890.13,566.25,31.22,52.12,41.44,27.3,Normal Sales,Normal Sales,0,0,-1.0,0,1.0,
2026-11-18 15:00:00,886.79,536.2,31.03,49.91,37.35,28.01,Normal Sales,Normal Sales,0,0,-1.0,0,1.0,
2026-11-18 16:00:00,905.39,577.67,30.99,54.06,36.22,29.79,Normal Sales,Normal Sales,0,0,-1.0,0,1.0,
2026-11-18 17:00:00,1146.85,676.63,37.72,56.3,42.84,27.85,Normal Sales,Normal Sales,0,0,-1.0,0,1.0,
2026-11-18 18:00:00,1220.24,764.47,41.95,64.38,44.9,30.28,Normal Sales,Normal Sales,0,0,-1.0,0,1.0,
2026-11-18 19:00:00,1319.14,772.06,37.3,59.33,45.74,32.08,Normal Sales,Normal Sales,0,0,-1.0,0,1.0,
2026-11-18 20:00:00,1100.35,681.92,36.8,57.83,38.89,34.28,Normal Sales,Normal Sales,0,0,-1.0,0,1.0,
2026-11-18 21:00:00,989.35,582.97,32.32,55.89,38.25,23.58,Normal Sales,Normal Sales,0,0,-1.0,0,1.0,
2026-11-18 22:00:00,981.92,607.97,34.86,56.9,42.25,24.42,Normal Sales,Normal Sales,0,0,-1.0,0,1.0,
2026-11-18 23:00:00,934.85,559.65,32.34,52.18,42.42,27.11,Normal Sales,Normal Sales,0,0,-1.0,0,1.0,
2026-11-19 00:00:00,410.23,249.42,10.8,34.08,29.72,20.68,Normal Sales,Normal Sales,0,0,-1.0,0,1.0,
2026-11-19 01:00:00,436.23,318.91,18.38,36.84,31.05,19.2,Normal Sales,Normal Sales,0,0,-1.0,0,1.0,
2026-11-19 02:00:00,418.04,284.16,12.93,34.29,27.77,19.85,Normal Sales,Normal Sales,0,0,-1.0,0,1.0,
2026-11-19 03:00:00,413.81,269.15,13.32,32.78,32.3,18.98,Normal Sales,Normal Sales,0,0,-1.0,0,1.0,
2026-11-19 04:00:00,456.19,270.8,13.76,36.93,31.02,17.94,Normal Sales,Normal Sales,0,0,-1.0,0,1.0,
2026-11-19 05:00:00,431.63,263.51,13.87,31.58,34.06,18.29,Normal Sales,Normal Sales,0,0,-1.0,0,1.0,
2026-11-19 06:00:00,594.55,361.2,20.58,42.66,33.77,19.3,Normal Sales,Normal Sales,0,0,-1.0,0,1.0,
2026-11-19 07:00:00,670.44,419.06,22.84,42.4,32.91,22.39,Normal Sales,Normal Sales,0,0,-1.0,0,1.0,
2026-11-19 08:00:00,634.98,424.19,22.61,42.64,37.27,22.68,Normal Sales,Normal Sales,0,0,-1.0,0,1.0,
2026-11-19 09:00:00,828.76,524.44,27.52,45.94,40.21,19.76,Normal Sales,Normal Sales,0,0,-1.0,0,1.0,
2026-11-19 10:00:00,773.23,444.52,26.57,47.6,35.7,28.64,Normal Sales,Normal Sales,0,0,-1.0,0,1.0,
2026-11-19 11:00:00,855.07,535.07,32.43,47.31,37.98,26.3,Normal Sales,Normal Sales,0,0,-1.0,0,1.0,
2026-11-19 12:00:00,772.3,446.72,22.69,43.79,38.07,22.49,Normal Sales,Normal Sales,0,0,-1.0,0,1.0,
2026-11-19 13:00:00,820.78,520.64,31.18,46.35,41.28,26.75,Normal Sales,Normal Sales,0,0,-1.0,0,1.0,
2026-11-19 14:00:00,846.97,508.92,27.36,47.21,33.52,23.22,Normal Sales,Normal Sales,0,0,-1.0,0,1.0,
2026-11-19 15:00:00,869.34,586.26,32.7,49.34,37.9,27.51,Normal Sales,Normal Sales,0,0,-1.0,0,1.0,
2026-11-19 16:00:00,877.2,529.23,28.0,50.03,36.15,23.06,Normal Sales,Normal Sales,0,0,-1.0,0,1.0,
2026-11-19 17:00:00,1211.62,723.6,38.15,62.5,46.67,30.63,Normal Sales,Normal Sales,0,0,-1.0,0,1.0,
2026-11-19 18:00:00,1284.2,779.45,38.71,63.71,46.43,30.14,Normal Sales,Normal Sales,0,0,-1.0,0,1.0,
2026-11-19 19:00:00,1202.19,713.52,39.58,59.93,46.83,28.23,Normal Sales,Normal Sales,0,0,-1.0,0,1.0,
2026-11-19 20:00:00,1252.26,776.83,41.63,65.07,47.76,29.21,Normal Sales,Normal Sales,0,0,-1.0,0,1.0,
2026-11-19 21:00:00,965.57,631.77,35.39,54.45,41.1,29.11,Normal Sales,Normal Sales,0,0,-1.0,0,1.0,
2026-11-19 22:00:00,1007.44,629.95,34.67,57.78,40.59,27.75,Normal Sales,Normal Sales,0,0,-1.0,0,1.0,
2026-11-19 23:00:00,1064.89,668.38,36.63,58.17,42.56,27.23,Normal Sales,Normal Sales,0,0,-1.0,0,1.0,
2026-11-20 00:00:00,428.91,245.7,17.17,33.08,29.42,17.36,Normal Sales,Normal Sales,0,1,168.0,24,2.3,Black Friday
2026-11-20 01:00:00,439.81,245.4,18.94,28.92,33.33,17.16,Normal Sales,Normal Sales,0,1,167.0,24,2.3,Black Friday
2026-11-20 02:00:00,406.58,265.52,13.7,37.18,28.11,19.76,Normal Sales,Normal Sales,0,1,166.0,24,2.3,Black Friday
2026-11-20 03:00:00,417.88,266.5,15.69,29.01,31.57,20.84,Normal Sales,Normal Sales,0,1,165.0,24,2.3,Black Friday
2026-11-20 04:00:00,433.6,259.61,11.45,34.42,35.12,19.81,Normal Sales,Normal Sales,0,1,164.0,24,2.3,Black Friday
2026-11-20 05:00:00,448.24,301.24,15.78,35.37,33.36,16.37,Normal Sales,Normal Sales,0,1,163.0,24,2.3,Black Friday
2026-11-20 06:00:00,631.98,423.3,23.18,44.14,33.63,22.66,Normal Sales,Normal Sales,0,1,162.0,24,2.3,Black Friday
2026-11-20 07:00:00,603.68,385.77,21.01,36.0,32.83,25.53,Normal Sales,Normal Sales,0,1,161.0,24,2.3,Black Friday
2026-11-20 08:00:00,629.4,337.78,20.99,35.35,36.49,23.03,Normal Sales,Normal Sales,0,1,160.0,24,2.3,Black Friday
2026-11-20 09:00:00,804.42,473.82,24.63,47.33,35.4,22.68,Normal Sales,Normal Sales,0,1,159.0,24,2.3,Black Friday
2026-11-20 10:00:00,820.88,492.66,29.94,44.14,31.38,22.76,Normal Sales,Normal Sales,0,1,158.0,24,2.3,Black Friday
2026-11-20 11:00:00,812.76,525.5,28.09,47.46,37.76,28.62,Normal Sales,Normal Sales,0,1,157.0,24,2.3,Black Friday
2026-11-20 12:00:00,815.51,493.3,31.23,46.75,33.71,21.56,Normal Sales,Normal Sales,0,1,156.0,24,2.3,Black Friday
2026-11-20 13:00:00,919.48,525.65,29.91,47.06,41.99,25.48,Normal Sales,Normal Sales,0,1,155.0,24,2.3,Black Friday
2026-11-20 14:00:00,821.29,532.06,31.99,45.32,36.36,26.31,Normal Sales,Normal Sales,0,1,154.0,24,2.3,Black Friday
2026-11-20 15:00:00,925.0,632.33,36.56,59.86,39.76,28.58,Normal Sales,Normal Sales,0,1,153.0,24,2.3,Black Friday
2026-11-20 16:00:00,869.1,525.78,29.21,47.16,33.65,23.81,Normal Sales,Normal Sales,0,1,152.0,24,2.3,Black Friday
2026-11-20 17:00:00,1339.58,832.36,45.94,64.26,47.44,36.13,Normal Sales,Normal Sales,0,1,151.0,24,2.3,Black Friday
2026-11-20 18:00:00,1360.17,852.45,45.18,71.66,49.24,30.35,Normal Sales,Normal Sales,0,1,150.0,24,2.3,Black Friday
2026-11-20 19:00:00,1159.49,683.25,36.59,60.28,45.47,29.76,Normal Sales,Normal Sales,0,1,149.0,24,2.3,Black Friday
2026-11-20 20:00:00,1262.22,841.86,46.37,65.76,44.44,37.47,Normal Sales,Normal Sales,0,1,148.0,24,2.3,Black Friday
2026-11-20 21:00:00,1024.31,609.21,31.2,49.41,41.22,24.23,Normal Sales,Normal Sales,0,1,147.0,24,2.3,Black Friday
2026-11-20 22:00:00,930.95,603.9,35.0,56.35,36.89,25.09,Normal Sales,Normal Sales,0,1,146.0,24,2.3,Black Friday
2026-11-20 23:00:00,957.6,634.71,35.03,58.78,41.53,27.64,Normal Sales,Normal Sales,0,1,145.0,24,2.3,Black Friday
2026-11-21 00:00:00,576.71,314.33,13.18,37.41,33.83,23.73,Weekend Sales,Weekend Sales,0,1,144.0,24,2.3,Black Friday
2026-11-21 01:00:00,521.97,332.93,19.7,38.01,35.07,19.06,Weekend Sales,Weekend Sales,0,1,143.0,24,2.3,Black Friday
2026-11-21 02:00:00,583.95,376.09,23.02,38.32,31.55,20.15,Weekend Sales,Weekend Sales,0,1,142.0,24,2.3,Black Friday
2026-11-21 03:00:00,530.83,314.99,16.66,34.14,33.04,17.52,Weekend Sales,Weekend Sales,0,1,141.0,24,2.3,Black Friday
2026-11-21 04:00:00,558.57,333.93,18.12,38.48,32.66,18.79,Weekend Sales,Weekend Sales,0,1,140.0,24,2.3,Black Friday
2026-11-21 05:00:00,542.28,361.79,22.45,37.33,32.91,17.64,Weekend Sales,Weekend Sales,0,1,139.0,24,2.3,Black Friday
2026-11-21 06:00:00,802.42,461.21,24.39,47.87,34.64,21.73,Weekend Sales,Weekend Sales,0,1,138.0,24,2.3,Black Friday
2026-11-21 07:00:00,773.47,437.83,25.81,44.58,40.77,20.96,Weekend Sales,Weekend Sales,0,1,137.0,24,2.3,Black Friday
2026-11-21 08:00:00,738.04,481.12,25.74,44.39,39.5,24.37,Weekend Sales,Weekend Sales,0,1,136.0,24,2.3,Black Friday
2026-11-21 09:00:00,1106.83,670.67,35.44,56.12,44.16,28.87,Weekend Sales,Weekend Sales,0,1,135.0,24,2.3,Black Friday
2026-11-21 10:00:00,1083.73,606.83,29.61,48.59,41.66,24.38,Weekend Sales,Weekend Sales,0,1,134.0,24,2.3,Black Friday
2026-11-21 11:00:00,1148.42,711.49,39.57,56.48,41.28,32.89,Weekend Sales,Weekend Sales,0,1,133.0,24,2.3,Black Friday
2026-11-21 12:00:00,1153.33,725.46,35.84,58.81,44.23,29.68,Weekend Sales,Weekend Sales,0,1,132.0,24,2.3,Black Friday
2026-11-21 13:00:00,1058.07,702.24,36.95,54.71,41.93,31.92,Weekend Sales,Weekend Sales,0,1,131.0,24,2.3,Black Friday
2026-11-21 14:00:00,1213.9,719.73,36.62,54.62,44.05,29.05,Weekend Sales,Weekend Sales,0,1,130.0,24,2.3,Black Friday
2026-11-21 15:00:00,1213.95,735.51,42.4,62.45,43.18,31.17,Weekend Sales,Weekend Sales,0,1,129.0,24,2.3,Black Friday
2026-11-21 16:00:00,1262.18,758.54,41.29,61.65,44.74,32.57,Weekend Sales,Weekend Sales,0,1,128.0,24,2.3,Black Friday
2026-11-21 17:00:00,1755.97,1098.87,61.16,80.09,54.51,36.9,Weekend Sales,Weekend Sales,0,1,127.0,24,2.3,Black Friday
2026-11-21 18:00:00,1890.3,1205.74,68.23,88.4,56.95,38.76,Weekend Sales,Weekend Sales,0,1,126.0,24,2.3,Black Friday
2026-11-21 19:00:00,1576.03,948.79,52.3,72.6,52.42,33.79,Weekend Sales,Weekend Sales,0,1,125.0,24,2.3,Black Friday
2026-11-21 20:00:00,1768.2,1075.78,58.33,82.79,55.07,36.39,Weekend Sales,Weekend Sales,0,1,124.0,24,2.3,Black Friday
2026-11-21 21:00:00,1377.72,856.41,42.82,65.45,46.6,31.07,Weekend Sales,Weekend Sales,0,1,123.0,24,2.3,Black Friday
2026-11-21 22:00:00,1395.94,856.12,48.01,68.21,49.14,36.75,Weekend Sales,Weekend Sales,0,1,122.0,24,2.3,Black Friday
2026-11-21 23:00:00,1352.32,882.0,49.91,68.84,47.63,28.8,Weekend Sales,Weekend Sales,0,1,121.0,24,2.3,Black Friday
2026-11-22 00:00:00,548.12,336.25,19.37,37.45,33.99,17.76,Weekend Sales,Weekend Sales,0,1,120.0,24,2.3,Black Friday
2026-11-22 01:00:00,516.54,290.67,19.13,32.04,31.2,19.48,Weekend Sales,Weekend Sales,0,1,119.0,24,2.3,Black Friday
2026-11-22 02:00:00,516.25,298.27,17.76,34.46,36.14,16.06,Weekend Sales,Weekend Sales,0,1,118.0,24,2.3,Black Friday
2026-11-22 03:00:00,551.19,330.8,18.18,34.23,32.21,21.85,Weekend Sales,Weekend Sales,0,1,117.0,24,2.3,Black Friday
2026-11-22 04:00:00,553.33,316.32,21.56,36.78,34.63,21.44,Weekend Sales,Weekend Sales,0,1,116.0,24,2.3,Black Friday
2026-11-22 05:00:00,558.9,326.77,18.37,35.43,34.24,19.84,Weekend Sales,Weekend Sales,0,1,115.0,24,2.3,Black Friday
2026-11-22 06:00:00,851.87,499.62,28.92,48.83,38.0,25.95,Weekend Sales,Weekend Sales,0,1,114.0,24,2.3,Black Friday
2026-11-22 07:00:00,827.14,529.5,30.33,48.57,36.87,24.02,Weekend Sales,Weekend Sales,0,1,113.0,24,2.3,Black Friday
2026-11-22 08:00:00,801.47,517.99,29.75,50.24,39.84,24.52,Weekend Sales,Weekend Sales,0,1,112.0,24,2.3,Black Friday
2026-11-22 09:00:00,1163.4,718.71,38.54,60.48,44.75,28.48,Weekend Sales,Weekend Sales,0,1,111.0,24,2.3,Black Friday
2026-11-22 10:00:00,1051.05,640.47,35.51,57.22,41.34,29.16,Weekend Sales,Weekend Sales,0,1,110.0,24,2.3,Black Friday
2026-11-22 11:00:00,985.88,633.49,33.94,53.22,41.56,28.74,Weekend Sales,Weekend Sales,0,1,109.0,24,2.3,Black Friday
2026-11-22 12:00:00,1053.5,630.95,33.74,55.06,42.89,26.13,Weekend Sales,Weekend Sales,0,1,108.0,24,2.3,Black Friday
2026-11-22 13:00:00,1146.19,717.21,39.28,59.81,38.26,29.34,Weekend Sales,Weekend Sales,0,1,107.0,24,2.3,Black Friday
2026-11-22 14:00:00,1234.61,750.06,42.23,58.61,41.86,31.59,Weekend Sales,Weekend Sales,0,1,106.0,24,2.3,Black Friday
2026-11-22 15:00:00,1180.87,723.74,41.5,59.24,42.81,28.61,Weekend Sales,Weekend Sales,0,1,105.0,24,2.3,Black Friday
2026-11-22 16:00:00,1127.71,710.84,38.47,61.87,37.27,31.62,Weekend Sales,Weekend Sales,0,1,104.0,24,2.3,Black Friday
2026-11-22 17:00:00,1712.91,1059.73,55.7,75.24,54.62,38.98,Weekend Sales,Weekend Sales,0,1,103.0,24,2.3,Black Friday
2026-11-22 18:00:00,1701.43,1052.33,59.58,77.5,52.25,37.96,Weekend Sales,Weekend Sales,0,1,102.0,24,2.3,Black Friday
2026-11-22 19:00:00,1664.68,1065.52,56.09,74.38,49.39,40.01,Weekend Sales,Weekend Sales,0,1,101.0,24,2.3,Black Friday
2026-11-22 20:00:00,1674.18,998.02,55.09,75.49,53.58,38.54,Weekend Sales,Weekend Sales,0,1,100.0,24,2.3,Black Friday
2026-11-22 21:00:00,1473.51,884.02,44.9,71.04,51.02,31.55,Weekend Sales,Weekend Sales,0,1,99.0,24,2.3,Black Friday
2026-11-22 22:00:00,1225.32,768.31,45.69,60.18,45.0,27.41,Weekend Sales,Weekend Sales,0,1,98.0,24,2.3,Black Friday
2026-11-22 23:00:00,1295.74,800.52,46.96,62.62,47.4,30.47,Weekend Sales,Weekend Sales,0,1,97.0,24,2.3,Black Friday
2026-11-23 00:00:00,426.22,316.19,20.98,40.54,32.04,19.48,Normal Sales,Normal Sales,0,1,96.0,24,2.3,Black Friday
2026-11-23 01:00:00,430.35,278.47,16.09,32.2,29.81,17.77,Normal Sales,Normal Sales,0,1,95.0,24,2.3,Black Friday
2026-11-23 02:00:00,447.01,306.62,23.23,36.44,30.02,18.71,Normal Sales,Normal Sales,0,1,94.0,24,2.3,Black Friday
2026-11-23 03:00:00,420.97,298.65,17.89,31.44,31.04,16.52,Normal Sales,Normal Sales,0,1,93.0,24,2.3,Black Friday
2026-11-23 04:00:00,436.88,253.19,12.7,28.19,32.94,20.75,Normal Sales,Normal Sales,0,1,92.0,24,2.3,Black Friday
2026-11-23 05:00:00,409.61,249.91,12.79,31.98,29.32,16.05,Normal Sales,Normal Sales,0,1,91.0,24,2.3,Black Friday
2026-11-23 06:00:00,654.83,340.0,19.71,39.25,38.44,20.03,Normal Sales,Normal Sales,0,1,90.0,24,2.3,Black Friday
2026-11-23 07:00:00,601.51,352.72,20.11,36.91,31.97,19.34,Normal Sales,Normal Sales,0,1,89.0,24,2.3,Black Friday
2026-11-23 08:00:00,583.87,336.85,18.7,37.34,35.03,20.72,Normal Sales,Normal Sales,0,1,88.0,24,2.3,Black Friday
2026-11-23 09:00:00,753.27,413.96,20.66,44.56,38.29,24.32,Normal Sales,Normal Sales,0,1,87.0,24,2.3,Black Friday
2026-11-23 10:00:00,835.05,544.91,30.78,53.71,38.78,29.62,Normal Sales,Normal Sales,0,1,86.0,24,2.3,Black Friday
2026-11-23 11:00:00,776.37,465.05,25.19,45.04,36.56,24.71,Normal Sales,Normal Sales,0,1,85.0,24,2.3,Black Friday
2026-11-23 12:00:00,797.37,479.19,25.56,48.99,38.19,20.63,Normal Sales,Normal Sales,0,1,84.0,24,2.3,Black Friday
2026-11-23 13:00:00,963.42,608.16,34.73,55.4,42.34,25.37,Normal Sales,Normal Sales,0,1,83.0,24,2.3,Black Friday
2026-11-23 14:00:00,847.83,585.56,30.81,52.08,41.68,25.75,Normal Sales,Normal Sales,0,1,82.0,24,2.3,Black Friday
2026-11-23 15:00:00,879.63,568.53,31.7,51.86,38.79,25.16,Normal Sales,Normal Sales,0,1,81.0,24,2.3,Black Friday
2026-11-23 16:00:00,880.85,575.97,31.09,52.04,37.04,30.48,Normal Sales,Normal Sales,0,1,80.0,24,2.3,Black Friday
2026-11-23 17:00:00,1293.22,810.28,46.42,63.61,48.37,29.22,Normal Sales,Normal Sales,0,1,79.0,24,2.3,Black Friday
2026-11-23 18:00:00,1233.82,744.93,37.21,60.07,44.87,28.44,Normal Sales,Normal Sales,0,1,78.0,24,2.3,Black Friday
2026-11-23 19:00:00,1194.36,741.53,40.62,60.26,41.77,29.75,Normal Sales,Normal Sales,0,1,77.0,24,2.3,Black Friday
2026-11-23 20:00:00,1230.51,765.07,40.96,62.18,42.3,28.33,Normal Sales,Normal Sales,0,1,76.0,24,2.3,Black Friday
2026-11-23 21:00:00,1017.65,650.08,34.97,55.46,40.4,30.45,Normal Sales,Normal Sales,0,1,75.0,24,2.3,Black Friday
2026-11-23 22:00:00,980.0,595.13,34.66,50.69,40.97,24.78,Normal Sales,Normal Sales,0,1,74.0,24,2.3,Black Friday
2026-11-23 23:00:00,1022.95,654.61,33.43,52.03,41.97,32.25,Normal Sales,Normal Sales,0,1,73.0,24,2.3,Black Friday
2026-11-24 00:00:00,443.27,269.52,13.11,30.63,32.97,20.58,Normal Sales,Normal Sales,0,1,72.0,24,2.3,Black Friday
2026-11-24 01:00:00,411.11,248.72,13.77,37.01,31.12,16.26,Normal Sales,Normal Sales,0,1,71.0,24,2.3,Black Friday
2026-11-24 02:00:00,399.95,225.19,14.91,32.62,30.11,11.78,Normal Sales,Normal Sales,0,1,70.0,24,2.3,Black Friday
2026-11-24 03:00:00,406.41,260.57,15.04,33.84,28.21,18.87,Normal Sales,Normal Sales,0,1,69.0,24,2.3,Black Friday
2026-11-24 04:00:00,403.79,250.4,12.24,35.17,31.54,17.97,Normal Sales,Normal Sales,0,1,68.0,24,2.3,Black Friday
2026-11-24 05:00:00,453.8,272.05,12.13,36.51,32.22,18.16,Normal Sales,Normal Sales,0,1,67.0,24,2.3,Black Friday
2026-11-24 06:00:00,593.44,380.7,22.57,37.96,35.22,22.02,Normal Sales,Normal Sales,0,1,66.0,24,2.3,Black Friday
2026-11-24 07:00:00,587.74,364.5,18.95,42.21,32.69,24.13,Normal Sales,Normal Sales,0,1,65.0,24,2.3,Black Friday
2026-11-24 08:00:00,617.2,339.03,14.3,37.67,37.16,22.94,Normal Sales,Normal Sales,0,1,64.0,24,2.3,Black Friday
2026-11-24 09:00:00,808.51,482.85,25.72,46.71,39.92,25.21,Normal Sales,Normal Sales,0,1,63.0,24,2.3,Black Friday
2026-11-24 10:00:00,840.66,537.3,31.43,43.25,36.51,23.22,Normal Sales,Normal Sales,0,1,62.0,24,2.3,Black Friday
2026-11-24 11:00:00,753.74,467.46,22.82,42.71,36.62,20.48,Normal Sales,Normal Sales,0,1,61.0,24,2.3,Black Friday
2026-11-24 12:00:00,782.35,501.03,25.11,48.8,35.69,25.07,Normal Sales,Normal Sales,0,1,60.0,24,2.3,Black Friday
2026-11-24 13:00:00,846.61,536.23,28.89,50.07,37.3,26.52,Normal Sales,Normal Sales,0,1,59.0,24,2.3,Black Friday
2026-11-24 14:00:00,934.12,582.15,31.06,51.09,37.35,26.96,Normal Sales,Normal Sales,0,1,58.0,24,2.3,Black Friday
2026-11-24 15:00:00,924.09,612.09,36.28,50.49,40.13,27.04,Normal Sales,Normal Sales,0,1,57.0,24,2.3,Black Friday
2026-11-24 16:00:00,950.75,571.74,33.2,48.87,39.95,24.52,Normal Sales,Normal Sales,0,1,56.0,24,2.3,Black Friday
2026-11-24 17:00:00,1148.39,689.39,37.4,61.78,41.35,28.02,Normal Sales,Normal Sales,0,1,55.0,24,2.3,Black Friday
2026-11-24 18:00:00,1181.8,761.6,40.97,60.88,43.4,27.14,Normal Sales,Normal Sales,0,1,54.0,24,2.3,Black Friday
2026-11-24 19:00:00,1180.13,707.88,40.17,53.05,45.14,30.38,Normal Sales,Normal Sales,0,1,53.0,24,2.3,Black Friday
2026-11-24 20:00:00,1157.95,710.0,41.38,56.54,42.58,35.27,Normal Sales,Normal Sales,0,1,52.0,24,2.3,Black Friday
2026-11-24 21:00:00,1006.65,617.67,33.02,54.78,42.48,23.13,Normal Sales,Normal Sales,0,1,51.0,24,2.3,Black Friday
2026-11-24 22:00:00,879.87,520.57,28.32,48.65,35.55,24.6,Normal Sales,Normal Sales,0,1,50.0,24,2.3,Black Friday
2026-11-24 23:00:00,986.95,590.66,31.42,50.66,41.71,26.78,Normal Sales,Normal Sales,0,1,49.0,24,2.3,Black Friday
2026-11-25 00:00:00,400.44,272.15,12.23,29.17,30.32,18.3,Normal Sales,Normal Sales,0,1,48.0,24,2.3,Black Friday
2026-11-25 01:00:00,426.25,234.74,14.7,36.26,31.2,18.5,Normal Sales,Normal Sales,0,1,47.0,24,2.3,Black Friday
2026-11-25 02:00:00,379.79,224.6,10.96,29.0,29.14,16.5,Normal Sales,Normal Sales,0,1,46.0,24,2.3,Black Friday
2026-11-25 03:00:00,393.81,231.98,10.68,33.56,31.36,18.46,Normal Sales,Normal Sales,0,1,45.0,24,2.3,Black Friday
2026-11-25 04:00:00,445.44,255.52,14.59,35.74,29.78,14.33,Normal Sales,Normal Sales,0,1,44.0,24,2.3,Black Friday
2026-11-25 05:00:00,410.03,278.13,13.39,32.63,29.41,18.57,Normal Sales,Normal Sales,0,1,43.0,24,2.3,Black Friday
2026-11-25 06:00:00,581.3,323.33,16.9,36.52,36.12,20.22,Normal Sales,Normal Sales,0,1,42.0,24,2.3,Black Friday
2026-11-25 07:00:00,577.52,339.77,20.11,36.85,31.63,20.66,Normal Sales,Normal Sales,0,1,41.0,24,2.3,Black Friday
2026-11-25 08:00:00,589.23,377.28,21.48,36.82,37.59,21.19,Normal Sales,Normal Sales,0,1,40.0,24,2.3,Black Friday
2026-11-25 09:00:00,695.37,440.64,19.04,45.99,35.94,22.72,Normal Sales,Normal Sales,0,1,39.0,24,2.3,Black Friday
2026-11-25 10:00:00,798.82,507.81,26.8,47.0,37.65,18.76,Normal Sales,Normal Sales,0,1,38.0,24,2.3,Black Friday
2026-11-25 11:00:00,822.64,526.99,29.72,49.04,41.01,24.92,Normal Sales,Normal Sales,0,1,37.0,24,2.3,Black Friday
2026-11-25 12:00:00,798.42,476.59,22.21,46.77,36.31,19.9,Normal Sales,Normal Sales,0,1,36.0,24,2.3,Black Friday
2026-11-25 13:00:00,889.41,546.73,29.44,49.84,35.83,27.48,Normal Sales,Normal Sales,0,1,35.0,24,2.3,Black Friday
2026-11-25 14:00:00,912.22,594.52,31.42,52.91,35.6,25.03,Normal Sales,Normal Sales,0,1,34.0,24,2.3,Black Friday
2026-11-25 15:00:00,831.27,519.76,26.21,46.73,37.95,24.01,Normal Sales,Normal Sales,0,1,33.0,24,2.3,Black Friday
2026-11-25 16:00:00,833.78,555.97,30.64,53.61,35.94,24.98,Normal Sales,Normal Sales,0,1,32.0,24,2.3,Black Friday
2026-11-25 17:00:00,1274.24,826.21,48.57,64.08,44.03,32.47,Normal Sales,Normal Sales,0,1,31.0,24,2.3,Black Friday
2026-11-25 18:00:00,1345.16,835.27,46.41,69.11,48.76,34.85,Normal Sales,Normal Sales,0,1,30.0,24,2.3,Black Friday
2026-11-25 19:00:00,1313.73,848.32,44.23,72.31,48.45,32.89,Normal Sales,Normal Sales,0,1,29.0,24,2.3,Black Friday
2026-11-25 20:00:00,1344.8,825.09,46.33,67.37,48.59,31.71,Normal Sales,Normal Sales,0,1,28.0,24,2.3,Black Friday
2026-11-25 21:00:00,1034.74,630.49,36.14,54.61,37.94,26.29,Normal Sales,Normal Sales,0,1,27.0,24,2.3,Black Friday
2026-11-25 22:00:00,1032.99,632.86,37.23,51.71,42.95,27.73,Normal Sales,Normal Sales,0,1,26.0,24,2.3,Black Friday
2026-11-25 23:00:00,978.74,577.36,32.17,49.29,39.37,26.15,Normal Sales,Normal Sales,0,1,25.0,24,2.3,Black Friday
2026-11-26 00:00:00,417.13,284.31,10.46,33.69,30.37,19.09,Normal Sales,Normal Sales,0,1,24.0,24,2.3,Black Friday
2026-11-26 01:00:00,413.34,281.87,14.99,34.32,32.81,19.15,Normal Sales,Normal Sales,0,1,23.0,24,2.3,Black Friday
2026-11-26 02:00:00,397.93,236.05,12.73,27.69,29.34,17.76,Normal Sales,Normal Sales,0,1,22.0,24,2.3,Black Friday
2026-11-26 03:00:00,467.65,299.22,16.77,39.43,33.13,20.94,Normal Sales,Normal Sales,0,1,21.0,24,2.3,Black Friday
2026-11-26 04:00:00,416.25,226.44,12.98,36.08,34.1,18.98,Normal Sales,Normal Sales,0,1,20.0,24,2.3,Black Friday
2026-11-26 05:00:00,410.31,215.63,10.22,31.53,30.03,19.39,Normal Sales,Normal Sales,0,1,19.0,24,2.3,Black Friday
2026-11-26 06:00:00,568.04,348.97,17.66,40.73,34.74,19.06,Normal Sales,Normal Sales,0,1,18.0,24,2.3,Black Friday
2026-11-26 07:00:00,639.96,356.2,16.02,36.94,30.91,20.68,Normal Sales,Normal Sales,0,1,17.0,24,2.3,Black Friday
2026-11-26 08:00:00,611.26,368.85,21.36,37.68,31.8,19.63,Normal Sales,Normal Sales,0,1,16.0,24,2.3,Black Friday
2026-11-26 09:00:00,753.61,451.95,26.05,39.98,36.13,25.21,Normal Sales,Normal Sales,0,1,15.0,24,2.3,Black Friday
2026-11-26 10:00:00,845.59,507.22,32.32,44.96,37.92,22.34,Normal Sales,Normal Sales,0,1,14.0,24,2.3,Black Friday
2026-11-26 11:00:00,819.97,578.41,35.5,52.7,36.72,26.12,Normal Sales,Normal Sales,0,1,13.0,24,2.3,Black Friday
2026-11-26 12:00:00,847.37,544.11,30.09,49.62,40.52,28.21,Normal Sales,Normal Sales,0,1,12.0,24,2.3,Black Friday
2026-11-26 13:00:00,829.7,520.09,29.76,46.71,40.66,24.43,Normal Sales,Normal Sales,0,1,11.0,24,2.3,Black Friday
2026-11-26 14:00:00,955.62,583.27,32.6,52.49,43.57,28.06,Normal Sales,Normal Sales,0,1,10.0,24,2.3,Black Friday
2026-11-26 15:00:00,876.48,536.61,28.96,49.21,37.01,25.25,Normal Sales,Normal Sales,0,1,9.0,24,2.3,Black Friday
2026-11-26 16:00:00,958.37,627.28,31.37,49.59,39.11,24.12,Normal Sales,Normal Sales,0,1,8.0,24,2.3,Black Friday
2026-11-26 17:00:00,1194.17,749.17,41.13,56.96,46.64,29.89,Normal Sales,Normal Sales,0,1,7.0,24,2.3,Black Friday
2026-11-26 18:00:00,1241.66,795.25,44.56,63.61,44.12,33.02,Normal Sales,Normal Sales,0,1,6.0,24,2.3,Black Friday
2026-11-26 19:00:00,1247.11,767.5,39.86,65.37,48.31,31.61,Normal Sales,Normal Sales,0,1,5.0,24,2.3,Black Friday
2026-11-26 20:00:00,1243.71,794.49,44.87,62.59,47.45,31.01,Normal Sales,Normal Sales,0,1,4.0,24,2.3,Black Friday
2026-11-26 21:00:00,927.67,573.51,33.71,51.49,37.43,25.53,Normal Sales,Normal Sales,0,1,3.0,24,2.3,Black Friday
2026-11-26 22:00:00,1050.73,658.3,36.17,55.7,44.02,30.49,Normal Sales,Normal Sales,0,1,2.0,24,2.3,Black Friday
2026-11-26 23:00:00,921.97,595.12,33.76,56.14,39.54,29.15,Normal Sales,Normal Sales,0,1,1.0,24,2.3,Black Friday
2026-11-27 00:00:00,1000.64,592.55,34.63,54.69,39.71,27.39,Black Friday,Black Friday,1,0,-1.0,0,2.3,
2026-11-27 01:00:00,1080.76,658.0,37.64,53.52,41.23,30.07,Black Friday,Black Friday,1,0,-1.0,0,2.3,
2026-11-27 02:00:00,990.27,608.94,36.9,51.02,40.54,28.21,Black Friday,Black Friday,1,0,-1.0,0,2.3,
2026-11-27 03:00:00,935.12,592.5,34.74,51.86,38.53,26.19,Black Friday,Black Friday,1,0,-1.0,0,2.3,
2026-11-27 04:00:00,846.78,550.16,30.79,49.09,35.06,27.97,Black Friday,Black Friday,1,0,-1.0,0,2.3,
2026-11-27 05:00:00,956.33,607.05,33.37,48.93,42.79,29.33,Black Friday,Black Friday,1,0,-1.0,0,2.3,
2026-11-27 06:00:00,1466.21,916.92,48.04,73.16,53.34,35.16,Black Friday,Black Friday,1,0,-1.0,0,2.3,
2026-11-27 07:00:00,1421.84,854.0,42.83,66.91,51.13,36.04,Black Friday,Black Friday,1,0,-1.0,0,2.3,
2026-11-27 08:00:00,1407.64,883.49,46.16,69.3,46.88,34.2,Black Friday,Black Friday,1,0,-1.0,0,2.3,
2026-11-27 09:00:00,1821.44,1121.98,63.7,87.97,54.63,42.89,Black Friday,Black Friday,1,0,-1.0,0,2.3,
2026-11-27 10:00:00,1732.16,1071.63,56.35,79.3,54.88,41.03,Black Friday,Black Friday,1,0,-1.0,0,2.3,
2026-11-27 11:00:00,1774.92,1111.9,63.61,84.95,54.69,38.62,Black Friday,Black Friday,1,0,-1.0,0,2.3,
2026-11-27 12:00:00,1783.2,1084.52,59.59,79.01,55.67,39.57,Black Friday,Black Friday,1,0,-1.0,0,2.3,
2026-11-27 13:00:00,2082.96,1245.43,68.55,89.56,63.74,40.58,Black Friday,Black Friday,1,0,-1.0,0,2.3,
2026-11-27 14:00:00,2042.88,1276.16,68.24,96.59,62.63,42.19,Black Friday,Black Friday,1,0,-1.0,0,2.3,
2026-11-27 15:00:00,2003.0,1295.53,74.04,91.4,58.91,41.61,Black Friday,Black Friday,1,0,-1.0,0,2.3,
2026-11-27 16:00:00,2290.79,1422.11,79.39,97.98,60.67,48.45,Black Friday,Black Friday,1,0,-1.0,0,2.3,
2026-11-27 17:00:00,3214.2,1979.29,106.9,98.0,81.92,60.21,Black Friday,Black Friday,1,0,-1.0,0,2.3,
2026-11-27 18:00:00,2896.51,1816.77,101.81,98.0,75.43,58.48,Black Friday,Black Friday,1,0,-1.0,0,2.3,
2026-11-27 19:00:00,2935.54,1842.59,102.87,98.0,76.87,58.76,Black Friday,Black Friday,1,0,-1.0,0,2.3,
2026-11-27 20:00:00,3134.91,1944.94,107.47,98.0,78.39,63.68,Black Friday,Black Friday,1,0,-1.0,0,2.3,
2026-11-27 21:00:00,2334.55,1446.72,81.59,98.0,69.6,48.75,Black Friday,Black Friday,1,0,-1.0,0,2.3,
2026-11-27 22:00:00,2422.53,1524.02,79.72,98.0,64.3,47.1,Black Friday,Black Friday,1,0,-1.0,0,2.3,
2026-11-27 23:00:00,2236.26,1352.2,72.15,97.34,65.86,43.08,Black Friday,Black Friday,1,0,-1.0,0,2.3,
2026-11-28 00:00:00,528.27,314.21,16.99,32.51,31.58,18.27,Weekend Sales,Weekend Sales,0,0,-1.0,0,1.0,
2026-11-28 01:00:00,571.4,364.91,19.76,38.05,32.29,21.23,Weekend Sales,Weekend Sales,0,0,-1.0,0,1.0,
2026-11-28 02:00:00,535.0,370.38,17.38,37.31,34.83,20.46,Weekend Sales,Weekend Sales,0,0,-1.0,0,1.0,
2026-11-28 03:00:00,581.35,403.37,23.85,37.8,31.57,21.71,Weekend Sales,Weekend Sales,0,0,-1.0,0,1.0,
2026-11-28 04:00:00,574.91,386.6,19.69,38.78,33.27,21.12,Weekend Sales,Weekend Sales,0,0,-1.0,0,1.0,
2026-11-28 05:00:00,604.51,372.2,20.78,41.86,37.46,21.23,Weekend Sales,Weekend Sales,0,0,-1.0,0,1.0,
2026-11-28 06:00:00,863.58,581.11,31.74,49.65,43.05,28.77,Weekend Sales,Weekend Sales,0,0,-1.0,0,1.0,
2026-11-28 07:00:00,812.94,520.27,26.52,50.69,34.22,27.15,Weekend Sales,Weekend Sales,0,0,-1.0,0,1.0,
2026-11-28 08:00:00,783.11,444.18,20.43,43.06,38.74,20.32,Weekend Sales,Weekend Sales,0,0,-1.0,0,1.0,
2026-11-28 09:00:00,996.77,605.64,34.93,55.56,41.22,29.11,Weekend Sales,Weekend Sales,0,0,-1.0,0,1.0,
2026-11-28 10:00:00,1098.93,670.91,38.72,53.77,43.65,26.44,Weekend Sales,Weekend Sales,0,0,-1.0,0,1.0,
2026-11-28 11:00:00,1069.99,693.86,38.59,57.75,42.64,30.67,Weekend Sales,Weekend Sales,0,0,-1.0,0,1.0,
2026-11-28 12:00:00,1175.76,745.29,39.99,60.42,42.19,28.15,Weekend Sales,Weekend Sales,0,0,-1.0,0,1.0,
2026-11-28 13:00:00,1042.98,635.11,32.12,55.17,40.71,25.71,Weekend Sales,Weekend Sales,0,0,-1.0,0,1.0,
2026-11-28 14:00:00,1062.51,650.02,32.25,57.52,42.57,27.8,Weekend Sales,Weekend Sales,0,0,-1.0,0,1.0,
2026-11-28 15:00:00,1273.53,789.83,44.21,65.45,44.62,30.72,Weekend Sales,Weekend Sales,0,0,-1.0,0,1.0,
2026-11-28 16:00:00,1189.86,704.05,42.29,59.6,43.83,33.77,Weekend Sales,Weekend Sales,0,0,-1.0,0,1.0,
2026-11-28 17:00:00,1594.42,1026.94,58.11,79.76,50.75,37.79,Weekend Sales,Weekend Sales,0,0,-1.0,0,1.0,
2026-11-28 18:00:00,1658.39,1053.11,58.7,77.26,51.17,38.3,Weekend Sales,Weekend Sales,0,0,-1.0,0,1.0,
2026-11-28 19:00:00,1659.32,1064.82,60.18,81.21,52.68,36.97,Weekend Sales,Weekend Sales,0,0,-1.0,0,1.0,
2026-11-28 20:00:00,1746.08,1030.11,57.0,76.29,51.91,36.83,Weekend Sales,Weekend Sales,0,0,-1.0,0,1.0,
2026-11-28 21:00:00,1306.88,809.68,46.11,64.46,46.01,29.45,Weekend Sales,Weekend Sales,0,0,-1.0,0,1.0,
2026-11-28 22:00:00,1229.35,769.37,43.58,61.81,46.76,28.42,Weekend Sales,Weekend Sales,0,0,-1.0,0,1.0,
2026-11-28 23:00:00,1338.54,808.6,42.61,63.18,46.59,33.09,Weekend Sales,Weekend Sales,0,0,-1.0,0,1.0,
2026-11-29 00:00:00,572.92,347.95,20.4,42.46,33.5,20.89,Weekend Sales,Weekend Sales,0,0,-1.0,0,1.0,
2026-11-29 01:00:00,545.5,328.41,20.56,40.29,32.87,21.19,Weekend Sales,Weekend Sales,0,0,-1.0,0,1.0,
2026-11-29 02:00:00,588.61,353.77,16.85,40.35,35.8,22.34,Weekend Sales,Weekend Sales,0,0,-1.0,0,1.0,
2026-11-29 03:00:00,552.18,380.43,21.49,36.67,30.19,20.92,Weekend Sales,Weekend Sales,0,0,-1.0,0,1.0,
2026-11-29 04:00:00,569.04,345.6,23.0,39.11,31.73,16.1,Weekend Sales,Weekend Sales,0,0,-1.0,0,1.0,
2026-11-29 05:00:00,569.32,377.7,24.5,39.05,37.12,18.72,Weekend Sales,Weekend Sales,0,0,-1.0,0,1.0,
2026-11-29 06:00:00,798.83,469.91,27.43,42.28,38.38,21.26,Weekend Sales,Weekend Sales,0,0,-1.0,0,1.0,
2026-11-29 07:00:00,884.24,538.87,30.39,44.85,36.04,23.93,Weekend Sales,Weekend Sales,0,0,-1.0,0,1.0,
2026-11-29 08:00:00,847.37,541.85,31.97,45.39,39.42,24.43,Weekend Sales,Weekend Sales,0,0,-1.0,0,1.0,
2026-11-29 09:00:00,1019.95,618.94,33.81,55.66,43.58,28.52,Weekend Sales,Weekend Sales,0,0,-1.0,0,1.0,
2026-11-29 10:00:00,1096.55,725.44,41.29,58.88,43.8,33.55,Weekend Sales,Weekend Sales,0,0,-1.0,0,1.0,
2026-11-29 11:00:00,1016.64,619.55,36.98,53.29,42.81,30.07,Weekend Sales,Weekend Sales,0,0,-1.0,0,1.0,
2026-11-29 12:00:00,996.16,607.41,35.82,52.99,36.9,26.17,Weekend Sales,Weekend Sales,0,0,-1.0,0,1.0,
2026-11-29 13:00:00,1235.13,797.7,43.97,64.99,44.26,33.75,Weekend Sales,Weekend Sales,0,0,-1.0,0,1.0,
2026-11-29 14:00:00,1272.6,808.22,44.22,65.64,47.54,32.26,Weekend Sales,Weekend Sales,0,0,-1.0,0,1.0,
2026-11-29 15:00:00,1235.49,775.26,45.48,64.52,44.01,34.19,Weekend Sales,Weekend Sales,0,0,-1.0,0,1.0,
2026-11-29 16:00:00,1215.27,749.98,38.54,62.05,48.33,25.29,Weekend Sales,Weekend Sales,0,0,-1.0,0,1.0,
2026-11-29 17:00:00,1461.1,925.07,51.35,73.0,47.79,30.84,Weekend Sales,Weekend Sales,0,0,-1.0,0,1.0,
2026-11-29 18:00:00,1617.91,1042.1,56.41,76.73,46.25,34.44,Weekend Sales,Weekend Sales,0,0,-1.0,0,1.0,
2026-11-29 19:00:00,1781.84,1098.25,62.39,79.79,51.36,38.93,Weekend Sales,Weekend Sales,0,0,-1.0,0,1.0,
2026-11-29 20:00:00,1639.77,995.83,53.16,75.59,50.89,35.03,Weekend Sales,Weekend Sales,0,0,-1.0,0,1.0,
2026-11-29 21:00:00,1431.47,898.96,49.76,69.74,49.67,35.54,Weekend Sales,Weekend Sales,0,0,-1.0,0,1.0,
2026-11-29 22:00:00,1245.09,733.65,35.8,65.45,44.28,31.53,Weekend Sales,Weekend Sales,0,0,-1.0,0,1.0,
2026-11-29 23:00:00,1326.26,845.09,46.35,63.32,44.47,32.43,Weekend Sales,Weekend Sales,0,0,-1.0,0,1.0,
2026-11-30 00:00:00,391.95,221.65,9.79,30.29,29.67,17.78,Normal Sales,Normal Sales,0,0,-1.0,0,1.0,
2026-11-30 01:00:00,443.87,269.14,11.8,28.54,31.87,17.4,Normal Sales,Normal Sales,0,0,-1.0,0,1.0,
2026-11-30 02:00:00,422.34,270.09,17.74,29.16,29.15,18.58,Normal Sales,Normal Sales,0,0,-1.0,0,1.0,
2026-11-30 03:00:00,401.42,211.65,14.26,28.12,28.21,15.0,Normal Sales,Normal Sales,0,0,-1.0,0,1.0,
2026-11-30 04:00:00,448.8,260.87,11.58,31.23,31.53,20.31,Normal Sales,Normal Sales,0,0,-1.0,0,1.0,
2026-11-30 05:00:00,442.88,255.14,12.97,38.28,33.52,17.87,Normal Sales,Normal Sales,0,0,-1.0,0,1.0,
2026-11-30 06:00:00,544.32,326.01,15.28,34.87,31.32,19.69,Normal Sales,Normal Sales,0,0,-1.0,0,1.0,
2026-11-30 07:00:00,617.03,364.27,17.48,38.88,33.49,17.31,Normal Sales,Normal Sales,0,0,-1.0,0,1.0,
2026-11-30 08:00:00,633.56,374.59,20.06,39.38,34.74,21.66,Normal Sales,Normal Sales,0,0,-1.0,0,1.0,
2026-11-30 09:00:00,751.63,473.82,25.37,48.05,38.41,26.49,Normal Sales,Normal Sales,0,0,-1.0,0,1.0,
2026-11-30 10:00:00,766.35,507.3,28.09,48.68,38.38,25.6,Normal Sales,Normal Sales,0,0,-1.0,0,1.0,
2026-11-30 11:00:00,760.33,495.28,27.94,42.69,35.96,21.96,Normal Sales,Normal Sales,0,0,-1.0,0,1.0,
2026-11-30 12:00:00,746.74,484.31,23.68,42.47,40.65,23.21,Normal Sales,Normal Sales,0,0,-1.0,0,1.0,
2026-11-30 13:00:00,928.23,603.62,34.75,52.96,39.71,28.17,Normal Sales,Normal Sales,0,0,-1.0,0,1.0,
2026-11-30 14:00:00,888.58,568.29,30.74,50.32,42.87,25.25,Normal Sales,Normal Sales,0,0,-1.0,0,1.0,
2026-11-30 15:00:00,899.54,568.48,32.26,51.51,36.79,26.54,Normal Sales,Normal Sales,0,0,-1.0,0,1.0,
2026-11-30 16:00:00,909.59,592.44,34.06,54.95,37.46,24.82,Normal Sales,Normal Sales,0,0,-1.0,0,1.0,
2026-11-30 17:00:00,1298.01,833.09,45.42,64.02,42.86,33.55,Normal Sales,Normal Sales,0,0,-1.0,0,1.0,
2026-11-30 18:00:00,1269.85,776.46,44.52,62.88,45.59,33.21,Normal Sales,Normal Sales,0,0,-1.0,0,1.0,
2026-11-30 19:00:00,1416.95,867.4,45.95,65.9,49.04,31.5,Normal Sales,Normal Sales,0,0,-1.0,0,1.0,
2026-11-30 20:00:00,1253.23,769.87,45.46,65.65,42.23,34.42,Normal Sales,Normal Sales,0,0,-1.0,0,1.0,
2026-11-30 21:00:00,932.87,582.39,30.36,50.7,37.9,29.91,Normal Sales,Normal Sales,0,0,-1.0,0,1.0,
2026-11-30 22:00:00,986.31,617.15,31.8,50.12,39.88,28.47,Normal Sales,Normal Sales,0,0,-1.0,0,1.0,
2026-11-30 23:00:00,987.24,636.45,35.25,54.55,41.85,28.11,Normal Sales,Normal Sales,0,0,-1.0,0,1.0,
2026-12-01 00:00:00,445.99,290.39,17.79,36.43,34.3,20.92,Normal Sales,Normal Sales,0,0,-1.0,0,1.0,
2026-12-01 01:00:00,463.1,273.59,16.72,30.56,33.77,18.95,Normal Sales,Normal Sales,0,0,-1.0,0,1.0,
2026-12-01 02:00:00,445.83,318.4,19.11,34.86,29.4,21.03,Normal Sales,Normal Sales,0,0,-1.0,0,1.0,
2026-12-01 03:00:00,419.8,276.86,14.21,31.49,30.65,19.92,Normal Sales,Normal Sales,0,0,-1.0,0,1.0,
2026-12-01 04:00:00,428.49,245.33,17.09,32.12,26.76,20.0,Normal Sales,Normal Sales,0,0,-1.0,0,1.0,
2026-12-01 05:00:00,425.65,259.64,13.9,32.63,34.57,19.42,Normal Sales,Normal Sales,0,0,-1.0,0,1.0,
2026-12-01 06:00:00,623.18,379.8,24.35,42.18,36.57,22.05,Normal Sales,Normal Sales,0,0,-1.0,0,1.0,
2026-12-01 07:00:00,645.92,410.3,21.82,42.55,39.17,22.67,Normal Sales,Normal Sales,0,0,-1.0,0,1.0,
2026-12-01 08:00:00,654.24,435.41,25.07,46.97,30.78,19.21,Normal Sales,Normal Sales,0,0,-1.0,0,1.0,
2026-12-01 09:00:00,873.95,525.66,29.13,53.02,39.26,28.52,Normal Sales,Normal Sales,0,0,-1.0,0,1.0,
2026-12-01 10:00:00,788.83,504.47,27.86,50.74,36.89,22.68,Normal Sales,Normal Sales,0,0,-1.0,0,1.0,
2026-12-01 11:00:00,785.64,476.52,24.91,44.01,39.6,26.73,Normal Sales,Normal Sales,0,0,-1.0,0,1.0,
2026-12-01 12:00:00,820.21,492.35,25.91,41.54,38.7,22.94,Normal Sales,Normal Sales,0,0,-1.0,0,1.0,
2026-12-01 13:00:00,965.22,563.99,29.83,50.86,41.34,29.71,Normal Sales,Normal Sales,0,0,-1.0,0,1.0,
2026-12-01 14:00:00,837.48,511.69,25.29,49.7,36.94,24.59,Normal Sales,Normal Sales,0,0,-1.0,0,1.0,
2026-12-01 15:00:00,891.35,555.54,30.24,47.7,39.32,24.3,Normal Sales,Normal Sales,0,0,-1.0,0,1.0,
2026-12-01 16:00:00,935.71,581.57,29.91,57.67,43.22,31.43,Normal Sales,Normal Sales,0,0,-1.0,0,1.0,
2026-12-01 17:00:00,1255.75,757.69,43.29,64.91,45.74,26.73,Normal Sales,Normal Sales,0,0,-1.0,0,1.0,
2026-12-01 18:00:00,1214.98,763.85,40.69,58.68,44.14,24.6,Normal Sales,Normal Sales,0,0,-1.0,0,1.0,
2026-12-01 19:00:00,1239.11,757.6,42.29,63.37,45.82,32.73,Normal Sales,Normal Sales,0,0,-1.0,0,1.0,
2026-12-01 20:00:00,1266.92,749.1,41.29,59.66,42.82,31.89,Normal Sales,Normal Sales,0,0,-1.0,0,1.0,
2026-12-01 21:00:00,923.53,589.59,29.84,51.19,38.57,29.01,Normal Sales,Normal Sales,0,0,-1.0,0,1.0,
2026-12-01 22:00:00,1023.26,613.82,33.44,57.13,44.38,24.61,Normal Sales,Normal Sales,0,0,-1.0,0,1.0,
2026-12-01 23:00:00,1059.13,687.65,38.18,57.19,40.9,26.68,Normal Sales,Normal Sales,0,0,-1.0,0,1.0,
2026-12-02 00:00:00,433.3,264.4,15.41,34.51,36.4,21.0,Normal Sales,Normal Sales,0,0,-1.0,0,1.0,
2026-12-02 01:00:00,437.73,217.97,12.77,35.27,30.59,21.83,Normal Sales,Normal Sales,0,0,-1.0,0,1.0,
2026-12-02 02:00:00,437.67,278.72,13.35,37.8,29.78,17.84,Normal Sales,Normal Sales,0,0,-1.0,0,1.0,
2026-12-02 03:00:00,386.01,261.73,15.57,32.89,32.04,19.84,Normal Sales,Normal Sales,0,0,-1.0,0,1.0,
2026-12-02 04:00:00,418.3,239.72,9.75,31.69,28.49,18.32,Normal Sales,Normal Sales,0,0,-1.0,0,1.0,
2026-12-02 05:00:00,422.66,252.0,15.95,30.26,27.49,17.85,Normal Sales,Normal Sales,0,0,-1.0,0,1.0,
2026-12-02 06:00:00,592.68,370.5,18.55,40.47,32.13,19.3,Normal Sales,Normal Sales,0,0,-1.0,0,1.0,
2026-12-02 07:00:00,634.42,392.18,19.2,38.34,34.04,19.52,Normal Sales,Normal Sales,0,0,-1.0,0,1.0,
2026-12-02 08:00:00,606.59,369.77,18.5,41.12,32.27,23.74,Normal Sales,Normal Sales,0,0,-1.0,0,1.0,
2026-12-02 09:00:00,796.03,477.05,27.32,45.92,39.05,19.92,Normal Sales,Normal Sales,0,0,-1.0,0,1.0,
2026-12-02 10:00:00,825.62,498.9,27.51,46.84,40.73,20.75,Normal Sales,Normal Sales,0,0,-1.0,0,1.0,
2026-12-02 11:00:00,869.77,556.92,30.93,46.44,35.44,24.8,Normal Sales,Normal Sales,0,0,-1.0,0,1.0,
2026-12-02 12:00:00,830.38,514.69,29.46,44.15,38.21,27.06,Normal Sales,Normal Sales,0,0,-1.0,0,1.0,
2026-12-02 13:00:00,964.81,566.83,30.47,50.37,39.15,27.99,Normal Sales,Normal Sales,0,0,-1.0,0,1.0,
2026-12-02 14:00:00,1028.65,609.92,34.4,54.41,42.12,29.91,Normal Sales,Normal Sales,0,0,-1.0,0,1.0,
2026-12-02 15:00:00,916.3,514.7,25.43,45.82,38.08,24.59,Normal Sales,Normal Sales,0,0,-1.0,0,1.0,
2026-12-02 16:00:00,889.85,506.12,24.62,42.6,36.02,26.64,Normal Sales,Normal Sales,0,0,-1.0,0,1.0,
2026-12-02 17:00:00,1260.96,757.98,37.85,59.66,46.65,31.9,Normal Sales,Normal Sales,0,0,-1.0,0,1.0,
2026-12-02 18:00:00,1262.11,775.83,39.13,61.07,46.57,30.05,Normal Sales,Normal Sales,0,0,-1.0,0,1.0,
2026-12-02 19:00:00,1382.01,886.98,47.88,68.31,51.94,35.87,Normal Sales,Normal Sales,0,0,-1.0,0,1.0,
2026-12-02 20:00:00,1282.74,799.94,44.29,64.22,43.66,31.19,Normal Sales,Normal Sales,0,0,-1.0,0,1.0,
2026-12-02 21:00:00,922.81,590.26,32.2,53.88,37.14,29.6,Normal Sales,Normal Sales,0,0,-1.0,0,1.0,
2026-12-02 22:00:00,1058.7,617.03,32.93,53.24,39.12,26.91,Normal Sales,Normal Sales,0,0,-1.0,0,1.0,
2026-12-02 23:00:00,1021.93,621.86,30.78,56.09,39.79,26.17,Normal Sales,Normal Sales,0,0,-1.0,0,1.0,
2026-12-03 00:00:00,462.11,296.43,14.69,32.06,33.79,21.2,Normal Sales,Normal Sales,0,0,-1.0,0,1.0,
2026-12-03 01:00:00,415.48,226.12,13.21,32.98,30.32,15.45,Normal Sales,Normal Sales,0,0,-1.0,0,1.0,
2026-12-03 02:00:00,426.81,276.16,14.21,34.5,31.98,21.2,Normal Sales,Normal Sales,0,0,-1.0,0,1.0,
2026-12-03 03:00:00,417.31,230.25,12.53,35.92,27.57,13.13,Normal Sales,Normal Sales,0,0,-1.0,0,1.0,
2026-12-03 04:00:00,423.98,253.38,13.52,32.18,33.22,18.25,Normal Sales,Normal Sales,0,0,-1.0,0,1.0,
2026-12-03 05:00:00,443.75,213.19,10.67,29.11,26.97,17.54,Normal Sales,Normal Sales,0,0,-1.0,0,1.0,
2026-12-03 06:00:00,612.65,368.17,20.0,39.73,36.44,22.49,Normal Sales,Normal Sales,0,0,-1.0,0,1.0,
2026-12-03 07:00:00,625.85,445.71,23.1,39.66,36.99,26.88,Normal Sales,Normal Sales,0,0,-1.0,0,1.0,
2026-12-03 08:00:00,596.18,404.08,21.16,42.41,35.42,20.84,Normal Sales,Normal Sales,0,0,-1.0,0,1.0,
2026-12-03 09:00:00,879.54,594.36,30.65,52.29,40.78,23.09,Normal Sales,Normal Sales,0,0,-1.0,0,1.0,
2026-12-03 10:00:00,806.25,458.55,26.55,45.3,36.96,20.33,Normal Sales,Normal Sales,0,0,-1.0,0,1.0,
2026-12-03 11:00:00,781.09,497.26,27.27,49.61,39.53,26.6,Normal Sales,Normal Sales,0,0,-1.0,0,1.0,
2026-12-03 12:00:00,783.54,493.17,25.19,43.31,39.68,21.96,Normal Sales,Normal Sales,0,0,-1.0,0,1.0,
2026-12-03 13:00:00,841.7,524.48,28.31,47.87,42.92,23.12,Normal Sales,Normal Sales,0,0,-1.0,0,1.0,
2026-12-03 14:00:00,922.2,573.93,33.58,49.24,39.23,26.58,Normal Sales,Normal Sales,0,0,-1.0,0,1.0,
2026-12-03 15:00:00,835.41,472.81,25.96,49.3,37.5,23.39,Normal Sales,Normal Sales,0,0,-1.0,0,1.0,
2026-12-03 16:00:00,951.7,586.33,33.8,58.66,39.02,26.3,Normal Sales,Normal Sales,0,0,-1.0,0,1.0,
2026-12-03 17:00:00,1304.17,845.88,46.29,68.32,46.87,33.0,Normal Sales,Normal Sales,0,0,-1.0,0,1.0,
2026-12-03 18:00:00,1251.96,760.98,47.99,58.41,42.39,31.51,Normal Sales,Normal Sales,0,0,-1.0,0,1.0,
2026-12-03 19:00:00,1291.84,811.6,42.89,62.29,45.39,34.11,Normal Sales,Normal Sales,0,0,-1.0,0,1.0,
2026-12-03 20:00:00,1213.76,756.31,40.57,57.93,42.07,32.73,Normal Sales,Normal Sales,0,0,-1.0,0,1.0,
2026-12-03 21:00:00,964.62,629.16,34.53,50.61,41.35,26.13,Normal Sales,Normal Sales,0,0,-1.0,0,1.0,
2026-12-03 22:00:00,975.91,633.38,32.26,53.19,38.42,25.45,Normal Sales,Normal Sales,0,0,-1.0,0,1.0,
2026-12-03 23:00:00,971.12,580.65,31.39,53.5,39.01,23.58,Normal Sales,Normal Sales,0,0,-1.0,0,1.0,
2026-12-04 00:00:00,440.16,253.96,17.62,31.93,31.21,13.74,Normal Sales,Normal Sales,0,0,-1.0,0,1.0,
2026-12-04 01:00:00,401.7,192.08,11.15,29.65,32.09,18.42,Normal Sales,Normal Sales,0,0,-1.0,0,1.0,
2026-12-04 02:00:00,446.98,271.5,15.1,35.24,30.01,16.91,Normal Sales,Normal Sales,0,0,-1.0,0,1.0,
2026-12-04 03:00:00,459.32,239.62,14.18,33.31,29.56,16.65,Normal Sales,Normal Sales,0,0,-1.0,0,1.0,
2026-12-04 04:00:00,418.87,265.11,15.28,33.2,31.5,19.95,Normal Sales,Normal Sales,0,0,-1.0,0,1.0,
2026-12-04 05:00:00,439.55,310.88,19.18,35.55,32.75,20.62,Normal Sales,Normal Sales,0,0,-1.0,0,1.0,
2026-12-04 06:00:00,621.09,363.36,20.31,34.16,36.7,21.78,Normal Sales,Normal Sales,0,0,-1.0,0,1.0,
2026-12-04 07:00:00,611.12,368.38,21.57,44.06,35.14,25.01,Normal Sales,Normal Sales,0,0,-1.0,0,1.0,
2026-12-04 08:00:00,640.18,376.78,21.7,41.05,33.27,20.6,Normal Sales,Normal Sales,0,0,-1.0,0,1.0,
2026-12-04 09:00:00,788.35,491.28,26.46,47.09,38.26,26.82,Normal Sales,Normal Sales,0,0,-1.0,0,1.0,
2026-12-04 10:00:00,827.69,495.62,31.48,45.19,37.3,25.59,Normal Sales,Normal Sales,0,0,-1.0,0,1.0,
2026-12-04 11:00:00,922.19,581.79,30.72,47.46,36.27,26.57,Normal Sales,Normal Sales,0,0,-1.0,0,1.0,
2026-12-04 12:00:00,827.51,477.56,26.71,42.83,36.22,25.2,Normal Sales,Normal Sales,0,0,-1.0,0,1.0,
2026-12-04 13:00:00,866.68,570.1,30.19,53.36,43.26,24.76,Normal Sales,Normal Sales,0,0,-1.0,0,1.0,
2026-12-04 14:00:00,1011.35,627.38,33.24,53.58,40.39,30.49,Normal Sales,Normal Sales,0,0,-1.0,0,1.0,
2026-12-04 15:00:00,959.66,627.64,31.92,54.39,37.21,29.71,Normal Sales,Normal Sales,0,0,-1.0,0,1.0,
2026-12-04 16:00:00,878.57,557.29,29.65,45.72,40.71,27.86,Normal Sales,Normal Sales,0,0,-1.0,0,1.0,
2026-12-04 17:00:00,1288.35,745.99,42.53,60.03,46.94,29.67,Normal Sales,Normal Sales,0,0,-1.0,0,1.0,
2026-12-04 18:00:00,1254.61,790.3,41.82,63.18,46.35,36.09,Normal Sales,Normal Sales,0,0,-1.0,0,1.0,
2026-12-04 19:00:00,1274.67,811.28,42.28,68.94,44.05,32.02,Normal Sales,Normal Sales,0,0,-1.0,0,1.0,
2026-12-04 20:00:00,1312.13,794.02,45.83,62.57,47.97,33.99,Normal Sales,Normal Sales,0,0,-1.0,0,1.0,
2026-12-04 21:00:00,1023.89,652.52,40.95,56.6,41.63,28.99,Normal Sales,Normal Sales,0,0,-1.0,0,1.0,
2026-12-04 22:00:00,1058.37,714.42,38.96,56.33,44.32,27.13,Normal Sales,Normal Sales,0,0,-1.0,0,1.0,
2026-12-04 23:00:00,1007.94,632.54,34.57,54.41,37.83,26.08,Normal Sales,Normal Sales,0,0,-1.0,0,1.0,
2026-12-05 00:00:00,590.72,315.21,17.16,36.13,30.06,23.27,Weekend Sales,Weekend Sales,0,0,-1.0,0,1.0,
2026-12-05 01:00:00,535.21,345.55,18.07,35.72,32.63,19.93,Weekend Sales,Weekend Sales,0,0,-1.0,0,1.0,
2026-12-05 02:00:00,559.01,326.91,15.95,39.69,33.52,20.05,Weekend Sales,Weekend Sales,0,0,-1.0,0,1.0,
2026-12-05 03:00:00,539.12,373.62,20.37,34.39,33.72,19.81,Weekend Sales,Weekend Sales,0,0,-1.0,0,1.0,
2026-12-05 04:00:00,589.97,391.74,23.39,39.19,33.8,22.29,Weekend Sales,Weekend Sales,0,0,-1.0,0,1.0,
2026-12-05 05:00:00,589.46,339.52,18.86,42.66,32.95,20.44,Weekend Sales,Weekend Sales,0,0,-1.0,0,1.0,
2026-12-05 06:00:00,921.57,565.34,28.02,50.67,43.01,28.25,Weekend Sales,Weekend Sales,0,0,-1.0,0,1.0,
2026-12-05 07:00:00,775.14,490.97,26.65,48.32,35.95,25.26,Weekend Sales,Weekend Sales,0,0,-1.0,0,1.0,
2026-12-05 08:00:00,892.91,488.3,28.04,50.41,36.07,22.77,Weekend Sales,Weekend Sales,0,0,-1.0,0,1.0,
2026-12-05 09:00:00,1044.87,629.55,33.01,53.75,43.47,30.71,Weekend Sales,Weekend Sales,0,0,-1.0,0,1.0,
2026-12-05 10:00:00,1135.28,728.72,43.74,64.95,43.63,33.08,Weekend Sales,Weekend Sales,0,0,-1.0,0,1.0,
2026-12-05 11:00:00,1088.45,669.43,36.72,59.36,45.43,29.9,Weekend Sales,Weekend Sales,0,0,-1.0,0,1.0,
2026-12-05 12:00:00,1044.75,635.51,31.25,55.86,42.35,25.8,Weekend Sales,Weekend Sales,0,0,-1.0,0,1.0,
2026-12-05 13:00:00,1219.43,767.45,39.24,61.49,47.55,29.92,Weekend Sales,Weekend Sales,0,0,-1.0,0,1.0,
2026-12-05 14:00:00,1192.3,743.24,40.83,62.71,46.14,33.11,Weekend Sales,Weekend Sales,0,0,-1.0,0,1.0,
2026-12-05 15:00:00,1172.58,740.09,42.38,60.39,42.5,30.79,Weekend Sales,Weekend Sales,0,0,-1.0,0,1.0,
2026-12-05 16:00:00,1155.17,698.6,38.86,58.21,43.99,26.36,Weekend Sales,Weekend Sales,0,0,-1.0,0,1.0,
2026-12-05 17:00:00,1677.97,983.84,52.02,75.47,54.95,37.67,Weekend Sales,Weekend Sales,0,0,-1.0,0,1.0,
2026-12-05 18:00:00,1700.47,1044.87,56.97,81.89,50.7,36.67,Weekend Sales,Weekend Sales,0,0,-1.0,0,1.0,
2026-12-05 19:00:00,1783.12,1096.94,64.21,83.35,56.62,36.17,Weekend Sales,Weekend Sales,0,0,-1.0,0,1.0,
2026-12-05 20:00:00,1782.5,1083.92,61.05,80.13,54.75,36.89,Weekend Sales,Weekend Sales,0,0,-1.0,0,1.0,
2026-12-05 21:00:00,1203.38,749.86,40.65,59.14,41.09,25.4,Weekend Sales,Weekend Sales,0,0,-1.0,0,1.0,
2026-12-05 22:00:00,1351.11,831.31,44.51,66.75,49.0,33.32,Weekend Sales,Weekend Sales,0,0,-1.0,0,1.0,
2026-12-05 23:00:00,1287.47,851.55,45.56,63.1,46.09,32.78,Weekend Sales,Weekend Sales,0,0,-1.0,0,1.0,
2026-12-06 00:00:00,591.27,353.43,19.11,36.47,35.67,21.12,Weekend Sales,Weekend Sales,0,0,-1.0,0,1.0,
2026-12-06 01:00:00,556.77,341.45,18.74,34.23,35.79,22.74,Weekend Sales,Weekend Sales,0,0,-1.0,0,1.0,
2026-12-06 02:00:00,565.69,349.07,17.21,42.55,36.59,21.52,Weekend Sales,Weekend Sales,0,0,-1.0,0,1.0,
2026-12-06 03:00:00,587.68,395.13,23.79,38.34,33.37,22.81,Weekend Sales,Weekend Sales,0,0,-1.0,0,1.0,
2026-12-06 04:00:00,570.28,372.4,21.77,39.94,28.49,23.66,Weekend Sales,Weekend Sales,0,0,-1.0,0,1.0,
2026-12-06 05:00:00,588.22,416.43,21.95,36.84,33.64,23.32,Weekend Sales,Weekend Sales,0,0,-1.0,0,1.0,
2026-12-06 06:00:00,797.42,528.7,27.76,47.92,37.06,30.77,Weekend Sales,Weekend Sales,0,0,-1.0,0,1.0,
2026-12-06 07:00:00,778.5,497.26,24.95,47.46,35.33,26.63,Weekend Sales,Weekend Sales,0,0,-1.0,0,1.0,
2026-12-06 08:00:00,852.47,535.32,26.66,48.78,37.88,27.04,Weekend Sales,Weekend Sales,0,0,-1.0,0,1.0,
2026-12-06 09:00:00,1018.23,660.18,38.24,52.42,40.87,28.4,Weekend Sales,Weekend Sales,0,0,-1.0,0,1.0,
2026-12-06 10:00:00,1119.98,677.22,37.66,60.18,43.54,25.22,Weekend Sales,Weekend Sales,0,0,-1.0,0,1.0,
2026-12-06 11:00:00,1039.98,667.39,38.27,50.73,42.08,30.58,Weekend Sales,Weekend Sales,0,0,-1.0,0,1.0,
2026-12-06 12:00:00,1095.08,695.29,42.37,57.94,43.23,27.5,Weekend Sales,Weekend Sales,0,0,-1.0,0,1.0,
2026-12-06 13:00:00,1153.98,707.17,40.59,57.19,46.09,27.49,Weekend Sales,Weekend Sales,0,0,-1.0,0,1.0,
2026-12-06 14:00:00,1229.91,776.35,43.21,65.24,43.42,30.48,Weekend Sales,Weekend Sales,0,0,-1.0,0,1.0,
2026-12-06 15:00:00,1134.39,703.55,38.46,60.88,44.06,30.97,Weekend Sales,Weekend Sales,0,0,-1.0,0,1.0,
2026-12-06 16:00:00,1180.05,741.78,44.42,57.46,40.38,31.82,Weekend Sales,Weekend Sales,0,0,-1.0,0,1.0,
2026-12-06 17:00:00,1621.76,970.95,54.47,72.16,54.65,36.59,Weekend Sales,Weekend Sales,0,0,-1.0,0,1.0,
2026-12-06 18:00:00,1676.45,1018.86,56.47,73.28,47.56,34.36,Weekend Sales,Weekend Sales,0,0,-1.0,0,1.0,
2026-12-06 19:00:00,1789.91,1086.64,56.9,81.0,58.88,41.35,Weekend Sales,Weekend Sales,0,0,-1.0,0,1.0,
2026-12-06 20:00:00,1625.83,987.55,52.72,73.17,52.73,36.02,Weekend Sales,Weekend Sales,0,0,-1.0,0,1.0,
2026-12-06 21:00:00,1243.94,737.84,45.18,63.0,43.43,32.87,Weekend Sales,Weekend Sales,0,0,-1.0,0,1.0,
2026-12-06 22:00:00,1241.35,766.21,41.65,62.87,43.22,31.41,Weekend Sales,Weekend Sales,0,0,-1.0,0,1.0,
2026-12-06 23:00:00,1202.1,735.88,43.14,63.29,43.04,27.35,Weekend Sales,Weekend Sales,0,0,-1.0,0,1.0,
2026-12-07 00:00:00,380.45,251.32,14.38,33.32,33.85,18.59,Normal Sales,Normal Sales,0,0,-1.0,0,1.0,
2026-12-07 01:00:00,431.94,232.87,16.06,31.52,29.71,18.24,Normal Sales,Normal Sales,0,0,-1.0,0,1.0,
2026-12-07 02:00:00,469.78,344.64,17.01,40.21,32.66,22.59,Normal Sales,Normal Sales,0,0,-1.0,0,1.0,
2026-12-07 03:00:00,432.98,283.82,18.25,29.86,32.08,16.76,Normal Sales,Normal Sales,0,0,-1.0,0,1.0,
2026-12-07 04:00:00,417.17,258.67,12.21,31.52,28.29,17.28,Normal Sales,Normal Sales,0,0,-1.0,0,1.0,
2026-12-07 05:00:00,438.0,293.2,14.59,38.02,32.6,22.2,Normal Sales,Normal Sales,0,0,-1.0,0,1.0,
2026-12-07 06:00:00,562.26,356.38,20.82,34.24,38.39,19.64,Normal Sales,Normal Sales,0,0,-1.0,0,1.0,
2026-12-07 07:00:00,633.65,416.03,23.08,45.26,38.76,20.18,Normal Sales,Normal Sales,0,0,-1.0,0,1.0,
2026-12-07 08:00:00,620.46,407.58,19.15,43.97,37.96,24.76,Normal Sales,Normal Sales,0,0,-1.0,0,1.0,
2026-12-07 09:00:00,824.37,549.6,30.94,46.03,36.97,25.23,Normal Sales,Normal Sales,0,0,-1.0,0,1.0,
2026-12-07 10:00:00,804.11,496.19,26.61,47.31,40.68,24.83,Normal Sales,Normal Sales,0,0,-1.0,0,1.0,
2026-12-07 11:00:00,832.04,461.02,25.61,48.12,40.64,25.82,Normal Sales,Normal Sales,0,0,-1.0,0,1.0,
2026-12-07 12:00:00,818.92,518.08,27.15,49.98,36.59,26.31,Normal Sales,Normal Sales,0,0,-1.0,0,1.0,
2026-12-07 13:00:00,903.46,560.52,32.83,51.85,39.92,25.02,Normal Sales,Normal Sales,0,0,-1.0,0,1.0,
2026-12-07 14:00:00,973.82,612.09,35.16,53.54,39.17,28.01,Normal Sales,Normal Sales,0,0,-1.0,0,1.0,
2026-12-07 15:00:00,874.73,553.28,23.9,48.89,38.84,23.92,Normal Sales,Normal Sales,0,0,-1.0,0,1.0,
2026-12-07 16:00:00,917.99,558.6,30.71,49.1,41.55,27.06,Normal Sales,Normal Sales,0,0,-1.0,0,1.0,
2026-12-07 17:00:00,1300.29,807.73,49.49,64.36,44.71,29.85,Normal Sales,Normal Sales,0,0,-1.0,0,1.0,
2026-12-07 18:00:00,1339.2,871.09,46.21,67.2,46.05,33.53,Normal Sales,Normal Sales,0,0,-1.0,0,1.0,
2026-12-07 19:00:00,1167.96,744.3,43.32,56.08,47.37,33.84,Normal Sales,Normal Sales,0,0,-1.0,0,1.0,
2026-12-07 20:00:00,1084.55,618.09,33.73,57.78,43.02,27.49,Normal Sales,Normal Sales,0,0,-1.0,0,1.0,
2026-12-07 21:00:00,1025.08,615.34,36.4,53.63,38.16,25.79,Normal Sales,Normal Sales,0,0,-1.0,0,1.0,
2026-12-07 22:00:00,1014.88,621.98,33.42,54.62,41.97,25.09,Normal Sales,Normal Sales,0,0,-1.0,0,1.0,
2026-12-07 23:00:00,1057.45,652.34,36.72,56.06,41.16,30.13,Normal Sales,Normal Sales,0,0,-1.0,0,1.0,
2026-12-08 00:00:00,429.0,267.81,9.75,35.53,30.95,20.21,Normal Sales,Normal Sales,0,0,-1.0,0,1.0,
2026-12-08 01:00:00,462.41,307.28,17.01,34.81,36.91,20.65,Normal Sales,Normal Sales,0,0,-1.0,0,1.0,
2026-12-08 02:00:00,431.74,263.11,12.68,28.42,34.38,17.02,Normal Sales,Normal Sales,0,0,-1.0,0,1.0,
2026-12-08 03:00:00,423.2,259.73,17.15,31.16,31.71,19.52,Normal Sales,Normal Sales,0,0,-1.0,0,1.0,
2026-12-08 04:00:00,397.69,209.61,10.1,31.22,30.99,17.0,Normal Sales,Normal Sales,0,0,-1.0,0,1.0,
2026-12-08 05:00:00,441.2,252.13,13.53,32.59,29.84,22.91,Normal Sales,Normal Sales,0,0,-1.0,0,1.0,
2026-12-08 06:00:00,550.49,372.32,22.08,41.18,33.55,23.98,Normal Sales,Normal Sales,0,0,-1.0,0,1.0,
2026-12-08 07:00:00,603.33,383.87,21.26,39.52,34.5,19.7,Normal Sales,Normal Sales,0,0,-1.0,0,1.0,
2026-12-08 08:00:00,596.67,409.44,28.28,42.5,35.81,22.74,Normal Sales,Normal Sales,0,0,-1.0,0,1.0,
2026-12-08 09:00:00,825.42,525.36,30.97,52.09,36.26,30.79,Normal Sales,Normal Sales,0,0,-1.0,0,1.0,
2026-12-08 10:00:00,812.64,507.3,27.08,46.31,39.05,25.96,Normal Sales,Normal Sales,0,0,-1.0,0,1.0,
2026-12-08 11:00:00,829.87,503.15,22.27,42.79,38.13,25.25,Normal Sales,Normal Sales,0,0,-1.0,0,1.0,
2026-12-08 12:00:00,790.12,472.55,26.58,45.32,36.48,20.58,Normal Sales,Normal Sales,0,0,-1.0,0,1.0,
2026-12-08 13:00:00,863.94,558.96,28.82,51.72,41.46,24.39,Normal Sales,Normal Sales,0,0,-1.0,0,1.0,
2026-12-08 14:00:00,881.95,571.49,33.9,49.16,35.75,28.8,Normal Sales,Normal Sales,0,0,-1.0,0,1.0,
2026-12-08 15:00:00,928.34,585.59,34.04,48.82,40.56,26.07,Normal Sales,Normal Sales,0,0,-1.0,0,1.0,
2026-12-08 16:00:00,929.19,596.07,34.74,53.75,40.3,27.47,Normal Sales,Normal Sales,0,0,-1.0,0,1.0,
2026-12-08 17:00:00,1305.3,793.68,42.91,65.16,47.49,30.54,Normal Sales,Normal Sales,0,0,-1.0,0,1.0,
2026-12-08 18:00:00,1212.8,710.05,36.53,58.31,43.72,29.19,Normal Sales,Normal Sales,0,0,-1.0,0,1.0,
2026-12-08 19:00:00,1204.57,701.52,38.84,59.52,45.72,31.17,Normal Sales,Normal Sales,0,0,-1.0,0,1.0,
2026-12-08 20:00:00,1306.94,813.17,46.48,68.61,44.86,33.87,Normal Sales,Normal Sales,0,0,-1.0,0,1.0,
2026-12-08 21:00:00,965.84,604.3,35.38,52.24,38.52,26.19,Normal Sales,Normal Sales,0,0,-1.0,0,1.0,
2026-12-08 22:00:00,949.45,561.8,33.31,52.21,38.7,24.08,Normal Sales,Normal Sales,0,0,-1.0,0,1.0,
2026-12-08 23:00:00,951.32,571.83,33.76,51.07,44.44,26.22,Normal Sales,Normal Sales,0,0,-1.0,0,1.0,
2026-12-09 00:00:00,415.16,280.59,12.09,34.42,28.63,14.65,Normal Sales,Normal Sales,0,0,-1.0,0,1.0,
2026-12-09 01:00:00,424.95,284.34,16.07,34.43,26.03,18.8,Normal Sales,Normal Sales,0,0,-1.0,0,1.0,
2026-12-09 02:00:00,424.36,278.63,13.21,36.01,30.2,18.37,Normal Sales,Normal Sales,0,0,-1.0,0,1.0,
2026-12-09 03:00:00,438.75,242.29,14.97,29.03,32.77,17.59,Normal Sales,Normal Sales,0,0,-1.0,0,1.0,
2026-12-09 04:00:00,424.18,186.36,9.07,29.25,34.31,16.59,Normal Sales,Normal Sales,0,0,-1.0,0,1.0,
2026-12-09 05:00:00,413.51,277.22,14.24,36.36,31.55,17.13,Normal Sales,Normal Sales,0,0,-1.0,0,1.0,
2026-12-09 06:00:00,646.4,415.79,24.66,41.43,36.19,26.24,Normal Sales,Normal Sales,0,0,-1.0,0,1.0,
2026-12-09 07:00:00,622.74,376.13,23.78,41.58,33.69,24.87,Normal Sales,Normal Sales,0,0,-1.0,0,1.0,
2026-12-09 08:00:00,580.29,373.01,22.81,42.11,32.07,18.84,Normal Sales,Normal Sales,0,0,-1.0,0,1.0,
2026-12-09 09:00:00,816.7,523.97,26.66,48.87,34.97,27.22,Normal Sales,Normal Sales,0,0,-1.0,0,1.0,
2026-12-09 10:00:00,784.37,482.21,28.25,47.9,38.28,26.11,Normal Sales,Normal Sales,0,0,-1.0,0,1.0,
2026-12-09 11:00:00,823.94,547.03,26.67,49.06,37.8,25.24,Normal Sales,Normal Sales,0,0,-1.0,0,1.0,
2026-12-09 12:00:00,827.51,518.41,30.16,44.99,42.65,24.18,Normal Sales,Normal Sales,0,0,-1.0,0,1.0,
2026-12-09 13:00:00,915.36,562.37,31.09,49.29,39.97,27.22,Normal Sales,Normal Sales,0,0,-1.0,0,1.0,
2026-12-09 14:00:00,794.05,484.1,25.89,51.94,39.22,27.1,Normal Sales,Normal Sales,0,0,-1.0,0,1.0,
2026-12-09 15:00:00,927.6,577.17,32.47,54.2,43.27,27.03,Normal Sales,Normal Sales,0,0,-1.0,0,1.0,
2026-12-09 16:00:00,874.31,565.19,29.38,51.4,40.23,25.91,Normal Sales,Normal Sales,0,0,-1.0,0,1.0,
2026-12-09 17:00:00,1224.37,747.75,40.49,58.81,44.04,27.79,Normal Sales,Normal Sales,0,0,-1.0,0,1.0,
2026-12-09 18:00:00,1320.29,826.91,46.01,64.81,45.94,31.01,Normal Sales,Normal Sales,0,0,-1.0,0,1.0,
2026-12-09 19:00:00,1314.78,781.22,43.13,62.09,49.87,32.58,Normal Sales,Normal Sales,0,0,-1.0,0,1.0,
2026-12-09 20:00:00,1282.36,767.41,39.48,64.03,49.4,32.0,Normal Sales,Normal Sales,0,0,-1.0,0,1.0,
2026-12-09 21:00:00,1006.16,628.56,34.78,54.84,39.73,25.77,Normal Sales,Normal Sales,0,0,-1.0,0,1.0,
2026-12-09 22:00:00,1002.86,659.11,37.81,52.6,40.54,29.94,Normal Sales,Normal Sales,0,0,-1.0,0,1.0,
2026-12-09 23:00:00,1073.06,710.08,38.63,60.6,42.74,29.51,Normal Sales,Normal Sales,0,0,-1.0,0,1.0,
2026-12-10 00:00:00,428.99,267.84,17.08,29.97,32.23,21.77,Normal Sales,Normal Sales,0,0,-1.0,0,1.0,
2026-12-10 01:00:00,458.28,298.36,14.9,37.03,34.44,18.43,Normal Sales,Normal Sales,0,0,-1.0,0,1.0,
2026-12-10 02:00:00,435.31,264.76,13.33,32.61,31.66,16.78,Normal Sales,Normal Sales,0,0,-1.0,0,1.0,
2026-12-10 03:00:00,404.52,228.56,13.23,27.86,26.44,20.46,Normal Sales,Normal Sales,0,0,-1.0,0,1.0,
2026-12-10 04:00:00,405.99,246.87,15.42,28.76,28.02,16.91,Normal Sales,Normal Sales,0,0,-1.0,0,1.0,
2026-12-10 05:00:00,448.22,277.35,15.24,33.33,32.74,21.8,Normal Sales,Normal Sales,0,0,-1.0,0,1.0,
2026-12-10 06:00:00,709.9,436.43,27.06,45.82,36.6,18.49,Normal Sales,Normal Sales,0,0,-1.0,0,1.0,
2026-12-10 07:00:00,606.06,367.3,20.92,38.88,33.18,25.24,Normal Sales,Normal Sales,0,0,-1.0,0,1.0,
2026-12-10 08:00:00,658.14,357.47,19.1,40.93,37.85,20.1,Normal Sales,Normal Sales,0,0,-1.0,0,1.0,
2026-12-10 09:00:00,799.1,497.81,28.7,42.96,33.55,26.95,Normal Sales,Normal Sales,0,0,-1.0,0,1.0,
2026-12-10 10:00:00,767.81,529.11,27.37,47.49,37.79,20.96,Normal Sales,Normal Sales,0,0,-1.0,0,1.0,
2026-12-10 11:00:00,923.5,562.69,29.27,47.79,40.42,26.65,Normal Sales,Normal Sales,0,0,-1.0,0,1.0,
2026-12-10 12:00:00,762.06,438.18,26.21,42.18,33.51,22.66,Normal Sales,Normal Sales,0,0,-1.0,0,1.0,
2026-12-10 13:00:00,884.7,597.27,31.81,51.18,39.48,25.79,Normal Sales,Normal Sales,0,0,-1.0,0,1.0,
2026-12-10 14:00:00,922.74,546.68,29.59,51.0,41.96,24.49,Normal Sales,Normal Sales,0,0,-1.0,0,1.0,
2026-12-10 15:00:00,875.84,581.55,30.88,51.03,42.31,26.67,Normal Sales,Normal Sales,0,0,-1.0,0,1.0,
2026-12-10 16:00:00,891.65,548.5,28.69,50.94,37.31,27.27,Normal Sales,Normal Sales,0,0,-1.0,0,1.0,
2026-12-10 17:00:00,1283.96,801.94,47.57,60.74,45.88,33.32,Normal Sales,Normal Sales,0,0,-1.0,0,1.0,
2026-12-10 18:00:00,1243.45,794.72,42.62,64.44,44.89,32.19,Normal Sales,Normal Sales,0,0,-1.0,0,1.0,
2026-12-10 19:00:00,1287.72,797.59,42.92,62.53,46.52,32.05,Normal Sales,Normal Sales,0,0,-1.0,0,1.0,
2026-12-10 20:00:00,1238.58,776.51,41.78,66.74,50.03,34.19,Normal Sales,Normal Sales,0,0,-1.0,0,1.0,
2026-12-10 21:00:00,1064.4,680.28,37.0,52.38,40.04,27.65,Normal Sales,Normal Sales,0,0,-1.0,0,1.0,
2026-12-10 22:00:00,1058.13,662.45,35.12,51.66,46.62,29.63,Normal Sales,Normal Sales,0,0,-1.0,0,1.0,
2026-12-10 23:00:00,1043.2,633.39,34.56,53.99,41.86,31.53,Normal Sales,Normal Sales,0,0,-1.0,0,1.0,
2026-12-11 00:00:00,402.09,248.27,14.38,32.1,32.83,14.74,Normal Sales,Normal Sales,0,0,-1.0,0,1.0,
2026-12-11 01:00:00,468.16,255.99,11.82,32.14,30.66,19.25,Normal Sales,Normal Sales,0,0,-1.0,0,1.0,
2026-12-11 02:00:00,434.46,272.2,12.14,33.38,31.43,21.27,Normal Sales,Normal Sales,0,0,-1.0,0,1.0,
2026-12-11 03:00:00,432.12,277.48,19.19,31.04,30.57,16.67,Normal Sales,Normal Sales,0,0,-1.0,0,1.0,
2026-12-11 04:00:00,462.23,328.45,21.12,37.85,32.62,19.3,Normal Sales,Normal Sales,0,0,-1.0,0,1.0,
2026-12-11 05:00:00,444.32,243.44,10.82,31.46,35.33,17.06,Normal Sales,Normal Sales,0,0,-1.0,0,1.0,
2026-12-11 06:00:00,606.32,383.12,22.87,43.22,32.07,21.38,Normal Sales,Normal Sales,0,0,-1.0,0,1.0,
2026-12-11 07:00:00,624.95,395.59,23.49,42.85,34.68,24.19,Normal Sales,Normal Sales,0,0,-1.0,0,1.0,
2026-12-11 08:00:00,647.95,423.94,22.26,44.04,37.42,21.57,Normal Sales,Normal Sales,0,0,-1.0,0,1.0,
2026-12-11 09:00:00,813.49,543.48,30.68,48.75,40.75,24.65,Normal Sales,Normal Sales,0,0,-1.0,0,1.0,
2026-12-11 10:00:00,739.64,439.1,26.42,44.98,36.71,25.1,Normal Sales,Normal Sales,0,0,-1.0,0,1.0,
2026-12-11 11:00:00,814.92,499.69,29.15,46.05,38.83,22.9,Normal Sales,Normal Sales,0,0,-1.0,0,1.0,
2026-12-11 12:00:00,765.56,453.01,24.86,42.89,35.77,23.02,Normal Sales,Normal Sales,0,0,-1.0,0,1.0,
2026-12-11 13:00:00,899.99,519.22,23.51,49.56,39.58,22.24,Normal Sales,Normal Sales,0,0,-1.0,0,1.0,
2026-12-11 14:00:00,922.96,583.1,31.47,56.52,42.23,25.78,Normal Sales,Normal Sales,0,0,-1.0,0,1.0,
2026-12-11 15:00:00,886.07,512.92,30.66,48.79,40.71,20.56,Normal Sales,Normal Sales,0,0,-1.0,0,1.0,
2026-12-11 16:00:00,938.37,569.05,32.47,52.42,39.91,24.83,Normal Sales,Normal Sales,0,0,-1.0,0,1.0,
2026-12-11 17:00:00,1309.17,790.79,45.59,62.25,46.3,30.28,Normal Sales,Normal Sales,0,0,-1.0,0,1.0,
2026-12-11 18:00:00,1293.76,776.34,41.08,69.02,47.68,32.15,Normal Sales,Normal Sales,0,0,-1.0,0,1.0,
2026-12-11 19:00:00,1316.57,823.91,45.14,67.5,44.73,35.79,Normal Sales,Normal Sales,0,0,-1.0,0,1.0,
2026-12-11 20:00:00,1291.3,820.65,48.28,66.49,44.33,34.96,Normal Sales,Normal Sales,0,0,-1.0,0,1.0,
2026-12-11 21:00:00,1083.0,622.8,34.05,55.42,41.88,25.08,Normal Sales,Normal Sales,0,0,-1.0,0,1.0,
2026-12-11 22:00:00,954.26,545.41,31.91,53.61,42.94,25.58,Normal Sales,Normal Sales,0,0,-1.0,0,1.0,
2026-12-11 23:00:00,1011.91,654.13,35.51,53.16,40.06,28.7,Normal Sales,Normal Sales,0,0,-1.0,0,1.0,
2026-12-12 00:00:00,545.9,350.29,16.56,37.52,34.09,21.02,Weekend Sales,Weekend Sales,0,0,-1.0,0,1.0,
2026-12-12 01:00:00,545.29,356.46,20.13,33.18,34.18,20.07,Weekend Sales,Weekend Sales,0,0,-1.0,0,1.0,
2026-12-12 02:00:00,551.24,321.02,15.65,37.37,34.46,20.33,Weekend Sales,Weekend Sales,0,0,-1.0,0,1.0,
2026-12-12 03:00:00,592.98,382.18,17.01,37.65,36.46,19.02,Weekend Sales,Weekend Sales,0,0,-1.0,0,1.0,
2026-12-12 04:00:00,488.69,348.77,19.78,35.9,30.61,21.98,Weekend Sales,Weekend Sales,0,0,-1.0,0,1.0,
2026-12-12 05:00:00,579.63,367.55,19.84,35.98,33.78,23.32,Weekend Sales,Weekend Sales,0,0,-1.0,0,1.0,
2026-12-12 06:00:00,795.55,508.27,27.15,49.24,35.56,24.73,Weekend Sales,Weekend Sales,0,0,-1.0,0,1.0,
2026-12-12 07:00:00,836.37,501.66,28.32,47.19,38.13,23.19,Weekend Sales,Weekend Sales,0,0,-1.0,0,1.0,
2026-12-12 08:00:00,858.48,508.63,28.53,45.63,38.46,26.0,Weekend Sales,Weekend Sales,0,0,-1.0,0,1.0,
2026-12-12 09:00:00,1053.86,576.49,29.02,46.98,42.05,26.4,Weekend Sales,Weekend Sales,0,0,-1.0,0,1.0,
2026-12-12 10:00:00,1050.56,635.68,35.4,51.39,43.77,28.04,Weekend Sales,Weekend Sales,0,0,-1.0,0,1.0,
2026-12-12 11:00:00,1018.79,621.19,33.9,50.65,42.66,29.46,Weekend Sales,Weekend Sales,0,0,-1.0,0,1.0,
2026-12-12 12:00:00,1075.58,690.37,43.27,52.98,42.39,26.57,Weekend Sales,Weekend Sales,0,0,-1.0,0,1.0,
2026-12-12 13:00:00,1288.37,804.94,42.88,63.88,48.57,33.03,Weekend Sales,Weekend Sales,0,0,-1.0,0,1.0,
2026-12-12 14:00:00,1229.7,799.62,45.89,66.63,44.65,27.48,Weekend Sales,Weekend Sales,0,0,-1.0,0,1.0,
2026-12-12 15:00:00,1201.29,728.19,41.63,55.95,46.08,30.58,Weekend Sales,Weekend Sales,0,0,-1.0,0,1.0,
2026-12-12 16:00:00,1216.25,769.54,42.27,61.53,46.95,32.42,Weekend Sales,Weekend Sales,0,0,-1.0,0,1.0,
2026-12-12 17:00:00,1756.8,1087.15,60.01,80.94,50.38,36.42,Weekend Sales,Weekend Sales,0,0,-1.0,0,1.0,
2026-12-12 18:00:00,1687.85,999.53,54.75,74.25,52.54,37.33,Weekend Sales,Weekend Sales,0,0,-1.0,0,1.0,
2026-12-12 19:00:00,1540.52,963.25,52.08,67.86,49.27,36.84,Weekend Sales,Weekend Sales,0,0,-1.0,0,1.0,
2026-12-12 20:00:00,1663.86,1019.93,56.4,76.01,51.75,34.85,Weekend Sales,Weekend Sales,0,0,-1.0,0,1.0,
2026-12-12 21:00:00,1286.68,844.84,46.82,66.98,44.59,32.33,Weekend Sales,Weekend Sales,0,0,-1.0,0,1.0,
2026-12-12 22:00:00,1305.82,831.46,48.13,64.73,46.15,32.32,Weekend Sales,Weekend Sales,0,0,-1.0,0,1.0,
2026-12-12 23:00:00,1371.26,861.89,47.22,70.28,48.35,32.01,Weekend Sales,Weekend Sales,0,0,-1.0,0,1.0,
2026-12-13 00:00:00,566.6,346.88,17.1,37.58,35.91,22.86,Weekend Sales,Weekend Sales,0,1,168.0,144,1.7,Christmas Sale
2026-12-13 01:00:00,592.22,386.66,21.68,38.63,35.2,18.37,Weekend Sales,Weekend Sales,0,1,167.0,144,1.7,Christmas Sale
2026-12-13 02:00:00,547.34,366.97,19.2,40.49,32.58,22.27,Weekend Sales,Weekend Sales,0,1,166.0,144,1.7,Christmas Sale
2026-12-13 03:00:00,522.75,355.9,17.34,34.79,35.32,20.89,Weekend Sales,Weekend Sales,0,1,165.0,144,1.7,Christmas Sale
2026-12-13 04:00:00,557.69,384.96,22.63,38.66,33.21,23.77,Weekend Sales,Weekend Sales,0,1,164.0,144,1.7,Christmas Sale
2026-12-13 05:00:00,539.08,370.31,19.48,36.8,35.34,22.73,Weekend Sales,Weekend Sales,0,1,163.0,144,1.7,Christmas Sale
2026-12-13 06:00:00,745.41,459.48,23.06,46.64,40.11,24.56,Weekend Sales,Weekend Sales,0,1,162.0,144,1.7,Christmas Sale
2026-12-13 07:00:00,787.01,510.19,27.96,47.07,36.41,24.96,Weekend Sales,Weekend Sales,0,1,161.0,144,1.7,Christmas Sale
2026-12-13 08:00:00,815.18,445.3,24.54,44.22,38.55,19.12,Weekend Sales,Weekend Sales,0,1,160.0,144,1.7,Christmas Sale
2026-12-13 09:00:00,1097.18,680.97,38.44,53.35,40.18,25.27,Weekend Sales,Weekend Sales,0,1,159.0,144,1.7,Christmas Sale
2026-12-13 10:00:00,1077.62,659.5,35.98,52.82,39.9,23.5,Weekend Sales,Weekend Sales,0,1,158.0,144,1.7,Christmas Sale
2026-12-13 11:00:00,997.82,602.4,31.94,52.92,42.49,25.68,Weekend Sales,Weekend Sales,0,1,157.0,144,1.7,Christmas Sale
2026-12-13 12:00:00,1095.94,698.94,40.74,59.44,42.78,27.31,Weekend Sales,Weekend Sales,0,1,156.0,144,1.7,Christmas Sale
2026-12-13 13:00:00,1211.95,742.0,43.56,61.31,44.28,33.38,Weekend Sales,Weekend Sales,0,1,155.0,144,1.7,Christmas Sale
2026-12-13 14:00:00,1166.82,723.35,43.8,60.55,46.09,33.09,Weekend Sales,Weekend Sales,0,1,154.0,144,1.7,Christmas Sale
2026-12-13 15:00:00,1162.66,743.57,40.23,65.86,46.65,32.08,Weekend Sales,Weekend Sales,0,1,153.0,144,1.7,Christmas Sale
2026-12-13 16:00:00,1258.1,762.64,45.38,60.12,46.2,29.64,Weekend Sales,Weekend Sales,0,1,152.0,144,1.7,Christmas Sale
2026-12-13 17:00:00,1772.18,1142.38,63.73,84.37,53.9,40.76,Weekend Sales,Weekend Sales,0,1,151.0,144,1.7,Christmas Sale
2026-12-13 18:00:00,1670.57,1076.59,60.8,78.94,52.52,44.75,Weekend Sales,Weekend Sales,0,1,150.0,144,1.7,Christmas Sale
2026-12-13 19:00:00,1722.21,1104.09,59.57,82.65,52.03,38.53,Weekend Sales,Weekend Sales,0,1,149.0,144,1.7,Christmas Sale
2026-12-13 20:00:00,1766.52,1072.85,56.62,82.12,53.05,38.26,Weekend Sales,Weekend Sales,0,1,148.0,144,1.7,Christmas Sale
2026-12-13 21:00:00,1202.5,713.82,39.7,59.16,46.26,28.05,Weekend Sales,Weekend Sales,0,1,147.0,144,1.7,Christmas Sale
2026-12-13 22:00:00,1310.54,813.7,44.35,66.59,44.11,33.37,Weekend Sales,Weekend Sales,0,1,146.0,144,1.7,Christmas Sale
2026-12-13 23:00:00,1396.78,845.42,47.3,68.11,48.92,33.14,Weekend Sales,Weekend Sales,0,1,145.0,144,1.7,Christmas Sale
2026-12-14 00:00:00,458.83,337.23,19.8,37.63,31.83,17.8,Normal Sales,Normal Sales,0,1,144.0,144,1.7,Christmas Sale
2026-12-14 01:00:00,397.87,217.83,12.51,30.5,33.82,12.44,Normal Sales,Normal Sales,0,1,143.0,144,1.7,Christmas Sale
2026-12-14 02:00:00,429.32,277.01,17.03,34.26,32.03,19.28,Normal Sales,Normal Sales,0,1,142.0,144,1.7,Christmas Sale
2026-12-14 03:00:00,437.87,271.0,19.14,35.14,31.84,17.3,Normal Sales,Normal Sales,0,1,141.0,144,1.7,Christmas Sale
2026-12-14 04:00:00,421.12,298.85,11.47,34.96,31.11,20.47,Normal Sales,Normal Sales,0,1,140.0,144,1.7,Christmas Sale
2026-12-14 05:00:00,434.13,307.06,17.08,35.13,33.28,22.74,Normal Sales,Normal Sales,0,1,139.0,144,1.7,Christmas Sale
2026-12-14 06:00:00,640.12,422.17,22.78,42.43,37.85,23.61,Normal Sales,Normal Sales,0,1,138.0,144,1.7,Christmas Sale
2026-12-14 07:00:00,611.38,379.87,22.97,42.8,32.71,22.22,Normal Sales,Normal Sales,0,1,137.0,144,1.7,Christmas Sale
2026-12-14 08:00:00,618.63,381.91,23.67,39.54,33.37,19.92,Normal Sales,Normal Sales,0,1,136.0,144,1.7,Christmas Sale
2026-12-14 09:00:00,802.23,479.0,24.62,43.75,35.98,22.45,Normal Sales,Normal Sales,0,1,135.0,144,1.7,Christmas Sale
2026-12-14 10:00:00,825.44,462.77,24.05,45.18,40.33,23.08,Normal Sales,Normal Sales,0,1,134.0,144,1.7,Christmas Sale
2026-12-14 11:00:00,803.09,495.72,23.62,48.38,38.89,26.02,Normal Sales,Normal Sales,0,1,133.0,144,1.7,Christmas Sale
2026-12-14 12:00:00,910.69,532.17,26.29,51.0,38.81,23.33,Normal Sales,Normal Sales,0,1,132.0,144,1.7,Christmas Sale
2026-12-14 13:00:00,891.73,537.41,33.01,54.97,35.89,22.48,Normal Sales,Normal Sales,0,1,131.0,144,1.7,Christmas Sale
2026-12-14 14:00:00,870.16,522.26,27.17,47.98,37.9,22.35,Normal Sales,Normal Sales,0,1,130.0,144,1.7,Christmas Sale
2026-12-14 15:00:00,858.07,570.66,30.67,49.52,35.55,25.34,Normal Sales,Normal Sales,0,1,129.0,144,1.7,Christmas Sale
2026-12-14 16:00:00,947.96,602.62,34.77,49.69,37.68,29.33,Normal Sales,Normal Sales,0,1,128.0,144,1.7,Christmas Sale
2026-12-14 17:00:00,1338.45,823.38,46.99,62.75,44.26,29.35,Normal Sales,Normal Sales,0,1,127.0,144,1.7,Christmas Sale
2026-12-14 18:00:00,1308.58,816.74,43.88,63.27,51.07,31.9,Normal Sales,Normal Sales,0,1,126.0,144,1.7,Christmas Sale
2026-12-14 19:00:00,1374.56,848.57,45.67,70.72,48.95,33.17,Normal Sales,Normal Sales,0,1,125.0,144,1.7,Christmas Sale
2026-12-14 20:00:00,1358.21,905.1,48.32,70.77,46.27,32.76,Normal Sales,Normal Sales,0,1,124.0,144,1.7,Christmas Sale
2026-12-14 21:00:00,951.62,629.81,30.99,55.22,38.53,31.29,Normal Sales,Normal Sales,0,1,123.0,144,1.7,Christmas Sale
2026-12-14 22:00:00,986.07,602.26,36.26,55.18,41.87,28.67,Normal Sales,Normal Sales,0,1,122.0,144,1.7,Christmas Sale
2026-12-14 23:00:00,945.57,604.79,32.87,53.68,41.04,24.9,Normal Sales,Normal Sales,0,1,121.0,144,1.7,Christmas Sale
2026-12-15 00:00:00,441.37,268.99,12.31,33.27,31.54,19.91,Normal Sales,Normal Sales,0,1,120.0,144,1.7,Christmas Sale
2026-12-15 01:00:00,377.46,243.73,12.38,34.01,30.41,17.43,Normal Sales,Normal Sales,0,1,119.0,144,1.7,Christmas Sale
2026-12-15 02:00:00,424.84,271.74,16.76,31.4,30.53,21.73,Normal Sales,Normal Sales,0,1,118.0,144,1.7,Christmas Sale
2026-12-15 03:00:00,420.91,270.14,12.39,29.24,29.08,17.37,Normal Sales,Normal Sales,0,1,117.0,144,1.7,Christmas Sale
2026-12-15 04:00:00,450.93,308.32,13.11,34.13,33.06,19.5,Normal Sales,Normal Sales,0,1,116.0,144,1.7,Christmas Sale
2026-12-15 05:00:00,460.89,302.59,16.11,34.86,31.72,17.87,Normal Sales,Normal Sales,0,1,115.0,144,1.7,Christmas Sale
2026-12-15 06:00:00,648.23,420.46,24.03,42.71,32.98,23.52,Normal Sales,Normal Sales,0,1,114.0,144,1.7,Christmas Sale
2026-12-15 07:00:00,623.15,436.41,21.42,40.82,31.42,22.47,Normal Sales,Normal Sales,0,1,113.0,144,1.7,Christmas Sale
2026-12-15 08:00:00,565.26,380.1,23.09,39.23,31.58,18.45,Normal Sales,Normal Sales,0,1,112.0,144,1.7,Christmas Sale
2026-12-15 09:00:00,781.17,499.96,25.92,51.52,40.26,24.5,Normal Sales,Normal Sales,0,1,111.0,144,1.7,Christmas Sale
2026-12-15 10:00:00,790.97,476.17,29.39,44.11,39.32,23.95,Normal Sales,Normal Sales,0,1,110.0,144,1.7,Christmas Sale
2026-12-15 11:00:00,838.55,499.39,26.8,47.12,36.99,26.98,Normal Sales,Normal Sales,0,1,109.0,144,1.7,Christmas Sale
2026-12-15 12:00:00,778.72,468.38,28.48,48.22,40.41,19.89,Normal Sales,Normal Sales,0,1,108.0,144,1.7,Christmas Sale
2026-12-15 13:00:00,914.0,568.94,30.17,51.73,38.9,26.55,Normal Sales,Normal Sales,0,1,107.0,144,1.7,Christmas Sale
2026-12-15 14:00:00,1058.84,664.41,37.26,58.42,42.36,26.41,Normal Sales,Normal Sales,0,1,106.0,144,1.7,Christmas Sale
2026-12-15 15:00:00,830.41,514.12,27.74,42.87,41.38,25.07,Normal Sales,Normal Sales,0,1,105.0,144,1.7,Christmas Sale
2026-12-15 16:00:00,970.05,545.63,32.93,49.1,43.01,26.07,Normal Sales,Normal Sales,0,1,104.0,144,1.7,Christmas Sale
2026-12-15 17:00:00,1315.08,826.71,44.62,64.11,45.63,29.72,Normal Sales,Normal Sales,0,1,103.0,144,1.7,Christmas Sale
2026-12-15 18:00:00,1255.03,760.7,38.85,63.42,45.35,31.51,Normal Sales,Normal Sales,0,1,102.0,144,1.7,Christmas Sale
2026-12-15 19:00:00,1330.78,819.14,43.18,66.27,40.78,32.26,Normal Sales,Normal Sales,0,1,101.0,144,1.7,Christmas Sale
2026-12-15 20:00:00,1335.14,853.96,45.91,61.51,41.43,34.63,Normal Sales,Normal Sales,0,1,100.0,144,1.7,Christmas Sale
2026-12-15 21:00:00,982.47,659.57,33.45,56.4,44.03,28.9,Normal Sales,Normal Sales,0,1,99.0,144,1.7,Christmas Sale
2026-12-15 22:00:00,920.56,640.07,38.36,53.6,41.29,29.66,Normal Sales,Normal Sales,0,1,98.0,144,1.7,Christmas Sale
2026-12-15 23:00:00,1032.27,605.46,33.95,57.16,42.56,27.93,Normal Sales,Normal Sales,0,1,97.0,144,1.7,Christmas Sale
2026-12-16 00:00:00,417.33,236.15,9.84,33.86,30.65,15.22,Normal Sales,Normal Sales,0,1,96.0,144,1.7,Christmas Sale
2026-12-16 01:00:00,449.78,264.19,12.81,32.25,31.26,19.52,Normal Sales,Normal Sales,0,1,95.0,144,1.7,Christmas Sale
2026-12-16 02:00:00,410.08,279.51,16.34,32.57,30.65,18.14,Normal Sales,Normal Sales,0,1,94.0,144,1.7,Christmas Sale
2026-12-16 03:00:00,430.26,304.76,15.9,35.63,29.92,20.68,Normal Sales,Normal Sales,0,1,93.0,144,1.7,Christmas Sale
2026-12-16 04:00:00,434.77,302.8,15.0,36.83,33.92,18.69,Normal Sales,Normal Sales,0,1,92.0,144,1.7,Christmas Sale
2026-12-16 05:00:00,426.12,268.96,14.32,33.96,32.59,18.5,Normal Sales,Normal Sales,0,1,91.0,144,1.7,Christmas Sale
2026-12-16 06:00:00,615.67,388.38,20.56,39.53,32.67,21.63,Normal Sales,Normal Sales,0,1,90.0,144,1.7,Christmas Sale
2026-12-16 07:00:00,633.31,385.92,19.68,40.19,35.56,21.9,Normal Sales,Normal Sales,0,1,89.0,144,1.7,Christmas Sale
2026-12-16 08:00:00,688.49,410.46,22.27,43.93,34.32,26.12,Normal Sales,Normal Sales,0,1,88.0,144,1.7,Christmas Sale
2026-12-16 09:00:00,810.23,516.37,28.44,50.26,35.65,28.05,Normal Sales,Normal Sales,0,1,87.0,144,1.7,Christmas Sale
2026-12-16 10:00:00,819.42,524.5,27.37,49.0,35.99,27.46,Normal Sales,Normal Sales,0,1,86.0,144,1.7,Christmas Sale
2026-12-16 11:00:00,757.8,473.69,25.28,41.47,35.01,24.74,Normal Sales,Normal Sales,0,1,85.0,144,1.7,Christmas Sale
2026-12-16 12:00:00,773.73,462.98,26.21,47.31,38.47,23.48,Normal Sales,Normal Sales,0,1,84.0,144,1.7,Christmas Sale
2026-12-16 13:00:00,915.19,570.39,29.3,51.69,37.47,27.49,Normal Sales,Normal Sales,0,1,83.0,144,1.7,Christmas Sale
2026-12-16 14:00:00,911.45,511.0,30.06,46.98,38.29,26.69,Normal Sales,Normal Sales,0,1,82.0,144,1.7,Christmas Sale
2026-12-16 15:00:00,897.95,571.66,30.13,52.92,39.66,27.1,Normal Sales,Normal Sales,0,1,81.0,144,1.7,Christmas Sale
2026-12-16 16:00:00,897.26,597.04,36.58,46.54,41.11,24.77,Normal Sales,Normal Sales,0,1,80.0,144,1.7,Christmas Sale
2026-12-16 17:00:00,1319.32,773.53,43.35,61.27,45.51,30.47,Normal Sales,Normal Sales,0,1,79.0,144,1.7,Christmas Sale
2026-12-16 18:00:00,1239.28,750.67,40.49,61.31,45.71,34.49,Normal Sales,Normal Sales,0,1,78.0,144,1.7,Christmas Sale
2026-12-16 19:00:00,1225.62,763.05,43.51,60.37,40.32,27.26,Normal Sales,Normal Sales,0,1,77.0,144,1.7,Christmas Sale
2026-12-16 20:00:00,1143.7,747.59,42.35,62.68,45.41,29.54,Normal Sales,Normal Sales,0,1,76.0,144,1.7,Christmas Sale
2026-12-16 21:00:00,1115.86,700.22,38.37,61.21,44.3,32.18,Normal Sales,Normal Sales,0,1,75.0,144,1.7,Christmas Sale
2026-12-16 22:00:00,1070.37,654.8,36.39,53.76,38.94,30.04,Normal Sales,Normal Sales,0,1,74.0,144,1.7,Christmas Sale
2026-12-16 23:00:00,1048.52,600.53,31.59,53.55,42.13,31.1,Normal Sales,Normal Sales,0,1,73.0,144,1.7,Christmas Sale
2026-12-17 00:00:00,415.59,253.38,15.24,31.85,30.06,17.16,Normal Sales,Normal Sales,0,1,72.0,144,1.7,Christmas Sale
2026-12-17 01:00:00,434.04,264.71,15.92,34.28,25.55,15.11,Normal Sales,Normal Sales,0,1,71.0,144,1.7,Christmas Sale
2026-12-17 02:00:00,418.3,283.85,14.31,35.06,32.31,20.18,Normal Sales,Normal Sales,0,1,70.0,144,1.7,Christmas Sale
2026-12-17 03:00:00,417.3,230.02,10.03,39.12,32.0,21.43,Normal Sales,Normal Sales,0,1,69.0,144,1.7,Christmas Sale
2026-12-17 04:00:00,411.17,286.13,14.78,34.09,30.42,17.39,Normal Sales,Normal Sales,0,1,68.0,144,1.7,Christmas Sale
2026-12-17 05:00:00,410.5,253.53,12.77,33.01,29.3,19.75,Normal Sales,Normal Sales,0,1,67.0,144,1.7,Christmas Sale
2026-12-17 06:00:00,605.47,416.32,22.8,41.32,37.5,21.42,Normal Sales,Normal Sales,0,1,66.0,144,1.7,Christmas Sale
2026-12-17 07:00:00,607.12,358.89,20.15,37.17,35.87,20.88,Normal Sales,Normal Sales,0,1,65.0,144,1.7,Christmas Sale
2026-12-17 08:00:00,645.72,418.5,21.99,40.16,34.32,22.48,Normal Sales,Normal Sales,0,1,64.0,144,1.7,Christmas Sale
2026-12-17 09:00:00,823.95,521.97,28.64,46.38,36.83,26.09,Normal Sales,Normal Sales,0,1,63.0,144,1.7,Christmas Sale
2026-12-17 10:00:00,784.07,500.13,28.69,50.61,36.37,23.85,Normal Sales,Normal Sales,0,1,62.0,144,1.7,Christmas Sale
2026-12-17 11:00:00,716.7,420.78,21.23,43.93,39.8,23.68,Normal Sales,Normal Sales,0,1,61.0,144,1.7,Christmas Sale
2026-12-17 12:00:00,850.56,509.56,25.63,47.13,37.21,23.02,Normal Sales,Normal Sales,0,1,60.0,144,1.7,Christmas Sale
2026-12-17 13:00:00,915.64,538.05,31.25,48.54,39.48,25.65,Normal Sales,Normal Sales,0,1,59.0,144,1.7,Christmas Sale
2026-12-17 14:00:00,884.62,580.1,28.69,54.39,38.34,28.34,Normal Sales,Normal Sales,0,1,58.0,144,1.7,Christmas Sale
2026-12-17 15:00:00,914.87,588.48,32.13,52.4,41.75,26.9,Normal Sales,Normal Sales,0,1,57.0,144,1.7,Christmas Sale
2026-12-17 16:00:00,965.99,607.72,31.96,52.19,42.2,24.71,Normal Sales,Normal Sales,0,1,56.0,144,1.7,Christmas Sale
2026-12-17 17:00:00,1338.15,820.51,42.55,66.15,45.35,31.37,Normal Sales,Normal Sales,0,1,55.0,144,1.7,Christmas Sale
2026-12-17 18:00:00,1246.85,775.92,41.9,63.87,47.22,32.48,Normal Sales,Normal Sales,0,1,54.0,144,1.7,Christmas Sale
2026-12-17 19:00:00,1403.31,921.33,50.09,67.8,47.28,35.27,Normal Sales,Normal Sales,0,1,53.0,144,1.7,Christmas Sale
2026-12-17 20:00:00,1430.37,877.46,48.82,67.23,47.62,31.51,Normal Sales,Normal Sales,0,1,52.0,144,1.7,Christmas Sale
2026-12-17 21:00:00,927.88,609.31,35.64,51.92,41.9,24.62,Normal Sales,Normal Sales,0,1,51.0,144,1.7,Christmas Sale
2026-12-17 22:00:00,992.42,619.66,36.61,54.32,41.96,26.55,Normal Sales,Normal Sales,0,1,50.0,144,1.7,Christmas Sale
2026-12-17 23:00:00,1014.31,660.48,33.09,58.68,40.82,25.7,Normal Sales,Normal Sales,0,1,49.0,144,1.7,Christmas Sale
2026-12-18 00:00:00,423.51,294.83,15.25,35.4,27.97,15.72,Normal Sales,Normal Sales,0,1,48.0,144,1.7,Christmas Sale
2026-12-18 01:00:00,406.13,277.12,15.14,36.47,33.22,17.41,Normal Sales,Normal Sales,0,1,47.0,144,1.7,Christmas Sale
2026-12-18 02:00:00,462.87,273.37,17.04,36.4,32.0,18.97,Normal Sales,Normal Sales,0,1,46.0,144,1.7,Christmas Sale
2026-12-18 03:00:00,436.12,273.28,14.25,32.6,30.65,21.27,Normal Sales,Normal Sales,0,1,45.0,144,1.7,Christmas Sale
2026-12-18 04:00:00,395.15,232.57,12.14,31.06,31.31,15.12,Normal Sales,Normal Sales,0,1,44.0,144,1.7,Christmas Sale
2026-12-18 05:00:00,451.24,301.94,17.96,34.68,30.19,18.9,Normal Sales,Normal Sales,0,1,43.0,144,1.7,Christmas Sale
2026-12-18 06:00:00,621.9,402.23,21.96,41.98,33.7,22.63,Normal Sales,Normal Sales,0,1,42.0,144,1.7,Christmas Sale
2026-12-18 07:00:00,612.29,386.32,17.71,41.5,35.49,22.72,Normal Sales,Normal Sales,0,1,41.0,144,1.7,Christmas Sale
2026-12-18 08:00:00,589.4,347.67,17.38,39.19,35.34,19.3,Normal Sales,Normal Sales,0,1,40.0,144,1.7,Christmas Sale
2026-12-18 09:00:00,864.12,568.31,31.53,51.41,35.33,25.15,Normal Sales,Normal Sales,0,1,39.0,144,1.7,Christmas Sale
2026-12-18 10:00:00,760.01,448.46,25.69,46.15,38.52,23.69,Normal Sales,Normal Sales,0,1,38.0,144,1.7,Christmas Sale
2026-12-18 11:00:00,832.0,476.11,23.61,45.56,39.34,23.01,Normal Sales,Normal Sales,0,1,37.0,144,1.7,Christmas Sale
2026-12-18 12:00:00,755.62,451.19,22.95,40.04,41.29,25.75,Normal Sales,Normal Sales,0,1,36.0,144,1.7,Christmas Sale
2026-12-18 13:00:00,816.66,458.28,23.59,41.43,42.65,21.85,Normal Sales,Normal Sales,0,1,35.0,144,1.7,Christmas Sale
2026-12-18 14:00:00,922.55,559.34,28.43,53.17,40.99,25.86,Normal Sales,Normal Sales,0,1,34.0,144,1.7,Christmas Sale
2026-12-18 15:00:00,1014.09,634.61,33.99,59.46,42.05,31.12,Normal Sales,Normal Sales,0,1,33.0,144,1.7,Christmas Sale
2026-12-18 16:00:00,904.4,485.37,23.58,49.78,38.2,24.64,Normal Sales,Normal Sales,0,1,32.0,144,1.7,Christmas Sale
2026-12-18 17:00:00,1360.72,848.13,44.93,67.02,47.35,32.39,Normal Sales,Normal Sales,0,1,31.0,144,1.7,Christmas Sale
2026-12-18 18:00:00,1198.54,734.21,40.2,57.02,42.54,28.92,Normal Sales,Normal Sales,0,1,30.0,144,1.7,Christmas Sale
2026-12-18 19:00:00,1167.93,727.33,40.48,58.71,41.12,31.0,Normal Sales,Normal Sales,0,1,29.0,144,1.7,Christmas Sale
2026-12-18 20:00:00,1322.87,822.65,45.33,67.09,46.3,30.73,Normal Sales,Normal Sales,0,1,28.0,144,1.7,Christmas Sale
2026-12-18 21:00:00,998.04,608.98,33.35,55.6,38.56,27.58,Normal Sales,Normal Sales,0,1,27.0,144,1.7,Christmas Sale
2026-12-18 22:00:00,938.83,559.12,33.9,51.81,40.28,22.66,Normal Sales,Normal Sales,0,1,26.0,144,1.7,Christmas Sale
2026-12-18 23:00:00,989.75,561.83,30.97,48.08,41.94,26.37,Normal Sales,Normal Sales,0,1,25.0,144,1.7,Christmas Sale
2026-12-19 00:00:00,533.4,340.25,22.9,37.07,34.83,16.3,Weekend Sales,Weekend Sales,0,1,24.0,144,1.7,Christmas Sale
2026-12-19 01:00:00,581.21,346.12,18.5,39.71,33.39,17.42,Weekend Sales,Weekend Sales,0,1,23.0,144,1.7,Christmas Sale
2026-12-19 02:00:00,611.3,342.75,17.17,38.63,34.67,21.42,Weekend Sales,Weekend Sales,0,1,22.0,144,1.7,Christmas Sale
2026-12-19 03:00:00,571.71,383.17,22.06,36.85,28.52,21.88,Weekend Sales,Weekend Sales,0,1,21.0,144,1.7,Christmas Sale
2026-12-19 04:00:00,609.56,346.62,16.96,39.36,35.33,22.91,Weekend Sales,Weekend Sales,0,1,20.0,144,1.7,Christmas Sale
2026-12-19 05:00:00,614.53,386.91,19.43,38.09,33.36,23.74,Weekend Sales,Weekend Sales,0,1,19.0,144,1.7,Christmas Sale
2026-12-19 06:00:00,799.83,519.93,25.55,48.51,36.09,26.04,Weekend Sales,Weekend Sales,0,1,18.0,144,1.7,Christmas Sale
2026-12-19 07:00:00,809.83,522.03,27.84,47.91,39.38,24.85,Weekend Sales,Weekend Sales,0,1,17.0,144,1.7,Christmas Sale
2026-12-19 08:00:00,822.73,529.11,28.95,44.43,36.84,21.38,Weekend Sales,Weekend Sales,0,1,16.0,144,1.7,Christmas Sale
2026-12-19 09:00:00,1059.35,668.58,37.02,60.05,44.57,29.23,Weekend Sales,Weekend Sales,0,1,15.0,144,1.7,Christmas Sale
2026-12-19 10:00:00,944.44,602.34,31.59,54.86,40.68,28.37,Weekend Sales,Weekend Sales,0,1,14.0,144,1.7,Christmas Sale
2026-12-19 11:00:00,1099.66,741.55,41.83,56.97,44.84,29.68,Weekend Sales,Weekend Sales,0,1,13.0,144,1.7,Christmas Sale
2026-12-19 12:00:00,1144.91,748.41,42.41,57.64,42.54,33.39,Weekend Sales,Weekend Sales,0,1,12.0,144,1.7,Christmas Sale
2026-12-19 13:00:00,1318.8,819.2,44.51,62.46,44.09,32.95,Weekend Sales,Weekend Sales,0,1,11.0,144,1.7,Christmas Sale
2026-12-19 14:00:00,1240.97,732.22,41.93,64.31,46.36,33.61,Weekend Sales,Weekend Sales,0,1,10.0,144,1.7,Christmas Sale
2026-12-19 15:00:00,1220.27,765.7,42.81,65.62,45.82,30.08,Weekend Sales,Weekend Sales,0,1,9.0,144,1.7,Christmas Sale
2026-12-19 16:00:00,1224.34,769.93,41.92,65.0,45.0,32.66,Weekend Sales,Weekend Sales,0,1,8.0,144,1.7,Christmas Sale
2026-12-19 17:00:00,1747.21,1065.13,56.62,78.12,53.54,41.81,Weekend Sales,Weekend Sales,0,1,7.0,144,1.7,Christmas Sale
2026-12-19 18:00:00,1699.75,1063.19,60.22,78.54,52.07,40.68,Weekend Sales,Weekend Sales,0,1,6.0,144,1.7,Christmas Sale
2026-12-19 19:00:00,1752.19,1072.26,58.15,80.48,54.45,41.29,Weekend Sales,Weekend Sales,0,1,5.0,144,1.7,Christmas Sale
2026-12-19 20:00:00,1749.11,1059.86,56.72,80.46,54.02,36.81,Weekend Sales,Weekend Sales,0,1,4.0,144,1.7,Christmas Sale
2026-12-19 21:00:00,1394.93,808.66,45.15,61.68,49.48,31.69,Weekend Sales,Weekend Sales,0,1,3.0,144,1.7,Christmas Sale
2026-12-19 22:00:00,1374.71,842.55,48.99,62.25,49.13,31.85,Weekend Sales,Weekend Sales,0,1,2.0,144,1.7,Christmas Sale
2026-12-19 23:00:00,1350.02,847.44,43.82,69.43,47.74,33.42,Weekend Sales,Weekend Sales,0,1,1.0,144,1.7,Christmas Sale
2026-12-20 00:00:00,856.11,533.92,31.03,47.7,40.23,26.49,Christmas Sale,Christmas Sale,1,1,144.0,0,1.7,New Year Sale
2026-12-20 01:00:00,832.71,562.44,31.84,50.46,39.3,25.85,Christmas Sale,Christmas Sale,1,1,143.0,0,1.7,New Year Sale
2026-12-20 02:00:00,890.37,551.5,31.97,47.27,35.54,26.59,Christmas Sale,Christmas Sale,1,1,142.0,0,1.7,New Year Sale
2026-12-20 03:00:00,823.81,505.95,23.14,51.61,38.21,27.32,Christmas Sale,Christmas Sale,1,1,141.0,0,1.7,New Year Sale
2026-12-20 04:00:00,781.45,486.96,27.6,46.5,37.75,21.39,Christmas Sale,Christmas Sale,1,1,140.0,0,1.7,New Year Sale
2026-12-20 05:00:00,853.25,507.95,26.7,47.72,37.8,24.11,Christmas Sale,Christmas Sale,1,1,139.0,0,1.7,New Year Sale
2026-12-20 06:00:00,1281.42,790.58,42.69,63.52,43.56,32.09,Christmas Sale,Christmas Sale,1,1,138.0,0,1.7,New Year Sale
2026-12-20 07:00:00,1257.02,787.2,43.37,64.98,44.26,31.76,Christmas Sale,Christmas Sale,1,1,137.0,0,1.7,New Year Sale
2026-12-20 08:00:00,1298.06,797.44,45.08,65.85,44.55,33.31,Christmas Sale,Christmas Sale,1,1,136.0,0,1.7,New Year Sale
2026-12-20 09:00:00,1538.4,964.53,51.8,74.41,50.41,36.34,Christmas Sale,Christmas Sale,1,1,135.0,0,1.7,New Year Sale
2026-12-20 10:00:00,1608.11,983.76,51.77,75.34,53.54,37.76,Christmas Sale,Christmas Sale,1,1,134.0,0,1.7,New Year Sale
2026-12-20 11:00:00,1622.02,992.88,54.98,73.58,50.73,37.54,Christmas Sale,Christmas Sale,1,1,133.0,0,1.7,New Year Sale
2026-12-20 12:00:00,1442.43,937.54,48.9,76.45,46.84,33.74,Christmas Sale,Christmas Sale,1,1,132.0,0,1.7,New Year Sale
2026-12-20 13:00:00,1737.94,1066.54,57.45,78.97,53.73,36.87,Christmas Sale,Christmas Sale,1,1,131.0,0,1.7,New Year Sale
2026-12-20 14:00:00,1847.73,1180.9,61.06,90.56,56.96,42.04,Christmas Sale,Christmas Sale,1,1,130.0,0,1.7,New Year Sale
2026-12-20 15:00:00,1722.28,1071.98,60.75,86.54,57.66,35.74,Christmas Sale,Christmas Sale,1,1,129.0,0,1.7,New Year Sale
2026-12-20 16:00:00,1754.77,1089.89,62.63,80.87,52.32,39.35,Christmas Sale,Christmas Sale,1,1,128.0,0,1.7,New Year Sale
2026-12-20 17:00:00,2471.25,1556.84,90.4,98.0,67.91,53.39,Christmas Sale,Christmas Sale,1,1,127.0,0,1.7,New Year Sale
2026-12-20 18:00:00,2577.06,1587.81,86.73,98.0,68.39,49.73,Christmas Sale,Christmas Sale,1,1,126.0,0,1.7,New Year Sale
2026-12-20 19:00:00,2684.73,1645.18,88.23,98.0,70.25,55.07,Christmas Sale,Christmas Sale,1,1,125.0,0,1.7,New Year Sale
2026-12-20 20:00:00,2551.89,1568.25,84.64,98.0,67.2,51.89,Christmas Sale,Christmas Sale,1,1,124.0,0,1.7,New Year Sale
2026-12-20 21:00:00,1946.1,1214.07,67.55,94.27,57.89,41.58,Christmas Sale,Christmas Sale,1,1,123.0,0,1.7,New Year Sale
2026-12-20 22:00:00,1977.05,1202.03,64.19,91.03,58.22,44.29,Christmas Sale,Christmas Sale,1,1,122.0,0,1.7,New Year Sale
2026-12-20 23:00:00,1800.61,1091.99,60.66,79.48,51.76,37.14,Christmas Sale,Christmas Sale,1,1,121.0,0,1.7,New Year Sale
2026-12-21 00:00:00,718.98,456.09,28.52,41.64,34.22,20.5,Christmas Sale,Christmas Sale,1,1,120.0,0,1.7,New Year Sale
2026-12-21 01:00:00,751.65,469.14,23.87,43.05,36.53,23.59,Christmas Sale,Christmas Sale,1,1,119.0,0,1.7,New Year Sale
2026-12-21 02:00:00,692.73,433.92,21.11,43.19,35.42,23.65,Christmas Sale,Christmas Sale,1,1,118.0,0,1.7,New Year Sale
2026-12-21 03:00:00,774.97,471.21,25.92,40.45,41.12,20.06,Christmas Sale,Christmas Sale,1,1,117.0,0,1.7,New Year Sale
2026-12-21 04:00:00,727.68,387.45,19.66,45.6,38.66,23.66,Christmas Sale,Christmas Sale,1,1,116.0,0,1.7,New Year Sale
2026-12-21 05:00:00,723.67,489.95,27.46,47.56,41.6,26.43,Christmas Sale,Christmas Sale,1,1,115.0,0,1.7,New Year Sale
2026-12-21 06:00:00,1052.02,665.01,39.38,57.9,43.45,31.2,Christmas Sale,Christmas Sale,1,1,114.0,0,1.7,New Year Sale
2026-12-21 07:00:00,1189.0,713.81,40.66,60.78,43.44,28.55,Christmas Sale,Christmas Sale,1,1,113.0,0,1.7,New Year Sale
2026-12-21 08:00:00,1142.66,682.89,34.74,56.46,39.86,27.38,Christmas Sale,Christmas Sale,1,1,112.0,0,1.7,New Year Sale
2026-12-21 09:00:00,1307.59,812.86,47.6,63.57,47.96,33.82,Christmas Sale,Christmas Sale,1,1,111.0,0,1.7,New Year Sale
2026-12-21 10:00:00,1226.99,746.94,40.33,62.38,46.0,31.34,Christmas Sale,Christmas Sale,1,1,110.0,0,1.7,New Year Sale
2026-12-21 11:00:00,1318.47,801.62,41.08,64.79,45.68,33.11,Christmas Sale,Christmas Sale,1,1,109.0,0,1.7,New Year Sale
2026-12-21 12:00:00,1428.33,877.22,48.81,68.36,46.05,32.33,Christmas Sale,Christmas Sale,1,1,108.0,0,1.7,New Year Sale
2026-12-21 13:00:00,1367.61,838.02,44.9,63.91,48.89,34.0,Christmas Sale,Christmas Sale,1,1,107.0,0,1.7,New Year Sale
2026-12-21 14:00:00,1585.32,1000.19,55.01,75.66,52.61,38.34,Christmas Sale,Christmas Sale,1,1,106.0,0,1.7,New Year Sale
2026-12-21 15:00:00,1621.86,1004.46,53.27,76.77,50.42,38.42,Christmas Sale,Christmas Sale,1,1,105.0,0,1.7,New Year Sale
2026-12-21 16:00:00,1564.81,971.47,52.65,76.74,52.45,35.17,Christmas Sale,Christmas Sale,1,1,104.0,0,1.7,New Year Sale
2026-12-21 17:00:00,2057.49,1280.13,72.78,88.91,59.92,42.36,Christmas Sale,Christmas Sale,1,1,103.0,0,1.7,New Year Sale
2026-12-21 18:00:00,2080.67,1313.3,73.53,93.36,60.95,46.2,Christmas Sale,Christmas Sale,1,1,102.0,0,1.7,New Year Sale
2026-12-21 19:00:00,2029.23,1260.23,72.14,92.13,53.27,41.36,Christmas Sale,Christmas Sale,1,1,101.0,0,1.7,New Year Sale
2026-12-21 20:00:00,2301.28,1412.86,79.95,98.0,62.65,46.09,Christmas Sale,Christmas Sale,1,1,100.0,0,1.7,New Year Sale
2026-12-21 21:00:00,1619.22,1022.87,55.05,75.98,49.31,36.71,Christmas Sale,Christmas Sale,1,1,99.0,0,1.7,New Year Sale
2026-12-21 22:00:00,1644.75,970.19,51.68,76.68,54.66,36.04,Christmas Sale,Christmas Sale,1,1,98.0,0,1.7,New Year Sale
2026-12-21 23:00:00,1707.87,1066.03,62.56,77.11,50.51,38.55,Christmas Sale,Christmas Sale,1,1,97.0,0,1.7,New Year Sale
2026-12-22 00:00:00,745.46,461.35,22.65,46.94,36.4,24.64,Christmas Sale,Christmas Sale,1,1,96.0,0,1.7,New Year Sale
2026-12-22 01:00:00,787.8,451.86,21.42,46.05,33.32,22.5,Christmas Sale,Christmas Sale,1,1,95.0,0,1.7,New Year Sale
2026-12-22 02:00:00,710.16,449.3,23.38,45.13,33.94,20.75,Christmas Sale,Christmas Sale,1,1,94.0,0,1.7,New Year Sale
2026-12-22 03:00:00,731.75,456.32,25.69,48.09,39.0,24.31,Christmas Sale,Christmas Sale,1,1,93.0,0,1.7,New Year Sale
2026-12-22 04:00:00,760.63,478.15,28.66,46.51,35.83,22.45,Christmas Sale,Christmas Sale,1,1,92.0,0,1.7,New Year Sale
2026-12-22 05:00:00,773.12,474.76,29.95,42.79,39.65,23.02,Christmas Sale,Christmas Sale,1,1,91.0,0,1.7,New Year Sale
2026-12-22 06:00:00,1077.46,635.48,31.27,58.92,41.44,29.86,Christmas Sale,Christmas Sale,1,1,90.0,0,1.7,New Year Sale
2026-12-22 07:00:00,1021.3,657.87,35.33,52.75,42.66,30.34,Christmas Sale,Christmas Sale,1,1,89.0,0,1.7,New Year Sale
2026-12-22 08:00:00,1089.77,672.04,33.46,54.29,41.12,28.28,Christmas Sale,Christmas Sale,1,1,88.0,0,1.7,New Year Sale
2026-12-22 09:00:00,1458.94,901.61,45.38,63.77,47.41,33.51,Christmas Sale,Christmas Sale,1,1,87.0,0,1.7,New Year Sale
2026-12-22 10:00:00,1405.42,835.05,43.16,67.95,50.56,28.95,Christmas Sale,Christmas Sale,1,1,86.0,0,1.7,New Year Sale
2026-12-22 11:00:00,1327.78,851.0,48.67,64.6,48.89,33.36,Christmas Sale,Christmas Sale,1,1,85.0,0,1.7,New Year Sale
2026-12-22 12:00:00,1426.44,866.79,48.26,65.5,47.15,33.08,Christmas Sale,Christmas Sale,1,1,84.0,0,1.7,New Year Sale
2026-12-22 13:00:00,1554.13,1023.73,61.42,75.53,53.38,35.37,Christmas Sale,Christmas Sale,1,1,83.0,0,1.7,New Year Sale
2026-12-22 14:00:00,1574.13,958.82,51.83,80.39,49.99,34.67,Christmas Sale,Christmas Sale,1,1,82.0,0,1.7,New Year Sale
2026-12-22 15:00:00,1466.13,889.77,46.09,70.33,49.33,34.92,Christmas Sale,Christmas Sale,1,1,81.0,0,1.7,New Year Sale
2026-12-22 16:00:00,1542.44,942.13,50.5,73.13,50.12,34.28,Christmas Sale,Christmas Sale,1,1,80.0,0,1.7,New Year Sale
2026-12-22 17:00:00,2161.71,1378.75,79.77,96.79,59.28,46.38,Christmas Sale,Christmas Sale,1,1,79.0,0,1.7,New Year Sale
2026-12-22 18:00:00,2317.7,1435.88,79.68,98.0,61.07,49.42,Christmas Sale,Christmas Sale,1,1,78.0,0,1.7,New Year Sale
2026-12-22 19:00:00,2214.51,1389.39,72.99,98.0,62.15,43.12,Christmas Sale,Christmas Sale,1,1,77.0,0,1.7,New Year Sale
2026-12-22 20:00:00,2301.36,1417.51,78.02,98.0,62.93,47.34,Christmas Sale,Christmas Sale,1,1,76.0,0,1.7,New Year Sale
2026-12-22 21:00:00,1563.34,990.91,54.73,76.21,52.21,37.01,Christmas Sale,Christmas Sale,1,1,75.0,0,1.7,New Year Sale
2026-12-22 22:00:00,1734.01,1038.33,55.45,78.81,53.85,38.76,Christmas Sale,Christmas Sale,1,1,74.0,0,1.7,New Year Sale
2026-12-22 23:00:00,1825.7,1129.58,62.85,83.58,54.54,39.82,Christmas Sale,Christmas Sale,1,1,73.0,0,1.7,New Year Sale
2026-12-23 00:00:00,702.7,432.75,23.36,42.72,32.46,22.62,Christmas Sale,Christmas Sale,1,1,72.0,0,1.7,New Year Sale
2026-12-23 01:00:00,699.31,432.03,21.57,43.16,35.29,21.55,Christmas Sale,Christmas Sale,1,1,71.0,0,1.7,New Year Sale
2026-12-23 02:00:00,741.96,469.4,25.72,46.48,35.79,24.53,Christmas Sale,Christmas Sale,1,1,70.0,0,1.7,New Year Sale
2026-12-23 03:00:00,729.84,427.52,21.91,45.99,39.56,24.11,Christmas Sale,Christmas Sale,1,1,69.0,0,1.7,New Year Sale
2026-12-23 04:00:00,710.06,475.93,27.4,45.94,39.76,22.18,Christmas Sale,Christmas Sale,1,1,68.0,0,1.7,New Year Sale
2026-12-23 05:00:00,759.65,450.62,23.57,50.86,37.92,26.96,Christmas Sale,Christmas Sale,1,1,67.0,0,1.7,New Year Sale
2026-12-23 06:00:00,1085.15,682.86,36.3,59.85,42.5,29.23,Christmas Sale,Christmas Sale,1,1,66.0,0,1.7,New Year Sale
2026-12-23 07:00:00,1042.65,643.92,35.47,55.62,41.62,24.98,Christmas Sale,Christmas Sale,1,1,65.0,0,1.7,New Year Sale
2026-12-23 08:00:00,1085.07,669.67,30.2,52.85,41.5,31.3,Christmas Sale,Christmas Sale,1,1,64.0,0,1.7,New Year Sale
2026-12-23 09:00:00,1423.48,865.38,47.21,71.09,46.97,31.46,Christmas Sale,Christmas Sale,1,1,63.0,0,1.7,New Year Sale
2026-12-23 10:00:00,1442.32,922.14,49.51,72.25,48.44,33.87,Christmas Sale,Christmas Sale,1,1,62.0,0,1.7,New Year Sale
2026-12-23 11:00:00,1462.23,889.98,50.46,69.92,48.51,33.14,Christmas Sale,Christmas Sale,1,1,61.0,0,1.7,New Year Sale
2026-12-23 12:00:00,1313.35,808.03,43.42,65.1,43.93,31.9,Christmas Sale,Christmas Sale,1,1,60.0,0,1.7,New Year Sale
2026-12-23 13:00:00,1575.37,959.9,54.28,75.92,48.37,34.48,Christmas Sale,Christmas Sale,1,1,59.0,0,1.7,New Year Sale
2026-12-23 14:00:00,1440.55,903.72,49.96,66.19,47.19,35.21,Christmas Sale,Christmas Sale,1,1,58.0,0,1.7,New Year Sale
2026-12-23 15:00:00,1552.75,992.96,52.31,75.08,48.39,37.04,Christmas Sale,Christmas Sale,1,1,57.0,0,1.7,New Year Sale
2026-12-23 16:00:00,1530.05,955.43,51.73,75.14,48.58,33.86,Christmas Sale,Christmas Sale,1,1,56.0,0,1.7,New Year Sale
2026-12-23 17:00:00,2218.85,1422.04,75.17,96.88,62.18,49.81,Christmas Sale,Christmas Sale,1,1,55.0,0,1.7,New Year Sale
2026-12-23 18:00:00,2227.76,1366.01,75.97,98.0,60.51,47.8,Christmas Sale,Christmas Sale,1,1,54.0,0,1.7,New Year Sale
2026-12-23 19:00:00,2190.36,1314.28,72.02,93.24,63.85,42.2,Christmas Sale,Christmas Sale,1,1,53.0,0,1.7,New Year Sale
2026-12-23 20:00:00,2141.14,1333.94,78.2,98.0,60.31,46.05,Christmas Sale,Christmas Sale,1,1,52.0,0,1.7,New Year Sale
2026-12-23 21:00:00,1757.92,1064.6,58.57,83.36,54.17,42.51,Christmas Sale,Christmas Sale,1,1,51.0,0,1.7,New Year Sale
2026-12-23 22:00:00,1668.53,1032.27,56.61,74.55,54.58,37.14,Christmas Sale,Christmas Sale,1,1,50.0,0,1.7,New Year Sale
2026-12-23 23:00:00,1728.58,1056.76,61.57,82.46,53.5,35.97,Christmas Sale,Christmas Sale,1,1,49.0,0,1.7,New Year Sale
2026-12-24 00:00:00,758.94,497.61,25.51,46.11,37.06,26.61,Christmas Sale,Christmas Sale,1,1,48.0,0,1.7,New Year Sale
2026-12-24 01:00:00,726.18,474.28,24.54,42.51,40.01,21.23,Christmas Sale,Christmas Sale,1,1,47.0,0,1.7,New Year Sale
2026-12-24 02:00:00,704.23,456.25,24.03,42.77,35.58,19.09,Christmas Sale,Christmas Sale,1,1,46.0,0,1.7,New Year Sale
2026-12-24 03:00:00,772.72,483.48,24.97,41.65,34.41,20.9,Christmas Sale,Christmas Sale,1,1,45.0,0,1.7,New Year Sale
2026-12-24 04:00:00,740.03,464.75,26.79,46.67,37.84,26.69,Christmas Sale,Christmas Sale,1,1,44.0,0,1.7,New Year Sale
2026-12-24 05:00:00,775.45,504.74,28.23,48.72,36.36,24.18,Christmas Sale,Christmas Sale,1,1,43.0,0,1.7,New Year Sale
2026-12-24 06:00:00,1147.9,697.77,37.12,57.68,42.42,28.52,Christmas Sale,Christmas Sale,1,1,42.0,0,1.7,New Year Sale
2026-12-24 07:00:00,1069.73,670.11,38.68,62.18,41.45,28.62,Christmas Sale,Christmas Sale,1,1,41.0,0,1.7,New Year Sale
2026-12-24 08:00:00,959.8,562.77,30.66,52.16,41.3,27.3,Christmas Sale,Christmas Sale,1,1,40.0,0,1.7,New Year Sale
2026-12-24 09:00:00,1469.03,953.44,51.95,70.65,50.28,37.7,Christmas Sale,Christmas Sale,1,1,39.0,0,1.7,New Year Sale
2026-12-24 10:00:00,1391.52,858.27,46.2,67.65,49.04,32.12,Christmas Sale,Christmas Sale,1,1,38.0,0,1.7,New Year Sale
2026-12-24 11:00:00,1326.78,837.59,44.37,66.68,46.75,32.94,Christmas Sale,Christmas Sale,1,1,37.0,0,1.7,New Year Sale
2026-12-24 12:00:00,1337.72,872.73,48.8,66.69,47.4,37.48,Christmas Sale,Christmas Sale,1,1,36.0,0,1.7,New Year Sale
2026-12-24 13:00:00,1551.65,1000.36,52.72,73.3,46.1,40.96,Christmas Sale,Christmas Sale,1,1,35.0,0,1.7,New Year Sale
2026-12-24 14:00:00,1413.29,880.6,51.91,71.36,48.78,36.58,Christmas Sale,Christmas Sale,1,1,34.0,0,1.7,New Year Sale
2026-12-24 15:00:00,1493.11,938.67,51.4,71.85,49.76,37.82,Christmas Sale,Christmas Sale,1,1,33.0,0,1.7,New Year Sale
2026-12-24 16:00:00,1665.73,1026.08,54.26,75.45,56.21,40.61,Christmas Sale,Christmas Sale,1,1,32.0,0,1.7,New Year Sale
2026-12-24 17:00:00,2075.38,1328.26,71.63,96.04,57.86,49.53,Christmas Sale,Christmas Sale,1,1,31.0,0,1.7,New Year Sale
2026-12-24 18:00:00,2132.57,1295.95,70.36,98.0,60.77,42.34,Christmas Sale,Christmas Sale,1,1,30.0,0,1.7,New Year Sale
2026-12-24 19:00:00,2108.62,1263.65,70.58,88.61,62.06,45.17,Christmas Sale,Christmas Sale,1,1,29.0,0,1.7,New Year Sale
2026-12-24 20:00:00,2184.17,1385.09,78.03,98.0,59.59,47.45,Christmas Sale,Christmas Sale,1,1,28.0,0,1.7,New Year Sale
2026-12-24 21:00:00,1742.14,1092.42,60.24,81.91,54.22,42.03,Christmas Sale,Christmas Sale,1,1,27.0,0,1.7,New Year Sale
2026-12-24 22:00:00,1598.57,966.08,53.28,72.36,51.6,33.93,Christmas Sale,Christmas Sale,1,1,26.0,0,1.7,New Year Sale
2026-12-24 23:00:00,1625.78,1059.5,57.81,75.76,51.41,40.56,Christmas Sale,Christmas Sale,1,1,25.0,0,1.7,New Year Sale
2026-12-25 00:00:00,776.18,444.7,22.92,44.78,37.13,19.92,Christmas Sale,Christmas Sale,1,1,24.0,0,1.7,New Year Sale
2026-12-25 01:00:00,679.42,394.55,18.16,40.04,37.94,20.53,Christmas Sale,Christmas Sale,1,1,23.0,0,1.7,New Year Sale
2026-12-25 02:00:00,771.67,479.18,25.99,41.57,39.46,24.21,Christmas Sale,Christmas Sale,1,1,22.0,0,1.7,New Year Sale
2026-12-25 03:00:00,673.49,427.11,22.32,42.76,35.93,25.11,Christmas Sale,Christmas Sale,1,1,21.0,0,1.7,New Year Sale
2026-12-25 04:00:00,690.79,442.59,27.0,49.74,37.84,23.79,Christmas Sale,Christmas Sale,1,1,20.0,0,1.7,New Year Sale
2026-12-25 05:00:00,742.12,498.92,26.87,48.38,41.0,24.25,Christmas Sale,Christmas Sale,1,1,19.0,0,1.7,New Year Sale
2026-12-25 06:00:00,950.93,568.06,31.83,49.08,39.47,25.61,Christmas Sale,Christmas Sale,1,1,18.0,0,1.7,New Year Sale
2026-12-25 07:00:00,1087.07,650.33,34.6,59.48,41.52,29.71,Christmas Sale,Christmas Sale,1,1,17.0,0,1.7,New Year Sale
2026-12-25 08:00:00,1058.15,655.47,37.53,51.31,42.88,29.49,Christmas Sale,Christmas Sale,1,1,16.0,0,1.7,New Year Sale
2026-12-25 09:00:00,1441.43,884.3,48.64,63.19,47.16,34.46,Christmas Sale,Christmas Sale,1,1,15.0,0,1.7,New Year Sale
2026-12-25 10:00:00,1484.45,966.5,52.47,75.55,48.94,32.93,Christmas Sale,Christmas Sale,1,1,14.0,0,1.7,New Year Sale
2026-12-25 11:00:00,1424.6,929.03,50.33,68.94,48.35,34.98,Christmas Sale,Christmas Sale,1,1,13.0,0,1.7,New Year Sale
2026-12-25 12:00:00,1563.22,994.34,54.95,68.01,50.29,40.56,Christmas Sale,Christmas Sale,1,1,12.0,0,1.7,New Year Sale
2026-12-25 13:00:00,1551.63,982.56,54.82,73.41,53.76,36.94,Christmas Sale,Christmas Sale,1,1,11.0,0,1.7,New Year Sale
2026-12-25 14:00:00,1490.82,924.85,53.72,67.85,49.88,35.27,Christmas Sale,Christmas Sale,1,1,10.0,0,1.7,New Year Sale
2026-12-25 15:00:00,1426.44,903.56,50.21,72.27,50.53,34.48,Christmas Sale,Christmas Sale,1,1,9.0,0,1.7,New Year Sale
2026-12-25 16:00:00,1502.51,895.94,47.99,70.36,47.62,35.57,Christmas Sale,Christmas Sale,1,1,8.0,0,1.7,New Year Sale
2026-12-25 17:00:00,2096.95,1256.04,67.93,91.76,57.13,41.62,Christmas Sale,Christmas Sale,1,1,7.0,0,1.7,New Year Sale
2026-12-25 18:00:00,2126.96,1306.24,72.44,95.39,59.21,42.58,Christmas Sale,Christmas Sale,1,1,6.0,0,1.7,New Year Sale
2026-12-25 19:00:00,2211.17,1383.87,79.34,98.0,59.07,46.31,Christmas Sale,Christmas Sale,1,1,5.0,0,1.7,New Year Sale
2026-12-25 20:00:00,2246.25,1371.42,74.73,98.0,62.69,46.29,Christmas Sale,Christmas Sale,1,1,4.0,0,1.7,New Year Sale
2026-12-25 21:00:00,1652.31,988.29,53.73,75.46,49.15,36.8,Christmas Sale,Christmas Sale,1,1,3.0,0,1.7,New Year Sale
2026-12-25 22:00:00,1741.61,1062.5,59.24,80.43,53.0,37.73,Christmas Sale,Christmas Sale,1,1,2.0,0,1.7,New Year Sale
2026-12-25 23:00:00,1679.75,1020.04,56.79,75.23,50.99,38.5,Christmas Sale,Christmas Sale,1,1,1.0,0,1.7,New Year Sale
2026-12-26 00:00:00,783.11,487.07,23.37,44.87,40.67,20.62,New Year Sale,New Year Sale,1,0,-1.0,0,1.6,
2026-12-26 01:00:00,862.05,541.0,28.69,48.73,41.12,20.97,New Year Sale,New Year Sale,1,0,-1.0,0,1.6,
2026-12-26 02:00:00,848.8,532.9,31.33,44.4,37.97,20.67,New Year Sale,New Year Sale,1,0,-1.0,0,1.6,
2026-12-26 03:00:00,840.17,496.34,25.3,42.22,39.17,24.55,New Year Sale,New Year Sale,1,0,-1.0,0,1.6,
2026-12-26 04:00:00,763.06,479.67,24.82,41.29,36.24,27.28,New Year Sale,New Year Sale,1,0,-1.0,0,1.6,
2026-12-26 05:00:00,831.21,526.74,29.46,47.44,39.6,26.3,New Year Sale,New Year Sale,1,0,-1.0,0,1.6,
2026-12-26 06:00:00,1140.26,711.94,35.94,57.96,41.0,27.37,New Year Sale,New Year Sale,1,0,-1.0,0,1.6,
2026-12-26 07:00:00,1171.94,694.99,39.76,61.23,43.8,28.16,New Year Sale,New Year Sale,1,0,-1.0,0,1.6,
2026-12-26 08:00:00,1204.04,760.31,44.21,59.14,43.95,30.57,New Year Sale,New Year Sale,1,0,-1.0,0,1.6,
2026-12-26 09:00:00,1513.01,953.69,52.73,76.36,48.97,33.74,New Year Sale,New Year Sale,1,0,-1.0,0,1.6,
2026-12-26 10:00:00,1447.49,877.69,47.36,68.4,48.15,34.41,New Year Sale,New Year Sale,1,0,-1.0,0,1.6,
2026-12-26 11:00:00,1462.81,933.16,47.45,66.13,50.87,37.17,New Year Sale,New Year Sale,1,0,-1.0,0,1.6,
2026-12-26 12:00:00,1590.09,1001.77,55.1,75.15,47.83,37.34,New Year Sale,New Year Sale,1,0,-1.0,0,1.6,
2026-12-26 13:00:00,1553.26,1024.67,54.29,76.35,53.42,36.88,New Year Sale,New Year Sale,1,0,-1.0,0,1.6,
2026-12-26 14:00:00,1643.42,954.25,49.86,75.49,55.28,34.07,New Year Sale,New Year Sale,1,0,-1.0,0,1.6,
2026-12-26 15:00:00,1689.94,1115.48,62.48,84.16,51.2,42.99,New Year Sale,New Year Sale,1,0,-1.0,0,1.6,
2026-12-26 16:00:00,1615.55,979.94,56.86,73.43,51.46,39.75,New Year Sale,New Year Sale,1,0,-1.0,0,1.6,
2026-12-26 17:00:00,2269.41,1401.12,75.84,98.0,62.66,49.71,New Year Sale,New Year Sale,1,0,-1.0,0,1.6,
2026-12-26 18:00:00,2573.38,1599.39,86.51,98.0,67.76,52.06,New Year Sale,New Year Sale,1,0,-1.0,0,1.6,
2026-12-26 19:00:00,2255.42,1357.93,74.65,94.48,61.28,48.91,New Year Sale,New Year Sale,1,0,-1.0,0,1.6,
2026-12-26 20:00:00,2369.76,1496.93,82.92,98.0,63.19,51.73,New Year Sale,New Year Sale,1,0,-1.0,0,1.6,
2026-12-26 21:00:00,1878.38,1157.99,64.31,83.35,55.35,40.84,New Year Sale,New Year Sale,1,0,-1.0,0,1.6,
2026-12-26 22:00:00,1801.02,1155.6,62.73,89.62,54.75,40.42,New Year Sale,New Year Sale,1,0,-1.0,0,1.6,
2026-12-26 23:00:00,1802.99,1128.41,63.85,76.86,54.66,36.23,New Year Sale,New Year Sale,1,0,-1.0,0,1.6,
2026-12-27 00:00:00,832.0,540.83,29.83,49.51,35.28,24.43,New Year Sale,New Year Sale,1,0,-1.0,0,1.6,
2026-12-27 01:00:00,768.79,465.42,27.34,48.3,38.29,22.99,New Year Sale,New Year Sale,1,0,-1.0,0,1.6,
2026-12-27 02:00:00,763.48,475.62,26.75,44.96,35.66,25.12,New Year Sale,New Year Sale,1,0,-1.0,0,1.6,
2026-12-27 03:00:00,821.36,476.44,25.44,47.96,39.94,24.04,New Year Sale,New Year Sale,1,0,-1.0,0,1.6,
2026-12-27 04:00:00,807.55,507.0,29.79,44.5,38.26,22.9,New Year Sale,New Year Sale,1,0,-1.0,0,1.6,
2026-12-27 05:00:00,836.21,491.99,27.88,44.62,39.72,25.18,New Year Sale,New Year Sale,1,0,-1.0,0,1.6,
2026-12-27 06:00:00,1159.27,767.77,40.82,64.14,46.05,33.05,New Year Sale,New Year Sale,1,0,-1.0,0,1.6,
2026-12-27 07:00:00,1106.74,680.32,36.21,56.72,41.13,28.28,New Year Sale,New Year Sale,1,0,-1.0,0,1.6,
2026-12-27 08:00:00,1229.6,754.37,41.7,59.97,44.87,32.51,New Year Sale,New Year Sale,1,0,-1.0,0,1.6,
2026-12-27 09:00:00,1534.67,986.95,51.86,72.8,49.26,39.72,New Year Sale,New Year Sale,1,0,-1.0,0,1.6,
2026-12-27 10:00:00,1520.39,907.22,52.08,71.26,51.63,37.85,New Year Sale,New Year Sale,1,0,-1.0,0,1.6,
2026-12-27 11:00:00,1424.79,922.95,50.61,69.9,48.53,32.69,New Year Sale,New Year Sale,1,0,-1.0,0,1.6,
2026-12-27 12:00:00,1496.52,921.77,48.82,69.84,51.72,34.69,New Year Sale,New Year Sale,1,0,-1.0,0,1.6,
2026-12-27 13:00:00,1592.15,998.34,56.44,75.66,48.6,31.87,New Year Sale,New Year Sale,1,0,-1.0,0,1.6,
2026-12-27 14:00:00,1598.84,1017.64,57.9,74.59,50.71,38.84,New Year Sale,New Year Sale,1,0,-1.0,0,1.6,
2026-12-27 15:00:00,1662.66,1054.26,57.79,79.95,51.62,36.79,New Year Sale,New Year Sale,1,0,-1.0,0,1.6,
2026-12-27 16:00:00,1771.83,1060.99,57.15,79.68,55.84,36.77,New Year Sale,New Year Sale,1,0,-1.0,0,1.6,
2026-12-27 17:00:00,2394.28,1449.79,80.62,98.0,60.78,46.79,New Year Sale,New Year Sale,1,0,-1.0,0,1.6,
2026-12-27 18:00:00,2478.76,1610.42,89.75,98.0,65.84,49.81,New Year Sale,New Year Sale,1,0,-1.0,0,1.6,
2026-12-27 19:00:00,2474.97,1560.64,88.65,98.0,64.46,54.01,New Year Sale,New Year Sale,1,0,-1.0,0,1.6,
2026-12-27 20:00:00,2543.46,1552.25,84.62,98.0,66.73,50.87,New Year Sale,New Year Sale,1,0,-1.0,0,1.6,
2026-12-27 21:00:00,1714.56,1034.97,56.74,76.54,50.85,37.25,New Year Sale,New Year Sale,1,0,-1.0,0,1.6,
2026-12-27 22:00:00,1769.29,1097.66,62.36,80.8,53.23,41.59,New Year Sale,New Year Sale,1,0,-1.0,0,1.6,
2026-12-27 23:00:00,1918.35,1209.33,61.47,86.65,55.47,40.58,New Year Sale,New Year Sale,1,0,-1.0,0,1.6,
2026-12-28 00:00:00,726.28,436.71,21.24,44.08,36.33,21.07,New Year Sale,New Year Sale,1,0,-1.0,0,1.6,
2026-12-28 01:00:00,725.05,462.8,26.51,45.84,38.51,23.26,New Year Sale,New Year Sale,1,0,-1.0,0,1.6,
2026-12-28 02:00:00,647.11,396.03,18.47,38.34,38.24,19.7,New Year Sale,New Year Sale,1,0,-1.0,0,1.6,
2026-12-28 03:00:00,649.44,419.39,24.79,37.9,35.54,21.39,New Year Sale,New Year Sale,1,0,-1.0,0,1.6,
2026-12-28 04:00:00,701.34,427.26,20.77,41.63,37.17,26.57,New Year Sale,New Year Sale,1,0,-1.0,0,1.6,
2026-12-28 05:00:00,703.39,426.33,21.09,42.42,35.2,23.27,New Year Sale,New Year Sale,1,0,-1.0,0,1.6,
2026-12-28 06:00:00,993.61,628.02,33.82,58.48,42.06,26.29,New Year Sale,New Year Sale,1,0,-1.0,0,1.6,
2026-12-28 07:00:00,1046.46,619.91,32.39,52.26,44.45,27.14,New Year Sale,New Year Sale,1,0,-1.0,0,1.6,
2026-12-28 08:00:00,965.25,602.56,34.22,56.81,37.42,29.59,New Year Sale,New Year Sale,1,0,-1.0,0,1.6,
2026-12-28 09:00:00,1168.51,747.13,43.42,64.01,45.0,28.55,New Year Sale,New Year Sale,1,0,-1.0,0,1.6,
2026-12-28 10:00:00,1351.9,811.49,42.75,64.19,46.25,32.77,New Year Sale,New Year Sale,1,0,-1.0,0,1.6,
2026-12-28 11:00:00,1257.9,788.14,40.6,63.63,44.84,33.73,New Year Sale,New Year Sale,1,0,-1.0,0,1.6,
2026-12-28 12:00:00,1375.84,848.77,42.76,63.52,49.64,32.93,New Year Sale,New Year Sale,1,0,-1.0,0,1.6,
2026-12-28 13:00:00,1583.92,1004.45,55.75,76.19,48.63,35.85,New Year Sale,New Year Sale,1,0,-1.0,0,1.6,
2026-12-28 14:00:00,1486.85,913.22,51.16,73.56,48.92,33.97,New Year Sale,New Year Sale,1,0,-1.0,0,1.6,
2026-12-28 15:00:00,1391.26,883.45,50.1,74.35,48.01,33.89,New Year Sale,New Year Sale,1,0,-1.0,0,1.6,
2026-12-28 16:00:00,1490.57,916.95,48.66,71.41,50.26,35.97,New Year Sale,New Year Sale,1,0,-1.0,0,1.6,
2026-12-28 17:00:00,2115.77,1338.37,74.65,95.83,57.44,45.95,New Year Sale,New Year Sale,1,0,-1.0,0,1.6,
2026-12-28 18:00:00,2052.13,1244.28,69.44,91.71,59.74,44.22,New Year Sale,New Year Sale,1,0,-1.0,0,1.6,
2026-12-28 19:00:00,2082.64,1285.07,74.22,92.86,54.32,39.27,New Year Sale,New Year Sale,1,0,-1.0,0,1.6,
2026-12-28 20:00:00,2194.51,1314.75,71.22,91.68,60.7,45.64,New Year Sale,New Year Sale,1,0,-1.0,0,1.6,
2026-12-28 21:00:00,1556.35,944.55,53.41,79.54,51.54,33.79,New Year Sale,New Year Sale,1,0,-1.0,0,1.6,
2026-12-28 22:00:00,1679.97,1085.19,61.81,76.41,53.62,38.21,New Year Sale,New Year Sale,1,0,-1.0,0,1.6,
2026-12-28 23:00:00,1614.08,991.38,56.01,74.64,54.28,36.78,New Year Sale,New Year Sale,1,0,-1.0,0,1.6,
2026-12-29 00:00:00,682.54,437.47,24.78,44.65,35.34,25.61,New Year Sale,New Year Sale,1,0,-1.0,0,1.6,
2026-12-29 01:00:00,724.43,448.84,26.33,43.34,37.46,24.87,New Year Sale,New Year Sale,1,0,-1.0,0,1.6,
2026-12-29 02:00:00,698.87,412.8,20.32,42.9,34.43,24.43,New Year Sale,New Year Sale,1,0,-1.0,0,1.6,
2026-12-29 03:00:00,638.18,428.6,23.68,40.26,33.95,22.31,New Year Sale,New Year Sale,1,0,-1.0,0,1.6,
2026-12-29 04:00:00,706.92,407.66,20.5,41.19,35.96,23.62,New Year Sale,New Year Sale,1,0,-1.0,0,1.6,
2026-12-29 05:00:00,699.55,423.98,23.79,43.09,35.39,22.83,New Year Sale,New Year Sale,1,0,-1.0,0,1.6,
2026-12-29 06:00:00,889.77,575.0,32.72,54.74,37.5,27.52,New Year Sale,New Year Sale,1,0,-1.0,0,1.6,
2026-12-29 07:00:00,902.07,515.14,27.86,46.95,41.43,27.24,New Year Sale,New Year Sale,1,0,-1.0,0,1.6,
2026-12-29 08:00:00,1061.02,672.78,38.29,53.56,44.84,31.32,New Year Sale,New Year Sale,1,0,-1.0,0,1.6,
2026-12-29 09:00:00,1213.85,764.29,40.94,66.73,42.69,31.29,New Year Sale,New Year Sale,1,0,-1.0,0,1.6,
2026-12-29 10:00:00,1315.93,814.55,49.1,69.41,43.1,33.34,New Year Sale,New Year Sale,1,0,-1.0,0,1.6,
2026-12-29 11:00:00,1303.07,828.76,46.01,63.69,44.08,31.92,New Year Sale,New Year Sale,1,0,-1.0,0,1.6,
2026-12-29 12:00:00,1295.95,808.34,43.32,69.01,47.1,33.96,New Year Sale,New Year Sale,1,0,-1.0,0,1.6,
2026-12-29 13:00:00,1447.09,871.26,49.69,66.3,44.55,34.91,New Year Sale,New Year Sale,1,0,-1.0,0,1.6,
2026-12-29 14:00:00,1402.15,860.97,48.74,65.64,44.63,35.96,New Year Sale,New Year Sale,1,0,-1.0,0,1.6,
2026-12-29 15:00:00,1452.95,932.26,52.53,73.21,49.03,35.63,New Year Sale,New Year Sale,1,0,-1.0,0,1.6,
2026-12-29 16:00:00,1539.86,975.08,52.45,75.43,48.94,35.75,New Year Sale,New Year Sale,1,0,-1.0,0,1.6,
2026-12-29 17:00:00,2129.61,1304.5,72.04,94.69,59.52,46.05,New Year Sale,New Year Sale,1,0,-1.0,0,1.6,
2026-12-29 18:00:00,2025.26,1279.23,70.62,92.2,56.63,43.51,New Year Sale,New Year Sale,1,0,-1.0,0,1.6,
2026-12-29 19:00:00,2090.93,1321.99,72.07,96.77,58.03,45.72,New Year Sale,New Year Sale,1,0,-1.0,0,1.6,
2026-12-29 20:00:00,2018.29,1289.94,73.67,92.91,57.24,41.21,New Year Sale,New Year Sale,1,0,-1.0,0,1.6,
2026-12-29 21:00:00,1641.05,1022.64,57.96,73.48,52.18,38.42,New Year Sale,New Year Sale,1,0,-1.0,0,1.6,
2026-12-29 22:00:00,1537.96,956.45,51.15,71.28,49.08,35.38,New Year Sale,New Year Sale,1,0,-1.0,0,1.6,
2026-12-29 23:00:00,1710.35,1052.37,56.19,81.07,55.13,39.95,New Year Sale,New Year Sale,1,0,-1.0,0,1.6,
2026-12-30 00:00:00,737.85,462.27,25.74,42.95,39.34,23.37,New Year Sale,New Year Sale,1,0,-1.0,0,1.6,
2026-12-30 01:00:00,680.09,411.83,23.92,42.18,35.94,21.65,New Year Sale,New Year Sale,1,0,-1.0,0,1.6,
2026-12-30 02:00:00,683.72,420.21,25.95,37.88,36.52,24.68,New Year Sale,New Year Sale,1,0,-1.0,0,1.6,
2026-12-30 03:00:00,627.09,387.01,23.25,38.55,35.2,19.81,New Year Sale,New Year Sale,1,0,-1.0,0,1.6,
2026-12-30 04:00:00,691.71,460.8,28.74,44.91,33.2,22.9,New Year Sale,New Year Sale,1,0,-1.0,0,1.6,
2026-12-30 05:00:00,627.96,381.99,22.94,36.81,34.26,19.92,New Year Sale,New Year Sale,1,0,-1.0,0,1.6,
2026-12-30 06:00:00,1086.95,683.87,39.31,58.2,44.0,31.26,New Year Sale,New Year Sale,1,0,-1.0,0,1.6,
2026-12-30 07:00:00,999.4,606.35,31.48,57.68,42.63,22.71,New Year Sale,New Year Sale,1,0,-1.0,0,1.6,
2026-12-30 08:00:00,985.29,621.28,37.51,51.08,41.6,26.73,New Year Sale,New Year Sale,1,0,-1.0,0,1.6,
2026-12-30 09:00:00,1226.34,793.97,41.74,65.97,41.66,30.87,New Year Sale,New Year Sale,1,0,-1.0,0,1.6,
2026-12-30 10:00:00,1341.72,849.78,47.61,69.44,46.23,36.03,New Year Sale,New Year Sale,1,0,-1.0,0,1.6,
2026-12-30 11:00:00,1327.67,841.52,47.01,67.72,44.57,31.15,New Year Sale,New Year Sale,1,0,-1.0,0,1.6,
2026-12-30 12:00:00,1269.11,799.71,42.81,63.4,45.43,34.83,New Year Sale,New Year Sale,1,0,-1.0,0,1.6,
2026-12-30 13:00:00,1501.81,894.59,49.52,69.51,49.07,34.37,New Year Sale,New Year Sale,1,0,-1.0,0,1.6,
2026-12-30 14:00:00,1539.93,934.42,51.8,73.1,49.74,34.08,New Year Sale,New Year Sale,1,0,-1.0,0,1.6,
2026-12-30 15:00:00,1402.81,859.23,48.73,66.99,47.65,31.17,New Year Sale,New Year Sale,1,0,-1.0,0,1.6,
2026-12-30 16:00:00,1423.29,888.17,45.52,71.97,47.01,37.73,New Year Sale,New Year Sale,1,0,-1.0,0,1.6,
2026-12-30 17:00:00,2115.21,1265.56,70.16,91.08,60.54,46.87,New Year Sale,New Year Sale,1,0,-1.0,0,1.6,
2026-12-30 18:00:00,2144.73,1324.09,70.03,96.92,61.48,47.42,New Year Sale,New Year Sale,1,0,-1.0,0,1.6,
2026-12-30 19:00:00,2056.91,1282.66,70.05,92.39,55.94,44.7,New Year Sale,New Year Sale,1,0,-1.0,0,1.6,
2026-12-30 20:00:00,2111.32,1296.42,72.52,95.41,62.69,42.37,New Year Sale,New Year Sale,1,0,-1.0,0,1.6,
2026-12-30 21:00:00,1665.26,1065.91,57.92,82.78,50.86,38.79,New Year Sale,New Year Sale,1,0,-1.0,0,1.6,
2026-12-30 22:00:00,1472.19,866.07,44.53,72.3,47.48,32.11,New Year Sale,New Year Sale,1,0,-1.0,0,1.6,
2026-12-30 23:00:00,1644.22,1000.83,57.46,80.85,47.51,38.06,New Year Sale,New Year Sale,1,0,-1.0,0,1.6,
2026-12-31 00:00:00,619.71,350.21,20.22,36.36,35.06,20.82,New Year Sale,New Year Sale,1,0,-1.0,0,1.6,
2026-12-31 01:00:00,633.95,409.49,23.12,41.6,33.48,23.02,New Year Sale,New Year Sale,1,0,-1.0,0,1.6,
2026-12-31 02:00:00,646.19,375.44,21.29,42.64,34.03,22.3,New Year Sale,New Year Sale,1,0,-1.0,0,1.6,
2026-12-31 03:00:00,697.96,443.1,22.99,43.15,35.79,26.07,New Year Sale,New Year Sale,1,0,-1.0,0,1.6,
2026-12-31 04:00:00,652.73,369.6,26.33,40.63,36.19,22.52,New Year Sale,New Year Sale,1,0,-1.0,0,1.6,
2026-12-31 05:00:00,717.55,467.36,27.26,47.59,36.53,25.83,New Year Sale,New Year Sale,1,0,-1.0,0,1.6,
2026-12-31 06:00:00,1092.35,682.15,38.48,55.99,42.24,29.76,New Year Sale,New Year Sale,1,0,-1.0,0,1.6,
2026-12-31 07:00:00,978.52,609.0,34.18,57.03,38.91,28.07,New Year Sale,New Year Sale,1,0,-1.0,0,1.6,
2026-12-31 08:00:00,967.8,619.19,35.75,57.8,39.6,27.77,New Year Sale,New Year Sale,1,0,-1.0,0,1.6,
2026-12-31 09:00:00,1357.47,858.1,42.22,65.76,48.22,33.03,New Year Sale,New Year Sale,1,0,-1.0,0,1.6,
2026-12-31 10:00:00,1357.95,867.98,47.31,69.42,50.0,35.74,New Year Sale,New Year Sale,1,0,-1.0,0,1.6,
2026-12-31 11:00:00,1254.72,773.3,42.59,60.5,47.47,30.04,New Year Sale,New Year Sale,1,0,-1.0,0,1.6,
2026-12-31 12:00:00,1298.39,831.8,44.85,64.98,46.75,31.98,New Year Sale,New Year Sale,1,0,-1.0,0,1.6,
2026-12-31 13:00:00,1570.3,950.7,47.7,75.45,49.98,34.15,New Year Sale,New Year Sale,1,0,-1.0,0,1.6,
2026-12-31 14:00:00,1486.53,932.13,49.74,74.81,50.99,39.25,New Year Sale,New Year Sale,1,0,-1.0,0,1.6,
2026-12-31 15:00:00,1425.09,887.46,49.28,68.52,49.03,35.14,New Year Sale,New Year Sale,1,0,-1.0,0,1.6,
2026-12-31 16:00:00,1493.46,917.78,50.06,69.83,47.89,34.82,New Year Sale,New Year Sale,1,0,-1.0,0,1.6,
2026-12-31 17:00:00,2229.82,1433.46,81.47,98.0,62.72,43.74,New Year Sale,New Year Sale,1,0,-1.0,0,1.6,
2026-12-31 18:00:00,2056.59,1265.37,73.34,92.05,59.06,43.5,New Year Sale,New Year Sale,1,0,-1.0,0,1.6,
2026-12-31 19:00:00,2042.51,1279.65,69.06,93.3,61.59,44.22,New Year Sale,New Year Sale,1,0,-1.0,0,1.6,
2026-12-31 20:00:00,2040.08,1262.97,71.86,91.5,57.46,45.19,New Year Sale,New Year Sale,1,0,-1.0,0,1.6,
2026-12-31 21:00:00,1554.78,958.13,53.16,71.54,46.86,36.85,New Year Sale,New Year Sale,1,0,-1.0,0,1.6,
2026-12-31 22:00:00,1435.39,866.78,49.23,69.54,48.09,31.88,New Year Sale,New Year Sale,1,0,-1.0,0,1.6,
2026-12-31 23:00:00,1577.32,992.35,54.31,72.19,49.05,35.94,New Year Sale,New Year Sale,1,0,-1.0,0,1.6,
